context	direction	GO_ID	GO_term	observed_hits	observed_genes	null_mean_hits	null_sd	fold_vs_window_null	empirical_p	null_ge_observed	n_observed_genes	nperm	FDR_BH
CG	gain	GO:0000041	transition metal ion transport	3	AT1G74770;AT2G07681;AT4G13590	8.275	2.740323885966765	0.36253776435045315	0.9950248756218906	199	693	200	1.0
CG	gain	GO:0000105	L-histidine biosynthetic process	3	AT1G58080;AT1G71920;AT4G39120	1.195	1.0568703799425925	2.510460251046025	0.12935323383084577	25	693	200	1.0
CG	gain	GO:0000160	phosphorelay signal transduction system	5	AT1G66340;AT2G25180;AT2G46790;AT3G23150;AT5G10720	10.965	3.0139301584476046	0.45599635202918376	0.9850746268656716	197	693	200	1.0
CG	gain	GO:0000226	microtubule cytoskeleton organization	3	AT1G54960;AT3G05750;AT5G16730	16.55	3.574562910343022	0.18126888217522658	1.0	200	693	200	1.0
CG	gain	GO:0000271	polysaccharide biosynthetic process	13	AT1G06490;AT1G32180;AT1G51630;AT2G21590;AT2G44610;AT3G01180;AT3G59100;AT4G02130;AT4G16120;AT4G18780;AT4G33330;AT5G05170;AT5G65685	27.97	4.765406593355916	0.46478369681801934	1.0	200	693	200	1.0
CG	gain	GO:0000272	polysaccharide catabolic process	8	AT1G11590;AT1G68560;AT2G36710;AT3G10900;AT4G03930;AT5G01930;AT5G07420;AT5G18990	14.785	3.87024224048056	0.5410889414947582	0.9850746268656716	197	693	200	1.0
CG	gain	GO:0000278	mitotic cell cycle	6	AT2G38185;AT2G38220;AT3G05750;AT3G12280;AT5G05170;AT5G49160	14.36	3.474248120097355	0.4178272980501393	1.0	200	693	200	1.0
CG	gain	GO:0000280	nuclear division	6	AT1G50240;AT1G53490;AT2G01990;AT3G12280;AT3G48190;AT5G39770	17.88	3.536325776848057	0.33557046979865773	1.0	200	693	200	1.0
CG	gain	GO:0000302	response to reactive oxygen species	6	AT1G22770;AT1G66950;AT3G17790;AT3G17800;AT3G29035;AT5G10720	14.075	3.4393858463394342	0.4262877442273535	0.9950248756218906	199	693	200	1.0
CG	gain	GO:0000375	RNA splicing, via transesterification reactions	3	AT1G44910;AT3G16010;AT5G64200	15.375	3.5460365198345043	0.1951219512195122	1.0	200	693	200	1.0
CG	gain	GO:0000377	RNA splicing, via transesterification reactions with bulged adenosine as nucleophile	3	AT1G44910;AT3G16010;AT5G64200	15.375	3.5460365198345043	0.1951219512195122	1.0	200	693	200	1.0
CG	gain	GO:0000723	telomere maintenance	3	AT1G79950;AT3G48190;AT5G40820	3.415	1.5371320697975177	0.8784773060029283	0.7313432835820896	146	693	200	1.0
CG	gain	GO:0000724	double-strand break repair via homologous recombination	4	AT2G19480;AT3G48190;AT5G01630;AT5G39770	7.525	2.1678041885742347	0.5315614617940199	0.9950248756218906	199	693	200	1.0
CG	gain	GO:0000725	recombinational repair	5	AT1G79950;AT2G19480;AT3G48190;AT5G01630;AT5G39770	7.82	2.2288113423975564	0.639386189258312	0.9253731343283582	185	693	200	1.0
CG	gain	GO:0000902	cell morphogenesis	10	AT1G21210;AT1G54490;AT2G25630;AT3G02260;AT3G12280;AT3G56640;AT4G02650;AT4G19600;AT5G17020;AT5G49680	44.285	5.743150267927906	0.2258100937111889	1.0	200	693	200	1.0
CG	gain	GO:0000910	cytokinesis	6	AT1G50240;AT3G01780;AT3G05750;AT4G08630;AT5G05170;AT5G49160	13.295	3.253916870480867	0.45129748025573524	0.9950248756218906	199	693	200	1.0
CG	gain	GO:0000911	cytokinesis by cell plate formation	4	AT1G50240;AT3G01780;AT3G05750;AT4G08630	10.14	2.922396277030203	0.3944773175542406	1.0	200	693	200	1.0
CG	gain	GO:0001101	response to acid chemical	14	AT1G44170;AT1G49230;AT2G04030;AT2G18960;AT2G24720;AT2G25180;AT3G13380;AT3G45140;AT3G46620;AT4G18780;AT4G27010;AT5G19000;AT5G26340;AT5G37500	46.54	6.568744172214354	0.30081650193382037	1.0	200	693	200	1.0
CG	gain	GO:0001558	regulation of cell growth	7	AT1G28270;AT1G50030;AT2G44610;AT3G12280;AT4G39110;AT5G44585;AT5G54310	13.88	3.3385026583784536	0.5043227665706052	0.9900497512437811	198	693	200	1.0
CG	gain	GO:0001666	response to hypoxia	8	AT1G17290;AT1G23310;AT2G01150;AT2G26560;AT2G34390;AT3G23150;AT4G34131;AT5G25250	18.465	3.6984827970398855	0.4332520985648524	1.0	200	693	200	1.0
CG	gain	GO:0002237	response to molecule of bacterial origin	4	AT1G66340;AT1G66730;AT5G10720;AT5G42950	6.57	2.484974848967289	0.60882800608828	0.9054726368159204	181	693	200	1.0
CG	gain	GO:0002376	immune system process	8	AT1G64790;AT2G26560;AT3G45430;AT3G49500;AT4G36280;AT5G03320;AT5G35450;AT5G43560	24.035	4.073545752780977	0.3328479301019347	1.0	200	693	200	1.0
CG	gain	GO:0002682	regulation of immune system process	5	AT3G23780;AT3G45430;AT5G03320;AT5G51450;AT5G60120	14.34	3.2656392942270935	0.3486750348675035	1.0	200	693	200	1.0
CG	gain	GO:0002684	positive regulation of immune system process	3	AT3G45430;AT5G03320;AT5G51450	8.59	2.5498823502271644	0.3492433061699651	1.0	200	693	200	1.0
CG	gain	GO:0002831	regulation of response to biotic stimulus	11	AT1G50030;AT2G28290;AT3G45430;AT3G59700;AT4G36280;AT5G03320;AT5G22330;AT5G44585;AT5G51450;AT5G53060;AT5G60120	23.715	4.119924149787232	0.4638414505587181	1.0	200	693	200	1.0
CG	gain	GO:0002832	negative regulation of response to biotic stimulus	3	AT1G50030;AT3G59700;AT5G60120	6.07	1.911831582540679	0.4942339373970346	0.9751243781094527	195	693	200	1.0
CG	gain	GO:0002833	positive regulation of response to biotic stimulus	4	AT3G45430;AT4G36280;AT5G03320;AT5G51450	12.68	3.1792451934382147	0.31545741324921134	1.0	200	693	200	1.0
CG	gain	GO:0003002	regionalization	8	AT1G19850;AT1G23420;AT1G27340;AT2G06990;AT3G05040;AT3G22760;AT4G17220;AT5G24740	20.785	4.1083786339625465	0.38489295164782295	1.0	200	693	200	1.0
CG	gain	GO:0003006	developmental process involved in reproduction	55	AT1G10390;AT1G19850;AT1G21650;AT1G22770;AT1G23420;AT1G29760;AT1G36160;AT1G43620;AT1G50030;AT1G53580;AT1G66340;AT1G66650;AT1G66730;AT1G73177;AT2G01280;AT2G02240;AT2G06990;AT2G25630;AT2G26890;AT2G28290;AT2G31215;AT2G33860;AT2G34260;AT2G34380;AT2G35510;AT2G42830;AT2G48130;AT3G02260;AT3G07050;AT3G07610;AT3G12280;AT3G22960;AT3G27670;AT3G46330;AT3G49240;AT3G49500;AT3G56640;AT3G59420;AT4G02650;AT4G13610;AT4G15180;AT4G19180;AT4G32880;AT4G38350;AT5G04920;AT5G13680;AT5G16750;AT5G17020;AT5G17690;AT5G23040;AT5G40360;AT5G49160;AT5G49680;AT5G52920;AT5G54310	158.65	10.987151587194873	0.34667507091080996	1.0	200	693	200	1.0
CG	gain	GO:0005975	carbohydrate metabolic process	50	AT1G06490;AT1G07110;AT1G11590;AT1G17150;AT1G22650;AT1G31740;AT1G32180;AT1G43620;AT1G51630;AT1G68560;AT1G71930;AT2G04062;AT2G15470;AT2G16730;AT2G18800;AT2G21590;AT2G25630;AT2G28760;AT2G31865;AT2G36710;AT2G44610;AT2G46740;AT3G01180;AT3G06500;AT3G10900;AT3G16910;AT3G22960;AT3G42153;AT3G59100;AT3G60140;AT4G02130;AT4G03930;AT4G09740;AT4G16120;AT4G18180;AT4G18780;AT4G26140;AT4G28850;AT4G33330;AT5G01930;AT5G05170;AT5G07420;AT5G14950;AT5G18990;AT5G20280;AT5G26120;AT5G42260;AT5G52920;AT5G61410;AT5G65685	96.515	8.782925196083571	0.5180541884681138	1.0	200	693	200	1.0
CG	gain	GO:0005976	polysaccharide metabolic process	24	AT1G06490;AT1G11590;AT1G32180;AT1G51630;AT1G68560;AT1G71930;AT2G18800;AT2G21590;AT2G36710;AT2G44610;AT3G01180;AT3G10900;AT3G59100;AT4G02130;AT4G03930;AT4G16120;AT4G18780;AT4G28850;AT4G33330;AT5G01930;AT5G05170;AT5G07420;AT5G18990;AT5G65685	48.095	6.4781150807931835	0.499012371348373	1.0	200	693	200	1.0
CG	gain	GO:0005982	starch metabolic process	3	AT2G21590;AT3G01180;AT5G65685	8.935	2.8179380759697334	0.3357582540570789	0.9900497512437811	198	693	200	1.0
CG	gain	GO:0005996	monosaccharide metabolic process	5	AT1G07110;AT2G28760;AT2G46740;AT5G14950;AT5G26120	13.195	3.5576642618437155	0.378931413414172	1.0	200	693	200	1.0
CG	gain	GO:0006066	alcohol metabolic process	3	AT1G31190;AT2G43900;AT4G39120	11.59	2.9583610327341736	0.25884383088869717	1.0	200	693	200	1.0
CG	gain	GO:0006091	generation of precursor metabolites and energy	13	AT1G22700;AT1G29910;AT1G55480;AT1G70760;AT2G07687;AT2G18660;AT2G21590;AT3G22960;AT3G45300;AT4G22890;AT5G52840;AT5G52920;AT5G61410	27.475	5.059582492656869	0.47315741583257503	1.0	200	693	200	1.0
CG	gain	GO:0006109	regulation of carbohydrate metabolic process	4	AT1G44120;AT3G27440;AT5G40360;AT5G40870	7.84	2.5699027218943518	0.5102040816326531	0.9800995024875622	196	693	200	1.0
CG	gain	GO:0006139	nucleobase-containing compound metabolic process	68	AT1G07350;AT1G07910;AT1G19350;AT1G19720;AT1G20260;AT1G21640;AT1G31360;AT1G31500;AT1G36160;AT1G36180;AT1G44835;AT1G44910;AT1G49980;AT1G50030;AT1G53490;AT1G54490;AT1G66730;AT1G72550;AT1G73177;AT1G75660;AT1G79950;AT2G01280;AT2G04270;AT2G06990;AT2G07690;AT2G19480;AT2G19920;AT2G28760;AT2G36490;AT2G39140;AT2G40030;AT2G43650;AT3G04750;AT3G11964;AT3G13880;AT3G16010;AT3G16680;AT3G18524;AT3G22960;AT3G23100;AT3G23780;AT3G27440;AT3G29230;AT3G48190;AT3G49500;AT3G49710;AT4G09730;AT4G23895;AT5G01630;AT5G08305;AT5G13680;AT5G16750;AT5G23880;AT5G25060;AT5G27450;AT5G39770;AT5G39920;AT5G40820;AT5G40870;AT5G47435;AT5G49010;AT5G52850;AT5G52920;AT5G53060;AT5G53660;AT5G61410;AT5G64200;AT5G66520	210.25	12.926619821128936	0.3234244946492271	1.0	200	693	200	1.0
CG	gain	GO:0006163	purine nucleotide metabolic process	7	AT1G20260;AT1G21640;AT3G22960;AT4G23895;AT5G47435;AT5G52920;AT5G61410	16.75	3.854542774441609	0.417910447761194	1.0	200	693	200	1.0
CG	gain	GO:0006164	purine nucleotide biosynthetic process	3	AT1G21640;AT4G23895;AT5G47435	6.865	2.3678629605616957	0.43699927166788055	0.9850746268656716	197	693	200	1.0
CG	gain	GO:0006220	pyrimidine nucleotide metabolic process	3	AT3G27440;AT4G23895;AT5G40870	2.535	1.452162181025246	1.1834319526627217	0.472636815920398	94	693	200	1.0
CG	gain	GO:0006221	pyrimidine nucleotide biosynthetic process	3	AT3G27440;AT4G23895;AT5G40870	2.535	1.452162181025246	1.1834319526627217	0.472636815920398	94	693	200	1.0
CG	gain	GO:0006241	CTP biosynthetic process	3	AT3G27440;AT4G23895;AT5G40870	1.39	1.130442391278742	2.1582733812949644	0.15422885572139303	30	693	200	1.0
CG	gain	GO:0006259	DNA metabolic process	15	AT1G31360;AT1G49980;AT1G53490;AT1G66730;AT1G79950;AT2G07690;AT2G19480;AT2G36490;AT3G18524;AT3G23100;AT3G48190;AT5G01630;AT5G39770;AT5G40820;AT5G49010	53.01	6.367095099022804	0.2829654782116582	1.0	200	693	200	1.0
CG	gain	GO:0006260	DNA replication	4	AT1G31360;AT1G79950;AT2G07690;AT5G49010	15.505	3.416134511403198	0.2579812963560142	1.0	200	693	200	1.0
CG	gain	GO:0006261	DNA-templated DNA replication	3	AT1G79950;AT2G07690;AT5G49010	7.015	2.268209646395148	0.4276550249465431	0.9850746268656716	197	693	200	1.0
CG	gain	GO:0006281	DNA repair	12	AT1G31360;AT1G49980;AT1G66730;AT1G79950;AT2G19480;AT2G36490;AT3G18524;AT3G23100;AT3G48190;AT5G01630;AT5G39770;AT5G40820	32.675	4.733854138014836	0.36725325172149964	1.0	200	693	200	1.0
CG	gain	GO:0006282	regulation of DNA repair	5	AT1G79950;AT2G31865;AT4G36280;AT5G13130;AT5G40820	3.935	1.6403581925908743	1.2706480304955527	0.3333333333333333	66	693	200	1.0
CG	gain	GO:0006302	double-strand break repair	7	AT1G66730;AT2G19480;AT3G23100;AT3G48190;AT5G01630;AT5G39770;AT5G40820	11.51	3.0049792012591365	0.6081668114682884	0.9651741293532339	193	693	200	1.0
CG	gain	GO:0006303	double-strand break repair via nonhomologous end joining	4	AT1G66730;AT3G23100;AT3G48190;AT5G40820	2.65	1.3481468762712763	1.509433962264151	0.2537313432835821	50	693	200	1.0
CG	gain	GO:0006310	DNA recombination	9	AT1G31360;AT1G53490;AT1G66730;AT1G79950;AT2G19480;AT3G23100;AT3G48190;AT5G01630;AT5G39770	20.77	4.116685560010623	0.43331728454501683	1.0	200	693	200	1.0
CG	gain	GO:0006325	chromatin organization	19	AT1G49950;AT1G54490;AT1G66040;AT2G16390;AT2G19480;AT2G23740;AT2G28290;AT3G07610;AT3G23780;AT3G42660;AT3G45880;AT3G49250;AT4G00416;AT4G15180;AT5G17690;AT5G20420;AT5G49160;AT5G51230;AT5G61070	48.305	6.167006972592161	0.3933340233930235	1.0	200	693	200	1.0
CG	gain	GO:0006338	chromatin remodeling	19	AT1G49950;AT1G54490;AT1G66040;AT2G16390;AT2G19480;AT2G23740;AT2G28290;AT3G07610;AT3G23780;AT3G42660;AT3G45880;AT3G49250;AT4G00416;AT4G15180;AT5G17690;AT5G20420;AT5G49160;AT5G51230;AT5G61070	43.72	5.7325038159603485	0.434583714547118	1.0	200	693	200	1.0
CG	gain	GO:0006346	DNA methylation-dependent constitutive heterochromatin formation	5	AT2G16390;AT3G07610;AT3G23780;AT3G49250;AT5G20420	8.62	2.641136119172962	0.580046403712297	0.9601990049751243	192	693	200	1.0
CG	gain	GO:0006351	DNA-templated transcription	8	AT1G19350;AT1G50030;AT1G73177;AT2G01280;AT2G40030;AT3G16680;AT3G23780;AT5G53660	26.225	4.32601144242591	0.3050524308865586	1.0	200	693	200	1.0
CG	gain	GO:0006355	regulation of DNA-templated transcription	48	AT1G19350;AT1G19510;AT1G19850;AT1G22770;AT1G23420;AT1G27220;AT1G34170;AT1G34180;AT1G34390;AT1G35240;AT1G35520;AT1G49950;AT1G50030;AT1G71930;AT1G79950;AT2G10440;AT2G17150;AT2G23740;AT2G24790;AT2G25180;AT2G28290;AT2G31215;AT2G32250;AT2G33860;AT2G42830;AT2G46790;AT3G07050;AT3G12280;AT3G13840;AT3G22760;AT3G23690;AT3G29035;AT3G62930;AT4G00540;AT4G19600;AT4G22070;AT4G29940;AT4G32880;AT4G35270;AT4G38180;AT5G17690;AT5G32670;AT5G39690;AT5G40360;AT5G51230;AT5G53660;AT5G60120;AT5G64220	167.3	12.792185114357741	0.2869097429766886	1.0	200	693	200	1.0
CG	gain	GO:0006357	regulation of transcription by RNA polymerase II	5	AT1G49950;AT2G42830;AT3G12280;AT3G62930;AT4G19600	24.43	4.564548170410737	0.20466639377814164	1.0	200	693	200	1.0
CG	gain	GO:0006364	rRNA processing	7	AT1G75660;AT2G04270;AT2G39140;AT2G43650;AT3G11964;AT4G09730;AT5G16750	12.27	3.450666602266874	0.5704971475142625	0.9850746268656716	197	693	200	1.0
CG	gain	GO:0006396	RNA processing	22	AT1G07350;AT1G07910;AT1G44910;AT1G75660;AT2G04270;AT2G06990;AT2G39140;AT2G40030;AT2G43650;AT3G11964;AT3G16010;AT3G23780;AT3G48190;AT3G49500;AT4G09730;AT5G13680;AT5G16750;AT5G23880;AT5G25060;AT5G39920;AT5G53060;AT5G64200	63.49	7.1888733470551305	0.3465112616160025	1.0	200	693	200	1.0
CG	gain	GO:0006397	mRNA processing	6	AT1G44910;AT2G04270;AT2G06990;AT5G23880;AT5G39920;AT5G64200	24.535	4.383922330516354	0.24454860403505196	1.0	200	693	200	1.0
CG	gain	GO:0006399	tRNA metabolic process	4	AT1G07910;AT1G44835;AT1G72550;AT5G13680	16.685	3.4344977798799126	0.23973629008091102	1.0	200	693	200	1.0
CG	gain	GO:0006401	RNA catabolic process	4	AT1G31500;AT1G54490;AT1G75660;AT2G06990	9.81	2.7228477739308157	0.4077471967380224	0.9950248756218906	199	693	200	1.0
CG	gain	GO:0006403	RNA localization	3	AT1G10390;AT3G05040;AT3G10650	4.95	1.9019726601610234	0.6060606060606061	0.9104477611940298	182	693	200	1.0
CG	gain	GO:0006405	RNA export from nucleus	3	AT1G10390;AT3G05040;AT3G10650	4.45	1.7797471730557677	0.6741573033707865	0.8706467661691543	174	693	200	1.0
CG	gain	GO:0006412	translation	9	AT1G34360;AT1G62750;AT1G72550;AT2G07715;AT2G39140;AT3G10950;AT3G13640;AT3G48930;AT4G11120	33.8	5.223025942880257	0.26627218934911245	1.0	200	693	200	1.0
CG	gain	GO:0006417	regulation of translation	4	AT3G49500;AT3G59410;AT5G39900;AT5G42950	6.205	2.330874299485066	0.6446414182111201	0.8756218905472637	175	693	200	1.0
CG	gain	GO:0006457	protein folding	9	AT1G55490;AT2G04030;AT2G22360;AT3G11830;AT3G62030;AT4G24280;AT5G15450;AT5G23040;AT5G67530	15.125	3.4913285436922163	0.5950413223140496	0.9900497512437811	198	693	200	1.0
CG	gain	GO:0006468	protein phosphorylation	6	AT1G65800;AT3G45430;AT3G59410;AT3G59700;AT4G23250;AT5G60280	19.55	3.8739514710434793	0.3069053708439898	1.0	200	693	200	1.0
CG	gain	GO:0006508	proteolysis	11	AT1G28110;AT1G66210;AT1G71696;AT3G42550;AT3G46850;AT4G15040;AT4G16190;AT4G21640;AT4G21650;AT4G30910;AT5G28550	38.335	5.777782879271236	0.28694404591104733	1.0	200	693	200	1.0
CG	gain	GO:0006511	ubiquitin-dependent protein catabolic process	10	AT1G55060;AT1G55860;AT1G66650;AT1G70320;AT1G74770;AT3G08790;AT3G27430;AT3G47020;AT3G55070;AT5G20620	24.39	4.633346522763	0.4100041000410004	1.0	200	693	200	1.0
CG	gain	GO:0006520	amino acid metabolic process	14	AT1G12050;AT1G17290;AT1G23310;AT1G25220;AT1G58080;AT1G71920;AT1G72550;AT2G20340;AT3G45300;AT3G62030;AT4G39120;AT5G04140;AT5G20980;AT5G53460	37.59	6.024275890096644	0.3724394785847299	1.0	200	693	200	1.0
CG	gain	GO:0006605	protein targeting	7	AT1G21650;AT1G48900;AT2G26890;AT2G30290;AT3G61710;AT4G24280;AT5G10370	9.84	2.775680096841134	0.7113821138211383	0.900497512437811	180	693	200	1.0
CG	gain	GO:0006623	protein targeting to vacuole	3	AT2G26890;AT2G30290;AT3G61710	4.33	1.8030806970293929	0.6928406466512702	0.8805970149253731	176	693	200	1.0
CG	gain	GO:0006629	lipid metabolic process	39	AT1G13560;AT1G28100;AT1G31190;AT1G36160;AT1G36180;AT1G43580;AT1G43620;AT1G50030;AT1G55180;AT1G56630;AT1G66120;AT1G66960;AT1G71697;AT1G79460;AT2G07050;AT2G22830;AT2G26560;AT2G43420;AT2G43900;AT3G09560;AT3G15730;AT3G16910;AT3G22960;AT3G29190;AT3G32030;AT3G43570;AT3G45140;AT4G00550;AT4G11840;AT4G14210;AT4G16070;AT4G27030;AT4G33030;AT5G13640;AT5G27450;AT5G42590;AT5G44585;AT5G52920;AT5G58700	87.605	8.700515789308088	0.4451800696307288	1.0	200	693	200	1.0
CG	gain	GO:0006631	fatty acid metabolic process	10	AT1G36160;AT1G36180;AT1G43580;AT1G66120;AT3G15730;AT3G16910;AT3G45140;AT4G27030;AT5G44585;AT5G52920	22.97	4.130266335237966	0.43535045711798	1.0	200	693	200	1.0
CG	gain	GO:0006633	fatty acid biosynthetic process	7	AT1G36160;AT1G36180;AT1G43580;AT3G45140;AT4G27030;AT5G44585;AT5G52920	13.915	3.36716126729921	0.5030542579949695	0.9900497512437811	198	693	200	1.0
CG	gain	GO:0006637	acyl-CoA metabolic process	3	AT1G36160;AT1G36180;AT5G27450	4.92	2.0817300497422813	0.6097560975609756	0.8756218905472637	175	693	200	1.0
CG	gain	GO:0006644	phospholipid metabolic process	11	AT1G13560;AT1G31190;AT1G50030;AT1G55180;AT1G71697;AT2G43900;AT3G09560;AT3G15730;AT4G11840;AT4G27030;AT5G27450	26.045	5.228094777258721	0.42234593971971585	1.0	200	693	200	1.0
CG	gain	GO:0006650	glycerophospholipid metabolic process	9	AT1G13560;AT1G31190;AT1G50030;AT1G55180;AT1G71697;AT2G43900;AT3G15730;AT4G11840;AT4G27030	19.34	3.985523804972193	0.4653567735263702	1.0	200	693	200	1.0
CG	gain	GO:0006664	glycolipid metabolic process	3	AT3G09560;AT4G00550;AT4G33030	4.82	2.1207545826898495	0.6224066390041494	0.8905472636815921	178	693	200	1.0
CG	gain	GO:0006720	isoprenoid metabolic process	9	AT1G28100;AT1G66960;AT1G79460;AT2G07050;AT3G29190;AT3G32030;AT4G14210;AT5G27450;AT5G42590	18.335	4.036430973025545	0.4908644668666485	0.9950248756218906	199	693	200	1.0
CG	gain	GO:0006721	terpenoid metabolic process	8	AT1G28100;AT1G66960;AT1G79460;AT2G07050;AT3G29190;AT3G32030;AT4G14210;AT5G42590	16.085	3.6983476039982963	0.4973577867578489	0.9900497512437811	198	693	200	1.0
CG	gain	GO:0006722	triterpenoid metabolic process	3	AT1G66960;AT2G07050;AT5G42590	1.95	1.2678722333105967	1.5384615384615385	0.35323383084577115	70	693	200	1.0
CG	gain	GO:0006753	nucleoside phosphate metabolic process	13	AT1G20260;AT1G21640;AT1G36160;AT1G36180;AT2G28760;AT3G22960;AT3G27440;AT4G23895;AT5G27450;AT5G40870;AT5G47435;AT5G52920;AT5G61410	32.56	5.247513696980691	0.39926289926289926	1.0	200	693	200	1.0
CG	gain	GO:0006766	vitamin metabolic process	4	AT1G30520;AT1G74710;AT2G22450;AT2G46740	7.72	2.8198581524608644	0.5181347150259068	0.9601990049751243	192	693	200	1.0
CG	gain	GO:0006790	sulfur compound metabolic process	9	AT1G36160;AT1G36180;AT1G53580;AT3G62030;AT4G33030;AT5G05260;AT5G20980;AT5G27450;AT5G44585	26.475	5.187424698248636	0.33994334277620397	1.0	200	693	200	1.0
CG	gain	GO:0006793	phosphorus metabolic process	25	AT1G07110;AT1G13560;AT1G20260;AT1G21640;AT1G31190;AT1G36160;AT1G36180;AT1G50030;AT1G55180;AT1G71697;AT2G28760;AT2G43900;AT3G09560;AT3G15730;AT3G22960;AT3G27440;AT4G11840;AT4G23895;AT4G27030;AT5G27450;AT5G40870;AT5G47435;AT5G52920;AT5G58270;AT5G61410	62.735	7.663209184147339	0.3985016338566988	1.0	200	693	200	1.0
CG	gain	GO:0006796	phosphate-containing compound metabolic process	8	AT1G50030;AT1G65800;AT2G43900;AT3G45430;AT3G59410;AT3G59700;AT4G23250;AT5G60280	28.355	4.556201817303527	0.2821371892082525	1.0	200	693	200	1.0
CG	gain	GO:0006810	transport	100	AT1G06490;AT1G10390;AT1G20260;AT1G21650;AT1G21890;AT1G22150;AT1G30630;AT1G31120;AT1G31830;AT1G32450;AT1G34065;AT1G43580;AT1G47830;AT1G53210;AT1G58030;AT1G65550;AT1G66950;AT1G74770;AT1G75220;AT2G01320;AT2G01420;AT2G03620;AT2G04030;AT2G04090;AT2G07681;AT2G07687;AT2G13620;AT2G17500;AT2G18960;AT2G24720;AT2G26890;AT2G28170;AT2G28640;AT2G30070;AT2G30290;AT2G34390;AT2G38270;AT2G41560;AT2G42005;AT2G44610;AT2G48130;AT3G01780;AT3G02260;AT3G03620;AT3G05040;AT3G08530;AT3G08790;AT3G09560;AT3G10650;AT3G11730;AT3G19490;AT3G30842;AT3G42640;AT3G44900;AT3G45060;AT3G51310;AT3G51490;AT3G56450;AT3G56640;AT3G61480;AT3G61710;AT3G63380;AT4G00290;AT4G01440;AT4G01820;AT4G02650;AT4G08670;AT4G12120;AT4G13590;AT4G15230;AT4G17140;AT4G18050;AT4G21903;AT4G24980;AT4G26590;AT4G27040;AT4G29380;AT4G38350;AT4G38380;AT5G01990;AT5G04920;AT5G05760;AT5G17020;AT5G18840;AT5G19600;AT5G19760;AT5G20280;AT5G22770;AT5G24740;AT5G25250;AT5G26340;AT5G28350;AT5G37500;AT5G39500;AT5G43370;AT5G46630;AT5G51050;AT5G54310;AT5G55930;AT5G58270	231.985	12.79471668306877	0.4310623531693859	1.0	200	693	200	1.0
CG	gain	GO:0006811	monoatomic ion transport	23	AT1G20260;AT1G31120;AT1G32450;AT1G53210;AT1G74770;AT2G03620;AT2G07681;AT2G07687;AT2G13620;AT2G18960;AT2G24720;AT2G28170;AT2G30070;AT2G38270;AT2G41560;AT3G19490;AT3G42640;AT3G44900;AT3G63380;AT4G00290;AT4G13590;AT5G37500;AT5G51050	54.27	6.3053231479440734	0.42380689146858297	1.0	200	693	200	1.0
CG	gain	GO:0006812	monoatomic cation transport	22	AT1G20260;AT1G31120;AT1G32450;AT1G53210;AT1G74770;AT2G03620;AT2G07681;AT2G07687;AT2G13620;AT2G18960;AT2G24720;AT2G28170;AT2G30070;AT2G38270;AT2G41560;AT3G19490;AT3G42640;AT3G44900;AT3G63380;AT4G13590;AT5G37500;AT5G51050	47.115	5.812209132507185	0.4669425872864268	1.0	200	693	200	1.0
CG	gain	GO:0006813	potassium ion transport	4	AT1G31120;AT1G32450;AT2G30070;AT5G37500	9.7	2.9257477676655617	0.4123711340206186	0.9900497512437811	198	693	200	1.0
CG	gain	GO:0006816	calcium ion transport	5	AT2G24720;AT2G41560;AT3G63380;AT4G13590;AT5G51050	10.4	2.729468812791234	0.4807692307692307	0.9950248756218906	199	693	200	1.0
CG	gain	GO:0006869	lipid transport	6	AT2G48130;AT4G08670;AT4G15230;AT4G17140;AT4G38350;AT5G24740	12.8	3.2249030993194165	0.46875	1.0	200	693	200	1.0
CG	gain	GO:0006873	intracellular monoatomic ion homeostasis	5	AT1G12520;AT1G74770;AT2G24720;AT2G41560;AT5G58270	13.75	3.316247879758086	0.36363636363636365	1.0	200	693	200	1.0
CG	gain	GO:0006886	intracellular protein transport	16	AT1G21650;AT2G26890;AT2G30290;AT3G05040;AT3G08530;AT3G08790;AT3G09560;AT3G56450;AT3G56640;AT3G61480;AT3G61710;AT5G05760;AT5G17020;AT5G22770;AT5G28350;AT5G46630	29.615	5.142642803073155	0.5402667567111261	1.0	200	693	200	1.0
CG	gain	GO:0006897	endocytosis	9	AT1G47830;AT2G26890;AT3G01780;AT3G08530;AT4G02650;AT5G22770;AT5G25250;AT5G39500;AT5G46630	7.57	2.413524393910283	1.1889035667107002	0.3482587064676617	69	693	200	1.0
CG	gain	GO:0006898	receptor-mediated endocytosis	3	AT1G47830;AT4G02650;AT5G22770	4.655	1.888378934430269	0.6444683136412459	0.8805970149253731	176	693	200	1.0
CG	gain	GO:0006913	nucleocytoplasmic transport	4	AT1G10390;AT3G05040;AT3G10650;AT5G17020	11.315	2.9892766683597567	0.3535130357931949	0.9950248756218906	199	693	200	1.0
CG	gain	GO:0006914	autophagy	3	AT3G61710;AT4G29380;AT5G43560	4.865	2.001693033409468	0.6166495375128468	0.8756218905472637	175	693	200	1.0
CG	gain	GO:0006950	response to stress	122	AT1G17290;AT1G19350;AT1G22770;AT1G23310;AT1G26420;AT1G31280;AT1G31360;AT1G32220;AT1G33910;AT1G44170;AT1G49230;AT1G49780;AT1G49980;AT1G52940;AT1G53210;AT1G54490;AT1G55180;AT1G55480;AT1G55490;AT1G56140;AT1G57650;AT1G63250;AT1G64790;AT1G66340;AT1G66730;AT1G66950;AT1G70460;AT1G71697;AT1G71930;AT1G74710;AT1G79380;AT1G79950;AT2G01150;AT2G04030;AT2G16390;AT2G18660;AT2G18960;AT2G19480;AT2G20340;AT2G22360;AT2G25180;AT2G26560;AT2G26890;AT2G28290;AT2G31865;AT2G34390;AT2G35510;AT2G36490;AT2G39730;AT2G40030;AT2G41560;AT2G44110;AT3G09560;AT3G13380;AT3G17790;AT3G17800;AT3G18524;AT3G19490;AT3G23100;AT3G23150;AT3G23780;AT3G29035;AT3G45140;AT3G46620;AT3G47020;AT3G48190;AT3G48330;AT3G49500;AT3G57720;AT3G58620;AT3G59410;AT3G59660;AT3G59700;AT3G61710;AT3G62030;AT4G00290;AT4G00550;AT4G07390;AT4G16860;AT4G16890;AT4G18780;AT4G20140;AT4G23180;AT4G23190;AT4G24280;AT4G27010;AT4G33030;AT4G33300;AT4G34131;AT4G35090;AT4G35270;AT4G36280;AT5G01630;AT5G04720;AT5G05170;AT5G10720;AT5G13680;AT5G14950;AT5G15450;AT5G17020;AT5G17690;AT5G19000;AT5G25250;AT5G26340;AT5G35450;AT5G37500;AT5G39770;AT5G40820;AT5G42950;AT5G43370;AT5G43560;AT5G44510;AT5G44585;AT5G45240;AT5G53060;AT5G53450;AT5G54110;AT5G54310;AT5G58700;AT5G60280;AT5G61410;AT5G64220	314.465	16.145549696433616	0.3879605043486557	1.0	200	693	200	1.0
CG	gain	GO:0006952	defense response	43	AT1G19350;AT1G26420;AT1G31280;AT1G49780;AT1G52940;AT1G55490;AT1G56140;AT1G57650;AT1G64790;AT1G66340;AT1G71930;AT1G74710;AT1G79380;AT2G16390;AT2G18660;AT2G26560;AT2G31865;AT2G36490;AT2G40030;AT2G41560;AT2G44110;AT3G23780;AT3G49500;AT3G57720;AT3G59660;AT3G59700;AT3G61710;AT4G16860;AT4G16890;AT4G18780;AT4G23190;AT4G33300;AT4G36280;AT5G04720;AT5G05170;AT5G35450;AT5G42950;AT5G43560;AT5G44510;AT5G44585;AT5G45240;AT5G54310;AT5G60280	100.35	8.724534371529536	0.42850024912805185	1.0	200	693	200	1.0
CG	gain	GO:0006955	immune response	6	AT1G64790;AT2G26560;AT3G49500;AT4G36280;AT5G35450;AT5G43560	19.56	3.5632008082621582	0.3067484662576687	1.0	200	693	200	1.0
CG	gain	GO:0006970	response to osmotic stress	17	AT1G44170;AT1G53210;AT1G55180;AT1G66340;AT2G04030;AT2G35510;AT3G19490;AT3G48330;AT3G58620;AT3G62030;AT4G18780;AT5G14950;AT5G19000;AT5G26340;AT5G53060;AT5G53450;AT5G54110	57.485	6.835186537322886	0.2957293206923545	1.0	200	693	200	1.0
CG	gain	GO:0006974	DNA damage response	13	AT1G31360;AT1G49980;AT1G66730;AT1G79950;AT2G19480;AT2G31865;AT2G36490;AT3G18524;AT3G23100;AT3G48190;AT5G01630;AT5G39770;AT5G40820	37.115	5.153811696210863	0.3502626970227671	1.0	200	693	200	1.0
CG	gain	GO:0006979	response to oxidative stress	14	AT1G22770;AT1G32220;AT1G66730;AT1G66950;AT2G35510;AT3G17790;AT3G17800;AT3G29035;AT3G62030;AT4G00290;AT4G23190;AT4G35090;AT5G10720;AT5G13680	37.385	5.517859639389182	0.3744817440149793	1.0	200	693	200	1.0
CG	gain	GO:0006995	cellular response to nitrogen starvation	3	AT1G55180;AT1G70460;AT4G35090	3.005	1.6598117363122842	0.9983361064891847	0.5870646766169154	117	693	200	1.0
CG	gain	GO:0006996	organelle organization	36	AT1G20260;AT1G24490;AT1G29760;AT1G50240;AT1G53490;AT1G54960;AT1G60770;AT1G62750;AT1G79950;AT2G01990;AT2G04270;AT2G07050;AT2G26890;AT2G31900;AT2G34260;AT2G34380;AT2G39140;AT3G05520;AT3G05750;AT3G10650;AT3G12280;AT3G16010;AT3G48190;AT3G61710;AT4G17220;AT4G26700;AT5G04920;AT5G15450;AT5G16730;AT5G23040;AT5G23120;AT5G39500;AT5G39770;AT5G40820;AT5G43560;AT5G58270	120.935	9.998538643221806	0.29768057220821104	1.0	200	693	200	1.0
CG	gain	GO:0007010	cytoskeleton organization	8	AT1G20260;AT1G54960;AT2G31900;AT3G05520;AT3G05750;AT4G17220;AT4G26700;AT5G16730	36.105	5.366001770405995	0.2215759590084476	1.0	200	693	200	1.0
CG	gain	GO:0007015	actin filament organization	4	AT1G20260;AT2G31900;AT3G05520;AT4G26700	13.1	3.339161571412801	0.3053435114503817	1.0	200	693	200	1.0
CG	gain	GO:0007017	microtubule-based process	6	AT1G54960;AT1G63640;AT2G21300;AT3G05750;AT5G02370;AT5G16730	28.91	4.41496319350456	0.20754064337599445	1.0	200	693	200	1.0
CG	gain	GO:0007018	microtubule-based movement	3	AT1G63640;AT2G21300;AT5G02370	13.295	3.1093367459958423	0.22564874012786762	1.0	200	693	200	1.0
CG	gain	GO:0007033	vacuole organization	4	AT2G26890;AT3G61710;AT5G04920;AT5G43560	6.955	1.950121791068444	0.5751258087706685	0.9701492537313433	194	693	200	1.0
CG	gain	GO:0007034	vacuolar transport	5	AT2G26890;AT2G30290;AT3G08790;AT3G61710;AT4G29380	9.335	2.602455571186566	0.5356186395286555	0.9751243781094527	195	693	200	1.0
CG	gain	GO:0007049	cell cycle	15	AT1G50240;AT1G53490;AT2G01990;AT2G38185;AT2G38220;AT3G01780;AT3G05750;AT3G12280;AT3G48190;AT4G08630;AT5G01630;AT5G05170;AT5G39770;AT5G40820;AT5G49160	47.27	6.235952212773918	0.31732599957689867	1.0	200	693	200	1.0
CG	gain	GO:0007059	chromosome segregation	3	AT1G53490;AT3G12280;AT3G48190	12.51	3.1685801236516	0.23980815347721823	1.0	200	693	200	1.0
CG	gain	GO:0007127	meiosis I	4	AT1G53490;AT3G12280;AT3G48190;AT5G39770	8.86	2.502079135439169	0.4514672686230249	0.9900497512437811	198	693	200	1.0
CG	gain	GO:0007129	homologous chromosome pairing at meiosis	3	AT1G53490;AT3G12280;AT3G48190	5.03	1.94141700826999	0.5964214711729622	0.9104477611940298	182	693	200	1.0
CG	gain	GO:0007154	cell communication	41	AT1G12820;AT1G19350;AT1G21210;AT1G21230;AT1G28270;AT1G33910;AT1G47890;AT1G50030;AT1G54960;AT1G65800;AT1G66340;AT1G79380;AT1G79460;AT2G24720;AT2G24790;AT2G25180;AT2G27060;AT2G46790;AT3G15730;AT3G23110;AT3G23150;AT3G45430;AT3G56640;AT3G57720;AT3G62030;AT4G13590;AT4G15230;AT4G16860;AT4G16890;AT5G01770;AT5G03320;AT5G04720;AT5G06600;AT5G10720;AT5G19010;AT5G25060;AT5G44510;AT5G44585;AT5G45240;AT5G53060;AT5G58700	124.69	9.751097374142125	0.3288154623466196	1.0	200	693	200	1.0
CG	gain	GO:0007165	signal transduction	39	AT1G12820;AT1G19350;AT1G21210;AT1G21230;AT1G28270;AT1G33910;AT1G47890;AT1G50030;AT1G54960;AT1G65800;AT1G66340;AT1G79380;AT1G79460;AT2G24720;AT2G24790;AT2G25180;AT2G27060;AT2G46790;AT3G15730;AT3G23110;AT3G23150;AT3G45430;AT3G57720;AT3G62030;AT4G13590;AT4G15230;AT4G16860;AT4G16890;AT5G01770;AT5G03320;AT5G04720;AT5G06600;AT5G10720;AT5G19010;AT5G25060;AT5G44510;AT5G45240;AT5G53060;AT5G58700	118.48	9.407422601329186	0.3291694800810263	1.0	200	693	200	1.0
CG	gain	GO:0007166	cell surface receptor signaling pathway	7	AT1G19350;AT1G21210;AT1G21230;AT1G65800;AT3G45430;AT3G57720;AT5G04720	12.395	3.064143436590398	0.5647438483259379	0.9850746268656716	197	693	200	1.0
CG	gain	GO:0007275	multicellular organism development	97	AT1G10390;AT1G12820;AT1G19360;AT1G19850;AT1G21210;AT1G21650;AT1G22770;AT1G23420;AT1G25220;AT1G27340;AT1G29760;AT1G32450;AT1G36160;AT1G43620;AT1G50030;AT1G50240;AT1G53580;AT1G55180;AT1G62750;AT1G66340;AT1G66650;AT1G66730;AT1G73177;AT1G74710;AT1G79950;AT2G01280;AT2G01420;AT2G02240;AT2G04030;AT2G06990;AT2G07050;AT2G17500;AT2G18800;AT2G25180;AT2G26890;AT2G28290;AT2G31215;AT2G33860;AT2G34260;AT2G34380;AT2G35510;AT2G38185;AT2G38220;AT2G39730;AT2G42830;AT2G48130;AT3G01780;AT3G02260;AT3G05040;AT3G06810;AT3G07050;AT3G07610;AT3G11964;AT3G12280;AT3G14950;AT3G15730;AT3G19960;AT3G22760;AT3G22960;AT3G24240;AT3G27670;AT3G29035;AT3G45880;AT3G46330;AT3G48330;AT3G49240;AT3G49500;AT3G56930;AT3G59420;AT3G59780;AT4G13610;AT4G15180;AT4G17220;AT4G19180;AT4G20140;AT4G29380;AT4G32880;AT4G39110;AT5G01930;AT5G04920;AT5G06600;AT5G10720;AT5G13680;AT5G16750;AT5G17020;AT5G17690;AT5G23040;AT5G24740;AT5G40360;AT5G44585;AT5G49160;AT5G49680;AT5G52920;AT5G53660;AT5G54310;AT5G58270;AT5G61070	271.635	14.00042052939862	0.3570968395088998	1.0	200	693	200	1.0
CG	gain	GO:0007389	pattern specification process	12	AT1G19850;AT1G23420;AT1G27340;AT2G06990;AT2G26890;AT2G34260;AT3G05040;AT3G22760;AT4G17220;AT4G20140;AT5G16750;AT5G24740	26.105	4.810818537421667	0.4596820532465045	1.0	200	693	200	1.0
CG	gain	GO:0007623	circadian rhythm	5	AT1G22770;AT2G46790;AT3G06500;AT4G15180;AT4G26700	14.645	3.492703107909405	0.3414134516899966	1.0	200	693	200	1.0
CG	gain	GO:0008037	cell recognition	4	AT1G61480;AT1G65800;AT3G49500;AT3G56640	8.065	2.5924457564238454	0.4959702417854929	0.9601990049751243	192	693	200	1.0
CG	gain	GO:0008104	intracellular protein localization	21	AT1G21650;AT1G24490;AT1G47830;AT2G04030;AT2G26890;AT2G30290;AT3G05040;AT3G08530;AT3G08790;AT3G09560;AT3G51310;AT3G56450;AT3G56640;AT3G61480;AT3G61710;AT4G02650;AT5G05760;AT5G17020;AT5G22770;AT5G28350;AT5G46630	49.89	6.003990339765715	0.42092603728202044	1.0	200	693	200	1.0
CG	gain	GO:0008152	metabolic process	257	AT1G04970;AT1G06490;AT1G07110;AT1G07350;AT1G07910;AT1G10390;AT1G11590;AT1G12050;AT1G12520;AT1G12820;AT1G13560;AT1G17150;AT1G17290;AT1G19350;AT1G19720;AT1G20260;AT1G21640;AT1G22650;AT1G22700;AT1G23030;AT1G23310;AT1G25220;AT1G28100;AT1G28110;AT1G29910;AT1G30520;AT1G31190;AT1G31360;AT1G31500;AT1G31740;AT1G32180;AT1G34360;AT1G36160;AT1G36180;AT1G43580;AT1G43620;AT1G44170;AT1G44835;AT1G44910;AT1G48910;AT1G49210;AT1G49220;AT1G49230;AT1G49780;AT1G49980;AT1G50030;AT1G50490;AT1G51630;AT1G53490;AT1G53580;AT1G54490;AT1G55060;AT1G55180;AT1G55480;AT1G55490;AT1G55860;AT1G56630;AT1G58080;AT1G62750;AT1G65800;AT1G66040;AT1G66120;AT1G66210;AT1G66340;AT1G66650;AT1G66730;AT1G66960;AT1G67980;AT1G68560;AT1G70320;AT1G70760;AT1G71696;AT1G71697;AT1G71920;AT1G71930;AT1G72550;AT1G73177;AT1G74710;AT1G74770;AT1G75660;AT1G79460;AT1G79950;AT2G01150;AT2G01280;AT2G04030;AT2G04062;AT2G04270;AT2G06990;AT2G07050;AT2G07687;AT2G07690;AT2G07715;AT2G15470;AT2G16090;AT2G16730;AT2G18660;AT2G18800;AT2G19480;AT2G19920;AT2G20340;AT2G21590;AT2G22360;AT2G22450;AT2G22830;AT2G25630;AT2G26560;AT2G28760;AT2G31865;AT2G33860;AT2G36490;AT2G36710;AT2G38185;AT2G38220;AT2G39140;AT2G40030;AT2G43420;AT2G43650;AT2G43900;AT2G44610;AT2G46740;AT3G01180;AT3G03510;AT3G04750;AT3G06500;AT3G08790;AT3G09560;AT3G10650;AT3G10900;AT3G10950;AT3G11830;AT3G11964;AT3G13640;AT3G13880;AT3G14400;AT3G15730;AT3G16010;AT3G16680;AT3G16910;AT3G18524;AT3G22960;AT3G23100;AT3G23780;AT3G27430;AT3G27440;AT3G27670;AT3G29190;AT3G29230;AT3G32030;AT3G42153;AT3G42550;AT3G43570;AT3G45140;AT3G45300;AT3G45430;AT3G46620;AT3G46850;AT3G47020;AT3G48190;AT3G48330;AT3G48930;AT3G49500;AT3G49710;AT3G55070;AT3G59100;AT3G59410;AT3G59700;AT3G60140;AT3G61710;AT3G62030;AT4G00550;AT4G02130;AT4G03930;AT4G09730;AT4G09740;AT4G11120;AT4G11840;AT4G14090;AT4G14210;AT4G15040;AT4G16070;AT4G16120;AT4G16190;AT4G18180;AT4G18780;AT4G21640;AT4G21650;AT4G22890;AT4G23250;AT4G23895;AT4G24280;AT4G26140;AT4G27030;AT4G28850;AT4G29380;AT4G30890;AT4G30910;AT4G33030;AT4G33330;AT4G35270;AT4G39120;AT4G39370;AT5G01630;AT5G01930;AT5G04140;AT5G05170;AT5G05260;AT5G06600;AT5G07420;AT5G08305;AT5G13640;AT5G13680;AT5G14420;AT5G14950;AT5G15450;AT5G16750;AT5G18990;AT5G19000;AT5G20280;AT5G20620;AT5G20980;AT5G22030;AT5G23040;AT5G23880;AT5G25060;AT5G26120;AT5G27450;AT5G28550;AT5G39770;AT5G39920;AT5G40820;AT5G40850;AT5G40870;AT5G42260;AT5G42590;AT5G43560;AT5G44585;AT5G47435;AT5G48800;AT5G49010;AT5G51450;AT5G52840;AT5G52850;AT5G52920;AT5G53060;AT5G53460;AT5G53660;AT5G55000;AT5G58270;AT5G58450;AT5G58700;AT5G60280;AT5G61410;AT5G64200;AT5G65685;AT5G66510;AT5G66520;AT5G67530	687.48	19.793675757674723	0.37382905684529005	1.0	200	693	200	1.0
CG	gain	GO:0008202	steroid metabolic process	3	AT1G43620;AT2G22830;AT2G43420	5.255	1.98241645473397	0.570884871550904	0.9253731343283582	185	693	200	1.0
CG	gain	GO:0008219	cell death	3	AT2G26560;AT4G36280;AT5G35450	11.72	3.2251511592481945	0.25597269624573377	1.0	200	693	200	1.0
CG	gain	GO:0008299	isoprenoid biosynthetic process	8	AT1G28100;AT1G66960;AT1G79460;AT2G07050;AT3G29190;AT3G32030;AT4G14210;AT5G27450	14.34	3.7154272970951827	0.5578800557880056	0.9900497512437811	198	693	200	1.0
CG	gain	GO:0008380	RNA splicing	6	AT1G07350;AT1G07910;AT1G44910;AT3G16010;AT3G48190;AT5G64200	21.2	3.986226285598948	0.2830188679245283	1.0	200	693	200	1.0
CG	gain	GO:0008610	lipid biosynthetic process	25	AT1G13560;AT1G28100;AT1G31190;AT1G36160;AT1G36180;AT1G43580;AT1G50030;AT1G66960;AT1G71697;AT1G79460;AT2G07050;AT2G22830;AT2G43420;AT3G09560;AT3G29190;AT3G32030;AT3G45140;AT4G00550;AT4G14210;AT4G27030;AT4G33030;AT5G13640;AT5G27450;AT5G44585;AT5G52920	53.555	7.115966202842756	0.4668098216786481	1.0	200	693	200	1.0
CG	gain	GO:0008643	carbohydrate transport	4	AT1G75220;AT4G15230;AT5G18840;AT5G26340	8.465	2.8335093082606964	0.47253396337861786	0.9651741293532339	193	693	200	1.0
CG	gain	GO:0008652	amino acid biosynthetic process	9	AT1G23310;AT1G25220;AT1G58080;AT1G71920;AT3G62030;AT4G39120;AT5G04140;AT5G20980;AT5G53460	16.085	3.7759469011097044	0.5595275101025801	0.9800995024875622	196	693	200	1.0
CG	gain	GO:0008654	phospholipid biosynthetic process	6	AT1G13560;AT1G31190;AT1G50030;AT1G71697;AT3G09560;AT5G27450	15.815	3.964943253061764	0.37938665823585205	1.0	200	693	200	1.0
CG	gain	GO:0009056	catabolic process	35	AT1G11590;AT1G12050;AT1G17290;AT1G23310;AT1G31500;AT1G54490;AT1G55060;AT1G55180;AT1G55860;AT1G66650;AT1G68560;AT1G70320;AT1G74770;AT1G75660;AT2G06990;AT2G20340;AT2G36710;AT3G08790;AT3G10900;AT3G22960;AT3G27430;AT3G45300;AT3G47020;AT3G55070;AT3G61710;AT4G03930;AT4G16070;AT4G29380;AT5G01930;AT5G07420;AT5G18990;AT5G20620;AT5G39770;AT5G43560;AT5G52920	109.06	9.123946514529774	0.3209242618741977	1.0	200	693	200	1.0
CG	gain	GO:0009057	macromolecule catabolic process	23	AT1G11590;AT1G31500;AT1G54490;AT1G55060;AT1G55860;AT1G66650;AT1G68560;AT1G70320;AT1G74770;AT1G75660;AT2G06990;AT2G36710;AT3G08790;AT3G10900;AT3G27430;AT3G47020;AT3G55070;AT4G03930;AT5G01930;AT5G07420;AT5G18990;AT5G20620;AT5G39770	57.875	6.873090643953425	0.39740820734341253	1.0	200	693	200	1.0
CG	gain	GO:0009058	biosynthetic process	123	AT1G04970;AT1G06490;AT1G07350;AT1G07910;AT1G10390;AT1G13560;AT1G19350;AT1G21640;AT1G23310;AT1G25220;AT1G28100;AT1G30520;AT1G31190;AT1G32180;AT1G34360;AT1G36160;AT1G36180;AT1G43580;AT1G43620;AT1G44910;AT1G48910;AT1G49980;AT1G50030;AT1G51630;AT1G55490;AT1G58080;AT1G62750;AT1G66340;AT1G66730;AT1G66960;AT1G67980;AT1G71697;AT1G71920;AT1G72550;AT1G73177;AT1G74710;AT1G75660;AT1G79460;AT2G01280;AT2G04030;AT2G04270;AT2G06990;AT2G07050;AT2G07715;AT2G19920;AT2G21590;AT2G22360;AT2G22450;AT2G22830;AT2G26560;AT2G28760;AT2G39140;AT2G40030;AT2G43420;AT2G43650;AT2G44610;AT2G46740;AT3G01180;AT3G09560;AT3G10650;AT3G10950;AT3G11830;AT3G11964;AT3G13640;AT3G16010;AT3G16680;AT3G23780;AT3G27440;AT3G27670;AT3G29190;AT3G32030;AT3G45140;AT3G48190;AT3G48930;AT3G49500;AT3G59100;AT3G62030;AT4G00550;AT4G02130;AT4G09730;AT4G11120;AT4G14090;AT4G14210;AT4G16120;AT4G18780;AT4G23895;AT4G24280;AT4G27030;AT4G33030;AT4G33330;AT4G39120;AT5G04140;AT5G05170;AT5G05260;AT5G13640;AT5G13680;AT5G14950;AT5G15450;AT5G16750;AT5G20280;AT5G20980;AT5G23040;AT5G23880;AT5G25060;AT5G27450;AT5G39920;AT5G40820;AT5G40850;AT5G40870;AT5G44585;AT5G47435;AT5G52840;AT5G52920;AT5G53060;AT5G53460;AT5G53660;AT5G58270;AT5G58450;AT5G61410;AT5G64200;AT5G65685;AT5G66510;AT5G67530	333.485	16.643310217621654	0.3688321813574823	1.0	200	693	200	1.0
CG	gain	GO:0009059	macromolecule biosynthetic process	67	AT1G06490;AT1G07350;AT1G07910;AT1G10390;AT1G19350;AT1G32180;AT1G34360;AT1G44910;AT1G49980;AT1G50030;AT1G51630;AT1G55490;AT1G62750;AT1G66730;AT1G72550;AT1G73177;AT1G75660;AT2G01280;AT2G04030;AT2G04270;AT2G06990;AT2G07715;AT2G19920;AT2G21590;AT2G22360;AT2G39140;AT2G40030;AT2G43650;AT2G44610;AT3G01180;AT3G10650;AT3G10950;AT3G11830;AT3G11964;AT3G13640;AT3G16010;AT3G16680;AT3G23780;AT3G27670;AT3G48190;AT3G48930;AT3G49500;AT3G59100;AT3G62030;AT4G02130;AT4G09730;AT4G11120;AT4G16120;AT4G18780;AT4G24280;AT4G33330;AT5G05170;AT5G13680;AT5G14950;AT5G15450;AT5G16750;AT5G23040;AT5G23880;AT5G25060;AT5G39920;AT5G40820;AT5G53060;AT5G53660;AT5G58450;AT5G64200;AT5G65685;AT5G67530	192.82	11.748514799752403	0.34747432838917125	1.0	200	693	200	1.0
CG	gain	GO:0009060	aerobic respiration	5	AT2G07687;AT2G18660;AT3G22960;AT3G45300;AT5G52920	14.485	3.641397396604773	0.3451846738004833	1.0	200	693	200	1.0
CG	gain	GO:0009063	amino acid catabolic process	5	AT1G12050;AT1G17290;AT1G23310;AT2G20340;AT3G45300	7.825	2.4808012818442355	0.6389776357827476	0.9402985074626866	188	693	200	1.0
CG	gain	GO:0009072	aromatic amino acid metabolic process	6	AT1G12050;AT1G25220;AT1G58080;AT1G71920;AT2G20340;AT4G39120	7.055	2.373178248678342	0.8504606661941886	0.7412935323383084	148	693	200	1.0
CG	gain	GO:0009073	aromatic amino acid biosynthetic process	4	AT1G25220;AT1G58080;AT1G71920;AT4G39120	5.4	2.16101827849743	0.7407407407407407	0.8258706467661692	165	693	200	1.0
CG	gain	GO:0009110	vitamin biosynthetic process	4	AT1G30520;AT1G74710;AT2G22450;AT2G46740	7.625	2.798995355480247	0.5245901639344263	0.9552238805970149	191	693	200	1.0
CG	gain	GO:0009117	nucleotide metabolic process	9	AT1G20260;AT1G21640;AT3G22960;AT3G27440;AT4G23895;AT5G40870;AT5G47435;AT5G52920;AT5G61410	21.36	4.349758613992279	0.4213483146067416	0.9950248756218906	199	693	200	1.0
CG	gain	GO:0009123	nucleoside monophosphate metabolic process	3	AT3G27440;AT5G40870;AT5G47435	4.605	2.0270606799008255	0.6514657980456026	0.845771144278607	169	693	200	1.0
CG	gain	GO:0009124	nucleoside monophosphate biosynthetic process	3	AT3G27440;AT5G40870;AT5G47435	4.37	2.0057666863321866	0.6864988558352403	0.8109452736318408	162	693	200	1.0
CG	gain	GO:0009141	nucleoside triphosphate metabolic process	6	AT1G20260;AT3G22960;AT3G27440;AT4G23895;AT5G40870;AT5G52920	9.205	2.927964309891772	0.6518196632265073	0.9253731343283582	185	693	200	1.0
CG	gain	GO:0009142	nucleoside triphosphate biosynthetic process	3	AT3G27440;AT4G23895;AT5G40870	2.9	1.6031219541881399	1.0344827586206897	0.5621890547263682	112	693	200	1.0
CG	gain	GO:0009144	purine nucleoside triphosphate metabolic process	4	AT1G20260;AT3G22960;AT4G23895;AT5G52920	8.29	2.8488418699534748	0.48250904704463216	0.945273631840796	189	693	200	1.0
CG	gain	GO:0009147	pyrimidine nucleoside triphosphate metabolic process	3	AT3G27440;AT4G23895;AT5G40870	1.53	1.182835576062878	1.9607843137254901	0.19402985074626866	38	693	200	1.0
CG	gain	GO:0009148	pyrimidine nucleoside triphosphate biosynthetic process	3	AT3G27440;AT4G23895;AT5G40870	1.48	1.1702991070662236	2.027027027027027	0.1791044776119403	35	693	200	1.0
CG	gain	GO:0009150	purine ribonucleotide metabolic process	5	AT1G20260;AT3G22960;AT4G23895;AT5G47435;AT5G52920	12.58	3.302059963113932	0.397456279809221	0.9950248756218906	199	693	200	1.0
CG	gain	GO:0009156	ribonucleoside monophosphate biosynthetic process	3	AT3G27440;AT5G40870;AT5G47435	4.08	1.9296631830451658	0.7352941176470588	0.7611940298507462	152	693	200	1.0
CG	gain	GO:0009165	nucleotide biosynthetic process	5	AT1G21640;AT3G27440;AT4G23895;AT5G40870;AT5G47435	10.465	2.896338205389697	0.4777830864787387	0.9800995024875622	196	693	200	1.0
CG	gain	GO:0009201	ribonucleoside triphosphate biosynthetic process	3	AT3G27440;AT4G23895;AT5G40870	2.9	1.6031219541881399	1.0344827586206897	0.5621890547263682	112	693	200	1.0
CG	gain	GO:0009205	purine ribonucleoside triphosphate metabolic process	4	AT1G20260;AT3G22960;AT4G23895;AT5G52920	8.29	2.8488418699534748	0.48250904704463216	0.945273631840796	189	693	200	1.0
CG	gain	GO:0009208	pyrimidine ribonucleoside triphosphate metabolic process	3	AT3G27440;AT4G23895;AT5G40870	1.39	1.130442391278742	2.1582733812949644	0.15422885572139303	30	693	200	1.0
CG	gain	GO:0009209	pyrimidine ribonucleoside triphosphate biosynthetic process	3	AT3G27440;AT4G23895;AT5G40870	1.39	1.130442391278742	2.1582733812949644	0.15422885572139303	30	693	200	1.0
CG	gain	GO:0009218	pyrimidine ribonucleotide metabolic process	3	AT3G27440;AT4G23895;AT5G40870	1.955	1.2739603604508265	1.5345268542199488	0.2835820895522388	56	693	200	1.0
CG	gain	GO:0009220	pyrimidine ribonucleotide biosynthetic process	3	AT3G27440;AT4G23895;AT5G40870	1.955	1.2739603604508265	1.5345268542199488	0.2835820895522388	56	693	200	1.0
CG	gain	GO:0009247	glycolipid biosynthetic process	3	AT3G09560;AT4G00550;AT4G33030	4.385	2.001693033409469	0.6841505131128849	0.8407960199004975	168	693	200	1.0
CG	gain	GO:0009250	glucan biosynthetic process	10	AT1G06490;AT1G32180;AT2G21590;AT2G44610;AT3G01180;AT3G59100;AT4G16120;AT4G18780;AT5G05170;AT5G65685	17.325	3.4582329302694492	0.5772005772005773	0.9900497512437811	198	693	200	1.0
CG	gain	GO:0009259	ribonucleotide metabolic process	7	AT1G20260;AT3G22960;AT3G27440;AT4G23895;AT5G40870;AT5G47435;AT5G52920	14.38	3.454793770979675	0.48678720445062584	0.9850746268656716	197	693	200	1.0
CG	gain	GO:0009260	ribonucleotide biosynthetic process	4	AT3G27440;AT4G23895;AT5G40870;AT5G47435	7.015	2.3376858214909895	0.5702066999287242	0.9353233830845771	187	693	200	1.0
CG	gain	GO:0009266	response to temperature stimulus	24	AT1G22770;AT1G33910;AT1G49230;AT1G54490;AT1G55490;AT1G63250;AT1G66340;AT1G66730;AT1G74710;AT2G04030;AT2G22360;AT2G39730;AT3G45880;AT3G47020;AT4G07390;AT4G24280;AT4G35090;AT5G15450;AT5G17020;AT5G17690;AT5G37500;AT5G53060;AT5G61410;AT5G64220	65.35	7.3305866068139585	0.36725325172149964	1.0	200	693	200	1.0
CG	gain	GO:0009267	cellular response to starvation	8	AT1G55180;AT1G70460;AT3G09560;AT3G59410;AT4G00550;AT4G33030;AT4G35090;AT5G43370	15.775	3.5148790875362947	0.5071315372424723	0.9950248756218906	199	693	200	1.0
CG	gain	GO:0009292	horizontal gene transfer	4	AT2G19480;AT4G08990;AT4G14140;AT5G49160	3.975	1.7390730289438678	1.0062893081761006	0.5572139303482587	111	693	200	1.0
CG	gain	GO:0009294	DNA-mediated transformation	4	AT2G19480;AT4G08990;AT4G14140;AT5G49160	3.975	1.7390730289438678	1.0062893081761006	0.5572139303482587	111	693	200	1.0
CG	gain	GO:0009308	amine metabolic process	3	AT1G25220;AT1G66340;AT5G14420	8.69	2.435959769782746	0.34522439585730724	0.9950248756218906	199	693	200	1.0
CG	gain	GO:0009314	response to radiation	31	AT1G05120;AT1G07350;AT1G10390;AT1G19350;AT1G22770;AT1G55480;AT1G66730;AT2G02710;AT2G04030;AT2G24720;AT2G24790;AT2G26890;AT2G35510;AT2G36750;AT2G39730;AT2G46790;AT3G02260;AT3G13380;AT3G17800;AT3G48190;AT3G59780;AT3G62030;AT4G35090;AT4G40100;AT5G04140;AT5G17690;AT5G23040;AT5G25060;AT5G40820;AT5G40850;AT5G53660	82.75	7.923225353352014	0.37462235649546827	1.0	200	693	200	1.0
CG	gain	GO:0009408	response to heat	10	AT1G33910;AT1G54490;AT1G66340;AT2G04030;AT2G22360;AT3G47020;AT4G24280;AT5G15450;AT5G17020;AT5G53060	26.705	4.655961232656494	0.3744617112900206	1.0	200	693	200	1.0
CG	gain	GO:0009409	response to cold	13	AT1G22770;AT1G49230;AT1G55490;AT1G63250;AT1G66730;AT1G74710;AT2G39730;AT4G07390;AT4G35090;AT5G17690;AT5G37500;AT5G61410;AT5G64220	39.115	5.460016025617498	0.3323533171417615	1.0	200	693	200	1.0
CG	gain	GO:0009411	response to UV	5	AT1G05120;AT1G19350;AT1G66730;AT2G36750;AT3G17800	13.105	3.063327439239885	0.3815337657382678	1.0	200	693	200	1.0
CG	gain	GO:0009414	response to water deprivation	13	AT1G44170;AT1G49230;AT2G04030;AT2G18960;AT2G25180;AT3G13380;AT3G45140;AT3G46620;AT4G18780;AT4G27010;AT5G19000;AT5G26340;AT5G37500	41.215	6.140747104383928	0.31541914351571027	1.0	200	693	200	1.0
CG	gain	GO:0009415	response to water	13	AT1G44170;AT1G49230;AT2G04030;AT2G18960;AT2G25180;AT3G13380;AT3G45140;AT3G46620;AT4G18780;AT4G27010;AT5G19000;AT5G26340;AT5G37500	42.3	6.206448259673177	0.3073286052009456	1.0	200	693	200	1.0
CG	gain	GO:0009416	response to light stimulus	29	AT1G05120;AT1G07350;AT1G10390;AT1G19350;AT1G22770;AT1G55480;AT1G66730;AT2G02710;AT2G04030;AT2G24720;AT2G24790;AT2G26890;AT2G35510;AT2G36750;AT2G39730;AT2G46790;AT3G02260;AT3G13380;AT3G17800;AT3G59780;AT3G62030;AT4G35090;AT4G40100;AT5G04140;AT5G17690;AT5G23040;AT5G25060;AT5G40850;AT5G53660	78.38	7.881345062868457	0.36999234498596584	1.0	200	693	200	1.0
CG	gain	GO:0009451	RNA modification	10	AT1G19720;AT2G39140;AT3G04750;AT3G13880;AT3G29230;AT3G49710;AT5G08305;AT5G13680;AT5G52850;AT5G66520	31.94	4.84833992207642	0.31308703819661865	1.0	200	693	200	1.0
CG	gain	GO:0009553	embryo sac development	5	AT1G50240;AT2G34260;AT3G11964;AT3G12280;AT5G17020	20.01	4.027393698162614	0.2498750624687656	1.0	200	693	200	1.0
CG	gain	GO:0009555	pollen development	15	AT1G12820;AT1G73177;AT1G79950;AT2G07050;AT2G38185;AT2G38220;AT3G01780;AT3G07610;AT3G12280;AT3G14950;AT4G19180;AT4G29380;AT4G39110;AT5G17020;AT5G58270	45.205	6.417396278865783	0.3318217011392545	1.0	200	693	200	1.0
CG	gain	GO:0009605	response to external stimulus	56	AT1G19350;AT1G25220;AT1G26420;AT1G31280;AT1G49780;AT1G50030;AT1G52940;AT1G55490;AT1G64790;AT1G66340;AT1G66730;AT1G71930;AT1G74710;AT1G79380;AT2G01420;AT2G15280;AT2G15480;AT2G15490;AT2G16390;AT2G18660;AT2G26560;AT2G26890;AT2G31865;AT2G36490;AT2G40030;AT2G41560;AT3G02260;AT3G23780;AT3G27025;AT3G45140;AT3G47110;AT3G49500;AT3G50470;AT3G57720;AT3G59660;AT3G59700;AT3G61710;AT4G16860;AT4G16890;AT4G18780;AT4G19600;AT4G23190;AT4G24100;AT4G33300;AT4G34131;AT4G36280;AT5G04720;AT5G10720;AT5G35450;AT5G42950;AT5G43560;AT5G44510;AT5G44585;AT5G54310;AT5G60280;AT5G61410	139.695	9.97707246641036	0.40087333118579765	1.0	200	693	200	1.0
CG	gain	GO:0009606	tropism	4	AT1G50030;AT2G01420;AT2G26890;AT3G27025	13.22	3.122755193735173	0.302571860816944	1.0	200	693	200	1.0
CG	gain	GO:0009607	response to biotic stimulus	53	AT1G19350;AT1G25220;AT1G26420;AT1G31280;AT1G49780;AT1G50030;AT1G52940;AT1G55490;AT1G64790;AT1G66340;AT1G66730;AT1G71930;AT1G74710;AT1G79380;AT2G15280;AT2G15480;AT2G15490;AT2G16390;AT2G18660;AT2G26560;AT2G31865;AT2G36490;AT2G40030;AT2G41560;AT3G02260;AT3G23780;AT3G45140;AT3G47110;AT3G49500;AT3G50470;AT3G57720;AT3G59660;AT3G59700;AT3G61710;AT4G16860;AT4G16890;AT4G18780;AT4G19600;AT4G23190;AT4G24100;AT4G33300;AT4G34131;AT4G36280;AT5G04720;AT5G10720;AT5G35450;AT5G42950;AT5G43560;AT5G44510;AT5G44585;AT5G54310;AT5G60280;AT5G61410	118.815	9.19895510370614	0.44607162395320454	1.0	200	693	200	1.0
CG	gain	GO:0009611	response to wounding	12	AT1G55480;AT1G66340;AT1G71697;AT1G79380;AT2G20340;AT2G25180;AT2G28290;AT3G17800;AT3G29035;AT3G45140;AT4G20140;AT5G44585	25.335	5.089476888639923	0.47365304914150386	1.0	200	693	200	1.0
CG	gain	GO:0009615	response to virus	7	AT1G31280;AT1G50030;AT2G26560;AT3G49500;AT4G19600;AT4G36280;AT5G42950	11.965	3.3367311848574177	0.5850396991224405	0.9601990049751243	192	693	200	1.0
CG	gain	GO:0009617	response to bacterium	26	AT1G19350;AT1G25220;AT1G26420;AT1G31280;AT1G52940;AT1G64790;AT1G66340;AT1G66730;AT1G74710;AT1G79380;AT2G15280;AT2G41560;AT3G45140;AT3G47110;AT3G57720;AT3G59700;AT4G16890;AT4G18780;AT4G23190;AT4G33300;AT5G04720;AT5G10720;AT5G42950;AT5G44510;AT5G44585;AT5G54310	53.925	6.978493748653799	0.4821511358368104	1.0	200	693	200	1.0
CG	gain	GO:0009620	response to fungus	17	AT1G52940;AT1G71930;AT1G74710;AT2G16390;AT2G31865;AT2G36490;AT2G40030;AT3G02260;AT3G23780;AT3G45140;AT3G50470;AT3G59660;AT3G61710;AT4G16860;AT4G18780;AT5G42950;AT5G60280	35.425	5.480362670480867	0.4798870853916726	1.0	200	693	200	1.0
CG	gain	GO:0009624	response to nematode	3	AT2G41560;AT4G24100;AT5G61410	9.765	2.854781077420822	0.3072196620583717	1.0	200	693	200	1.0
CG	gain	GO:0009625	response to insect	3	AT1G66340;AT2G15480;AT5G44585	4.29	1.9687305554595331	0.6993006993006993	0.8059701492537313	161	693	200	1.0
CG	gain	GO:0009626	plant-type hypersensitive response	3	AT2G26560;AT4G36280;AT5G35450	6.27	2.288471105345227	0.47846889952153115	0.945273631840796	189	693	200	1.0
CG	gain	GO:0009627	systemic acquired resistance	5	AT1G55490;AT1G64790;AT1G74710;AT2G18660;AT4G16890	7.38	2.2126002802133065	0.6775067750677507	0.8955223880597015	179	693	200	1.0
CG	gain	GO:0009628	response to abiotic stimulus	77	AT1G05120;AT1G07350;AT1G10390;AT1G17290;AT1G19350;AT1G22770;AT1G23310;AT1G33910;AT1G44170;AT1G49230;AT1G50030;AT1G53210;AT1G54490;AT1G55180;AT1G55480;AT1G55490;AT1G63250;AT1G66340;AT1G66730;AT1G74710;AT2G01150;AT2G01420;AT2G02710;AT2G04030;AT2G18960;AT2G22360;AT2G24720;AT2G24790;AT2G25180;AT2G26560;AT2G26890;AT2G34390;AT2G35510;AT2G36750;AT2G39730;AT2G46790;AT3G02260;AT3G13380;AT3G17800;AT3G19490;AT3G23150;AT3G27025;AT3G45140;AT3G45880;AT3G46620;AT3G47020;AT3G48190;AT3G48330;AT3G58620;AT3G59780;AT3G62030;AT4G07390;AT4G18780;AT4G24280;AT4G27010;AT4G34131;AT4G35090;AT4G40100;AT5G04140;AT5G14950;AT5G15450;AT5G17020;AT5G17690;AT5G19000;AT5G23040;AT5G25060;AT5G25250;AT5G26340;AT5G37500;AT5G40820;AT5G40850;AT5G53060;AT5G53450;AT5G53660;AT5G54110;AT5G61410;AT5G64220	220.02	13.648062133504242	0.34996818471048086	1.0	200	693	200	1.0
CG	gain	GO:0009629	response to gravity	4	AT1G50030;AT2G01420;AT2G26890;AT3G27025	12.065	2.9497076126287487	0.33153750518027353	1.0	200	693	200	1.0
CG	gain	GO:0009630	gravitropism	4	AT1G50030;AT2G01420;AT2G26890;AT3G27025	10.505	2.8513111019318793	0.38077106139933364	1.0	200	693	200	1.0
CG	gain	GO:0009636	response to toxic substance	6	AT2G04090;AT3G03620;AT3G17790;AT3G59410;AT4G21903;AT4G35090	26.955	4.313116622582795	0.22259321090706735	1.0	200	693	200	1.0
CG	gain	GO:0009637	response to blue light	4	AT1G22770;AT2G02710;AT2G26890;AT4G40100	10.78	2.970117842779983	0.3710575139146568	1.0	200	693	200	1.0
CG	gain	GO:0009639	response to red or far red light	9	AT1G22770;AT2G04030;AT2G24790;AT2G46790;AT3G02260;AT3G59780;AT5G23040;AT5G25060;AT5G53660	22.84	4.226629863141547	0.39404553415061294	1.0	200	693	200	1.0
CG	gain	GO:0009640	photomorphogenesis	4	AT2G04030;AT3G02260;AT3G59780;AT5G23040	9.35	2.52339057618911	0.42780748663101603	1.0	200	693	200	1.0
CG	gain	GO:0009642	response to light intensity	3	AT1G07350;AT1G55480;AT3G62030	15.425	3.20536659369876	0.1944894651539708	1.0	200	693	200	1.0
CG	gain	GO:0009648	photoperiodism	4	AT1G10390;AT2G35510;AT4G35090;AT5G17690	10.735	2.9974614259402927	0.37261294829995345	0.9950248756218906	199	693	200	1.0
CG	gain	GO:0009651	response to salt stress	11	AT1G44170;AT1G53210;AT1G66340;AT2G04030;AT2G35510;AT3G19490;AT3G48330;AT3G62030;AT5G14950;AT5G19000;AT5G26340	47.045	5.89177180481389	0.23381868423849506	1.0	200	693	200	1.0
CG	gain	GO:0009653	anatomical structure morphogenesis	39	AT1G19350;AT1G19360;AT1G21210;AT1G25220;AT1G27340;AT1G36160;AT1G50240;AT1G54490;AT2G01420;AT2G06990;AT2G17500;AT2G25180;AT2G25630;AT2G28290;AT2G35510;AT3G02260;AT3G05040;AT3G06810;AT3G07050;AT3G12280;AT3G15730;AT3G19960;AT3G24240;AT3G56640;AT3G56930;AT3G59420;AT4G02650;AT4G19180;AT4G19600;AT4G20140;AT4G32880;AT5G06600;AT5G13680;AT5G17020;AT5G17690;AT5G24740;AT5G44585;AT5G49680;AT5G61070	111.655	9.19543229000134	0.34929022435179796	1.0	200	693	200	1.0
CG	gain	GO:0009657	plastid organization	10	AT1G24490;AT1G62750;AT2G04270;AT2G07050;AT2G26890;AT2G39140;AT5G15450;AT5G23040;AT5G23120;AT5G58270	28.54	4.979799192738612	0.350385423966363	1.0	200	693	200	1.0
CG	gain	GO:0009658	chloroplast organization	6	AT1G24490;AT1G62750;AT2G04270;AT5G15450;AT5G23040;AT5G58270	21.2	4.201190307519998	0.2830188679245283	1.0	200	693	200	1.0
CG	gain	GO:0009664	plant-type cell wall organization	10	AT1G23720;AT1G51630;AT2G44610;AT3G28550;AT3G54580;AT3G54590;AT4G16120;AT4G20140;AT5G06630;AT5G44585	15.025	3.554486601465812	0.6655574043261231	0.9402985074626866	188	693	200	1.0
CG	gain	GO:0009704	de-etiolation	3	AT2G04030;AT3G59780;AT5G23040	1.75	1.152171862180291	1.7142857142857142	0.22388059701492538	44	693	200	1.0
CG	gain	GO:0009719	response to endogenous stimulus	46	AT1G12820;AT1G19350;AT1G19850;AT1G25220;AT1G30755;AT1G34170;AT1G34390;AT1G35240;AT1G35520;AT1G36160;AT1G44170;AT1G48910;AT1G50030;AT1G66340;AT1G71930;AT1G79380;AT1G79460;AT2G17500;AT2G18960;AT2G22830;AT2G25180;AT2G26070;AT2G33860;AT2G39730;AT2G46790;AT3G02260;AT3G15730;AT3G23150;AT3G42660;AT3G45140;AT3G45880;AT3G46620;AT3G48330;AT3G62030;AT4G15230;AT4G16890;AT4G23260;AT4G29940;AT4G32880;AT5G01990;AT5G06600;AT5G10720;AT5G13680;AT5G26340;AT5G37500;AT5G53060	128.015	10.557214357964035	0.35933289067687385	1.0	200	693	200	1.0
CG	gain	GO:0009723	response to ethylene	5	AT1G25220;AT1G48910;AT1G66340;AT2G26070;AT3G23150	14.335	3.412151081063084	0.34879665155214507	1.0	200	693	200	1.0
CG	gain	GO:0009725	response to hormone	46	AT1G12820;AT1G19350;AT1G19850;AT1G25220;AT1G30755;AT1G34170;AT1G34390;AT1G35240;AT1G35520;AT1G36160;AT1G44170;AT1G48910;AT1G50030;AT1G66340;AT1G71930;AT1G79380;AT1G79460;AT2G17500;AT2G18960;AT2G22830;AT2G25180;AT2G26070;AT2G33860;AT2G39730;AT2G46790;AT3G02260;AT3G15730;AT3G23150;AT3G42660;AT3G45140;AT3G45880;AT3G46620;AT3G48330;AT3G62030;AT4G15230;AT4G16890;AT4G23260;AT4G29940;AT4G32880;AT5G01990;AT5G06600;AT5G10720;AT5G13680;AT5G26340;AT5G37500;AT5G53060	127.73	10.556377219482032	0.36013465904642605	1.0	200	693	200	1.0
CG	gain	GO:0009733	response to auxin	13	AT1G12820;AT1G19850;AT1G50030;AT1G66340;AT1G71930;AT2G17500;AT2G33860;AT3G02260;AT3G42660;AT4G16890;AT4G29940;AT4G32880;AT5G01990	32.55	5.061373331419059	0.39938556067588327	1.0	200	693	200	1.0
CG	gain	GO:0009735	response to cytokinin	5	AT1G36160;AT1G71930;AT2G25180;AT2G46790;AT5G10720	11.115	3.2606402745473173	0.44984255510571297	0.9900497512437811	198	693	200	1.0
CG	gain	GO:0009736	cytokinin-activated signaling pathway	3	AT2G25180;AT2G46790;AT5G10720	6.27	2.29936947879196	0.47846889952153115	0.9552238805970149	191	693	200	1.0
CG	gain	GO:0009737	response to abscisic acid	14	AT1G44170;AT1G66340;AT1G71930;AT2G18960;AT3G15730;AT3G45880;AT3G46620;AT3G48330;AT3G62030;AT4G15230;AT4G23260;AT5G13680;AT5G26340;AT5G37500	51.37	6.578229245017259	0.2725326065797158	1.0	200	693	200	1.0
CG	gain	GO:0009743	response to carbohydrate	7	AT1G27595;AT1G50030;AT1G56140;AT1G66340;AT3G62030;AT5G04140;AT5G17690	23.8	4.658325879540839	0.29411764705882354	1.0	200	693	200	1.0
CG	gain	GO:0009744	response to sucrose	3	AT1G50030;AT5G04140;AT5G17690	8.5	2.543619468395381	0.35294117647058826	0.9950248756218906	199	693	200	1.0
CG	gain	GO:0009753	response to jasmonic acid	6	AT1G79380;AT2G39730;AT3G45140;AT5G06600;AT5G37500;AT5G53060	19.995	4.039179991037778	0.30007501875468867	1.0	200	693	200	1.0
CG	gain	GO:0009755	hormone-mediated signaling pathway	13	AT1G12820;AT1G19350;AT1G66340;AT1G79380;AT1G79460;AT2G25180;AT2G46790;AT3G15730;AT3G23150;AT4G15230;AT5G06600;AT5G10720;AT5G53060	44.835	6.545057295394727	0.2899520463923274	1.0	200	693	200	1.0
CG	gain	GO:0009787	regulation of abscisic acid-activated signaling pathway	6	AT2G01150;AT3G15730;AT3G45880;AT4G09570;AT5G10720;AT5G13680	12.84	3.5741292645901863	0.4672897196261682	1.0	200	693	200	1.0
CG	gain	GO:0009789	positive regulation of abscisic acid-activated signaling pathway	3	AT2G01150;AT3G15730;AT4G09570	5.32	2.134853624958863	0.5639097744360902	0.9502487562189055	190	693	200	1.0
CG	gain	GO:0009790	embryo development	4	AT1G19850;AT2G26890;AT4G20140;AT5G16750	8.875	2.683165108598426	0.4507042253521127	0.9751243781094527	195	693	200	1.0
CG	gain	GO:0009791	post-embryonic development	60	AT1G10390;AT1G12820;AT1G19850;AT1G21210;AT1G21650;AT1G22770;AT1G23420;AT1G25220;AT1G29760;AT1G36160;AT1G43620;AT1G50030;AT1G53580;AT1G55180;AT1G62750;AT1G66340;AT1G66650;AT1G66730;AT1G73177;AT2G01280;AT2G02240;AT2G04030;AT2G06990;AT2G17500;AT2G26890;AT2G28290;AT2G31215;AT2G33860;AT2G34260;AT2G34380;AT2G35510;AT2G42830;AT2G48130;AT3G02260;AT3G07050;AT3G07610;AT3G12280;AT3G15730;AT3G22760;AT3G22960;AT3G27670;AT3G46330;AT3G48330;AT3G49240;AT3G49500;AT3G59420;AT3G59780;AT4G13610;AT4G15180;AT4G19180;AT4G32880;AT5G01930;AT5G04920;AT5G16750;AT5G17690;AT5G23040;AT5G40360;AT5G49160;AT5G52920;AT5G54310	162.115	11.033665528734998	0.37010763963852816	1.0	200	693	200	1.0
CG	gain	GO:0009793	embryo development ending in seed dormancy	22	AT1G19850;AT1G21650;AT1G36160;AT1G50030;AT1G53580;AT2G01280;AT2G02240;AT2G26890;AT2G34260;AT2G35510;AT3G07050;AT3G27670;AT3G46330;AT3G49240;AT3G59420;AT4G13610;AT4G32880;AT5G04920;AT5G16750;AT5G23040;AT5G40360;AT5G49160	52.615	5.986382463558418	0.41813171148911904	1.0	200	693	200	1.0
CG	gain	GO:0009798	axis specification	5	AT1G19850;AT1G23420;AT2G26890;AT3G05040;AT4G20140	7.55	2.6033632093889634	0.6622516556291391	0.900497512437811	180	693	200	1.0
CG	gain	GO:0009826	unidimensional cell growth	8	AT1G21210;AT1G54490;AT2G25630;AT3G02260;AT3G56640;AT4G02650;AT5G17020;AT5G49680	33.3	5.137119815616539	0.24024024024024027	1.0	200	693	200	1.0
CG	gain	GO:0009832	plant-type cell wall biogenesis	8	AT1G51630;AT2G44610;AT4G16120;AT4G17220;AT4G18780;AT4G20140;AT4G33330;AT5G05170	16.095	3.4736112332844673	0.49704877291084193	0.9950248756218906	199	693	200	1.0
CG	gain	GO:0009834	plant-type secondary cell wall biogenesis	3	AT4G18780;AT4G33330;AT5G05170	4.67	2.2093211627103932	0.6423982869379015	0.8258706467661692	165	693	200	1.0
CG	gain	GO:0009845	seed germination	7	AT1G43620;AT1G62750;AT1G66730;AT2G48130;AT3G15730;AT3G48330;AT5G01930	12.705	3.380528804787796	0.5509641873278237	0.9800995024875622	196	693	200	1.0
CG	gain	GO:0009846	pollen germination	7	AT1G29760;AT2G34380;AT2G43900;AT3G56640;AT3G61710;AT4G29380;AT5G17020	7.975	2.3290287675338	0.877742946708464	0.746268656716418	149	693	200	1.0
CG	gain	GO:0009850	auxin metabolic process	4	AT1G25220;AT1G48910;AT2G33860;AT5G14420	4.65	1.9098429254784273	0.8602150537634408	0.7114427860696517	142	693	200	1.0
CG	gain	GO:0009853	photorespiration	5	AT1G23310;AT5G04140;AT5G47435;AT5G52840;AT5G66510	3.51	1.7204359912533802	1.4245014245014247	0.27860696517412936	55	693	200	1.0
CG	gain	GO:0009856	pollination	11	AT1G29760;AT2G25630;AT2G34380;AT2G43900;AT3G56640;AT3G61710;AT4G02650;AT4G29380;AT4G38350;AT5G17020;AT5G49680	30.99	4.7738768312557145	0.3549532107131333	1.0	200	693	200	1.0
CG	gain	GO:0009860	pollen tube growth	5	AT2G25630;AT3G56640;AT4G02650;AT5G17020;AT5G49680	15.28	3.370697257245155	0.3272251308900524	1.0	200	693	200	1.0
CG	gain	GO:0009867	jasmonic acid mediated signaling pathway	3	AT1G79380;AT5G06600;AT5G53060	8.135	2.8489954369917836	0.36877688998156116	0.9850746268656716	197	693	200	1.0
CG	gain	GO:0009880	embryonic pattern specification	3	AT1G19850;AT2G26890;AT5G16750	3.465	1.6244306694962394	0.8658008658008658	0.7164179104477612	143	693	200	1.0
CG	gain	GO:0009889	regulation of biosynthetic process	84	AT1G04970;AT1G07350;AT1G19350;AT1G19510;AT1G19850;AT1G22770;AT1G23420;AT1G25220;AT1G27220;AT1G31280;AT1G31500;AT1G34170;AT1G34180;AT1G34390;AT1G35240;AT1G35520;AT1G44120;AT1G49950;AT1G50030;AT1G54490;AT1G66040;AT1G71930;AT1G75660;AT1G79950;AT2G06990;AT2G10440;AT2G16390;AT2G17150;AT2G19920;AT2G23740;AT2G24790;AT2G25180;AT2G28290;AT2G31215;AT2G32250;AT2G33860;AT2G40030;AT2G42830;AT2G46790;AT3G07050;AT3G07610;AT3G12280;AT3G13840;AT3G22760;AT3G23690;AT3G23780;AT3G27670;AT3G29035;AT3G42660;AT3G45880;AT3G47020;AT3G49250;AT3G49500;AT3G59410;AT3G62930;AT4G00540;AT4G15180;AT4G19600;AT4G22070;AT4G29940;AT4G32880;AT4G35270;AT4G38180;AT4G38350;AT5G03320;AT5G13130;AT5G17690;AT5G20420;AT5G23880;AT5G25060;AT5G32670;AT5G39690;AT5G39900;AT5G40360;AT5G40850;AT5G40870;AT5G42950;AT5G49160;AT5G51230;AT5G53060;AT5G53660;AT5G58270;AT5G60120;AT5G64220	237.93	13.603128316677859	0.35304501323918797	1.0	200	693	200	1.0
CG	gain	GO:0009890	negative regulation of biosynthetic process	26	AT1G19350;AT1G27220;AT1G31280;AT1G31500;AT1G54490;AT1G66040;AT2G16390;AT2G19920;AT2G23740;AT2G40030;AT2G46790;AT3G07050;AT3G07610;AT3G12280;AT3G23780;AT3G45880;AT3G49250;AT3G49500;AT3G62930;AT5G17690;AT5G20420;AT5G23880;AT5G42950;AT5G49160;AT5G53060;AT5G60120	59.705	6.159381056567314	0.4354744158780672	1.0	200	693	200	1.0
CG	gain	GO:0009891	positive regulation of biosynthetic process	13	AT1G34180;AT1G50030;AT1G71930;AT1G75660;AT2G06990;AT2G10440;AT2G42830;AT3G27670;AT4G29940;AT5G39900;AT5G40360;AT5G40850;AT5G64220	48.525	6.208814299042938	0.2679031427099433	1.0	200	693	200	1.0
CG	gain	GO:0009892	negative regulation of metabolic process	31	AT1G19350;AT1G27220;AT1G31280;AT1G31500;AT1G50030;AT1G54490;AT1G66040;AT1G79950;AT2G16390;AT2G19920;AT2G23740;AT2G40030;AT2G46790;AT3G07050;AT3G07610;AT3G12280;AT3G18524;AT3G23780;AT3G45880;AT3G49250;AT3G49500;AT3G62930;AT5G13680;AT5G17690;AT5G20420;AT5G23880;AT5G42950;AT5G44585;AT5G49160;AT5G53060;AT5G60120	68.135	6.89251586867958	0.4549790856388053	1.0	200	693	200	1.0
CG	gain	GO:0009893	positive regulation of metabolic process	15	AT1G31500;AT1G34180;AT1G50030;AT1G71930;AT1G75660;AT2G06990;AT2G10440;AT2G42830;AT3G27670;AT3G59420;AT4G29940;AT5G39900;AT5G40360;AT5G40850;AT5G64220	58.42	6.806878873610131	0.2567613830879836	1.0	200	693	200	1.0
CG	gain	GO:0009908	flower development	14	AT1G19850;AT1G22770;AT1G23420;AT2G06990;AT2G28290;AT2G31215;AT2G33860;AT2G42830;AT3G07050;AT3G07610;AT3G49500;AT4G15180;AT4G19180;AT5G54310	41.675	5.6753303868585805	0.33593281343731257	1.0	200	693	200	1.0
CG	gain	GO:0009909	regulation of flower development	6	AT2G24790;AT3G05040;AT3G24880;AT5G17690;AT5G49160;AT5G51230	18.935	3.490096703531299	0.3168735146554001	1.0	200	693	200	1.0
CG	gain	GO:0009910	negative regulation of flower development	4	AT3G05040;AT5G17690;AT5G49160;AT5G51230	6.355	2.1234347176214294	0.6294256490952006	0.9203980099502488	184	693	200	1.0
CG	gain	GO:0009914	hormone transport	6	AT2G01420;AT2G17500;AT3G02260;AT4G01820;AT4G18050;AT5G01990	15.3	3.5902646142032424	0.39215686274509803	1.0	200	693	200	1.0
CG	gain	GO:0009932	cell tip growth	5	AT2G25630;AT3G56640;AT4G02650;AT5G17020;AT5G49680	19.41	3.9549841971871347	0.2575991756826378	1.0	200	693	200	1.0
CG	gain	GO:0009960	endosperm development	6	AT1G53580;AT2G34260;AT3G12280;AT3G46330;AT3G49240;AT5G40360	2.93	1.5890563237343094	2.04778156996587	0.05970149253731343	11	693	200	1.0
CG	gain	GO:0009965	leaf morphogenesis	4	AT1G27340;AT3G05040;AT3G15730;AT5G13680	10.965	3.105442802564556	0.364797081623347	0.9950248756218906	199	693	200	1.0
CG	gain	GO:0009966	regulation of signal transduction	19	AT1G07910;AT1G27340;AT1G50030;AT1G66340;AT2G01150;AT2G01420;AT2G17500;AT2G25180;AT2G26070;AT2G28290;AT3G15730;AT3G23150;AT3G45880;AT4G01820;AT4G09570;AT4G18050;AT5G10720;AT5G13680;AT5G39500	38.48	5.56503369262041	0.4937629937629938	1.0	200	693	200	1.0
CG	gain	GO:0009967	positive regulation of signal transduction	4	AT1G50030;AT2G01150;AT3G15730;AT4G09570	10.165	2.868409838220477	0.39350713231677326	1.0	200	693	200	1.0
CG	gain	GO:0009968	negative regulation of signal transduction	4	AT1G66340;AT2G26070;AT3G23150;AT5G10720	11.24	3.2790852382943623	0.35587188612099646	0.9950248756218906	199	693	200	1.0
CG	gain	GO:0009987	cellular process	425	AT1G04970;AT1G06490;AT1G07110;AT1G07350;AT1G07910;AT1G10390;AT1G11590;AT1G12050;AT1G12520;AT1G12820;AT1G13560;AT1G17150;AT1G17290;AT1G19350;AT1G19360;AT1G19720;AT1G20260;AT1G21210;AT1G21230;AT1G21640;AT1G21650;AT1G21890;AT1G22150;AT1G22650;AT1G22700;AT1G23030;AT1G23310;AT1G23720;AT1G24490;AT1G25220;AT1G27595;AT1G28100;AT1G28110;AT1G28270;AT1G29760;AT1G29910;AT1G30520;AT1G30630;AT1G31120;AT1G31190;AT1G31360;AT1G31500;AT1G31740;AT1G31830;AT1G32180;AT1G32450;AT1G33910;AT1G34065;AT1G34360;AT1G36160;AT1G36180;AT1G43580;AT1G43620;AT1G44120;AT1G44170;AT1G44835;AT1G44910;AT1G47830;AT1G47890;AT1G48900;AT1G48910;AT1G49210;AT1G49220;AT1G49230;AT1G49780;AT1G49950;AT1G49980;AT1G50030;AT1G50240;AT1G50490;AT1G51630;AT1G53210;AT1G53490;AT1G53580;AT1G54490;AT1G54960;AT1G55060;AT1G55180;AT1G55480;AT1G55490;AT1G55860;AT1G56630;AT1G58030;AT1G58080;AT1G60770;AT1G61480;AT1G62750;AT1G63640;AT1G65550;AT1G65800;AT1G66040;AT1G66120;AT1G66210;AT1G66340;AT1G66650;AT1G66730;AT1G66950;AT1G66960;AT1G67980;AT1G68560;AT1G70320;AT1G70460;AT1G70630;AT1G70760;AT1G71696;AT1G71697;AT1G71920;AT1G71930;AT1G72550;AT1G73177;AT1G74710;AT1G74770;AT1G75220;AT1G75660;AT1G79380;AT1G79460;AT1G79950;AT2G01150;AT2G01280;AT2G01320;AT2G01420;AT2G01990;AT2G03620;AT2G04030;AT2G04062;AT2G04090;AT2G04270;AT2G06990;AT2G07050;AT2G07681;AT2G07687;AT2G07690;AT2G07715;AT2G13620;AT2G15470;AT2G16090;AT2G16390;AT2G16730;AT2G17500;AT2G18660;AT2G18800;AT2G18960;AT2G19480;AT2G19920;AT2G20340;AT2G21300;AT2G21590;AT2G22360;AT2G22450;AT2G22830;AT2G23740;AT2G24720;AT2G24790;AT2G25180;AT2G25630;AT2G26560;AT2G26890;AT2G27060;AT2G28170;AT2G28290;AT2G28640;AT2G28760;AT2G30070;AT2G30290;AT2G31865;AT2G31900;AT2G33860;AT2G34260;AT2G34380;AT2G34390;AT2G36490;AT2G36710;AT2G38185;AT2G38220;AT2G39140;AT2G40030;AT2G41560;AT2G42005;AT2G43420;AT2G43650;AT2G43900;AT2G44610;AT2G46740;AT2G46790;AT3G01180;AT3G01780;AT3G02260;AT3G03510;AT3G03620;AT3G04750;AT3G05040;AT3G05520;AT3G05750;AT3G06500;AT3G06810;AT3G07610;AT3G08530;AT3G08790;AT3G09560;AT3G10650;AT3G10900;AT3G10950;AT3G11730;AT3G11830;AT3G11964;AT3G12280;AT3G13640;AT3G13880;AT3G14400;AT3G15730;AT3G16010;AT3G16680;AT3G16910;AT3G17790;AT3G18524;AT3G19490;AT3G19960;AT3G22760;AT3G22960;AT3G23100;AT3G23110;AT3G23150;AT3G23780;AT3G27430;AT3G27440;AT3G27670;AT3G28550;AT3G29190;AT3G29230;AT3G30842;AT3G32030;AT3G42153;AT3G42550;AT3G42640;AT3G42660;AT3G43570;AT3G44900;AT3G45060;AT3G45140;AT3G45300;AT3G45430;AT3G45880;AT3G46620;AT3G46850;AT3G47020;AT3G48190;AT3G48330;AT3G48930;AT3G49250;AT3G49500;AT3G49710;AT3G51310;AT3G51490;AT3G54580;AT3G54590;AT3G55070;AT3G56450;AT3G56640;AT3G56930;AT3G57720;AT3G57880;AT3G59100;AT3G59410;AT3G59420;AT3G59700;AT3G59780;AT3G60140;AT3G61480;AT3G61710;AT3G62030;AT3G63380;AT4G00290;AT4G00416;AT4G00550;AT4G01440;AT4G01820;AT4G02130;AT4G02650;AT4G03930;AT4G08630;AT4G08990;AT4G09730;AT4G09740;AT4G11120;AT4G11840;AT4G12120;AT4G13590;AT4G14090;AT4G14140;AT4G14210;AT4G15040;AT4G15180;AT4G15230;AT4G16070;AT4G16120;AT4G16190;AT4G16860;AT4G16890;AT4G17220;AT4G18050;AT4G18180;AT4G18780;AT4G19180;AT4G19600;AT4G20140;AT4G21640;AT4G21650;AT4G21903;AT4G22890;AT4G23250;AT4G23895;AT4G24280;AT4G24980;AT4G26140;AT4G26590;AT4G26700;AT4G27030;AT4G27040;AT4G28850;AT4G29380;AT4G30890;AT4G30910;AT4G33030;AT4G33330;AT4G34131;AT4G35090;AT4G35270;AT4G36280;AT4G38380;AT4G39120;AT4G39370;AT5G01630;AT5G01770;AT5G01930;AT5G01990;AT5G02370;AT5G03320;AT5G04140;AT5G04720;AT5G04920;AT5G05170;AT5G05260;AT5G05760;AT5G06600;AT5G06630;AT5G07420;AT5G08305;AT5G10720;AT5G13640;AT5G13680;AT5G14420;AT5G14950;AT5G15450;AT5G16730;AT5G16750;AT5G17020;AT5G17690;AT5G18840;AT5G18990;AT5G19000;AT5G19010;AT5G19600;AT5G19760;AT5G20280;AT5G20420;AT5G20620;AT5G20980;AT5G22030;AT5G22330;AT5G22770;AT5G23040;AT5G23120;AT5G23880;AT5G25060;AT5G25250;AT5G26120;AT5G26340;AT5G27450;AT5G28350;AT5G28550;AT5G35450;AT5G37500;AT5G39500;AT5G39770;AT5G39920;AT5G40820;AT5G40850;AT5G40870;AT5G42260;AT5G42590;AT5G43370;AT5G43560;AT5G44510;AT5G44585;AT5G45240;AT5G46630;AT5G47435;AT5G48800;AT5G49010;AT5G49160;AT5G49680;AT5G51050;AT5G51230;AT5G51450;AT5G52840;AT5G52850;AT5G52920;AT5G53060;AT5G53460;AT5G53660;AT5G54310;AT5G55000;AT5G55930;AT5G58270;AT5G58450;AT5G58700;AT5G60280;AT5G61070;AT5G61410;AT5G64200;AT5G64220;AT5G65685;AT5G66510;AT5G66520;AT5G67530	1130.02	17.996933072057345	0.3760995380612733	1.0	200	693	200	1.0
CG	gain	GO:0010015	root morphogenesis	17	AT1G19360;AT1G25220;AT2G01420;AT2G17500;AT2G25180;AT2G35510;AT3G02260;AT3G06810;AT3G19960;AT3G24240;AT3G56930;AT3G59420;AT5G06600;AT5G24740;AT5G44585;AT5G49680;AT5G61070	37.7	5.422176684690371	0.45092838196286467	1.0	200	693	200	1.0
CG	gain	GO:0010016	shoot system morphogenesis	9	AT1G27340;AT1G36160;AT3G02260;AT3G05040;AT3G12280;AT3G15730;AT4G32880;AT5G13680;AT5G17690	21.855	4.777444400513727	0.4118050789293068	1.0	200	693	200	1.0
CG	gain	GO:0010017	red or far-red light signaling pathway	3	AT2G24790;AT2G46790;AT5G25060	6.015	2.339823711308185	0.49875311720698257	0.9502487562189055	190	693	200	1.0
CG	gain	GO:0010038	response to metal ion	8	AT1G17290;AT1G68560;AT2G26560;AT3G59780;AT5G37500;AT5G40820;AT5G58270;AT5G64220	25.06	4.5832739390091115	0.3192338387869114	1.0	200	693	200	1.0
CG	gain	GO:0010051	xylem and phloem pattern formation	3	AT1G19850;AT1G27340;AT4G17220	9.305	2.7059148175801857	0.32240730789897903	1.0	200	693	200	1.0
CG	gain	GO:0010053	root epidermal cell differentiation	5	AT1G19360;AT3G06810;AT3G56930;AT5G49680;AT5G61070	17.385	3.7358767377952846	0.2876042565429968	1.0	200	693	200	1.0
CG	gain	GO:0010054	trichoblast differentiation	4	AT1G19360;AT3G06810;AT3G56930;AT5G49680	15.56	3.5392654605157787	0.2570694087403599	1.0	200	693	200	1.0
CG	gain	GO:0010073	meristem maintenance	9	AT2G25180;AT2G33860;AT3G07050;AT3G19960;AT3G24240;AT5G01770;AT5G06600;AT5G24740;AT5G44585	20.89	4.425821957557713	0.430828147438966	1.0	200	693	200	1.0
CG	gain	GO:0010074	maintenance of meristem identity	5	AT2G25180;AT3G07050;AT3G24240;AT5G01770;AT5G06600	8.935	2.981740263671534	0.5595970900951315	0.9502487562189055	190	693	200	1.0
CG	gain	GO:0010075	regulation of meristem growth	5	AT2G25180;AT3G19960;AT3G24240;AT5G24740;AT5G44585	7.985	2.4606452405822323	0.6261740763932373	0.9253731343283582	185	693	200	1.0
CG	gain	GO:0010082	regulation of root meristem growth	5	AT2G25180;AT3G19960;AT3G24240;AT5G24740;AT5G44585	4.765	1.876106340269656	1.0493179433368311	0.5323383084577115	106	693	200	1.0
CG	gain	GO:0010087	phloem or xylem histogenesis	5	AT1G54490;AT1G66340;AT1G71930;AT2G23450;AT4G32880	14.135	3.8635184741372717	0.3537318712415989	0.9950248756218906	199	693	200	1.0
CG	gain	GO:0010089	xylem development	3	AT1G71930;AT2G23450;AT4G32880	5.48	2.2225210910135353	0.5474452554744526	0.9203980099502488	184	693	200	1.0
CG	gain	GO:0010101	post-embryonic root morphogenesis	5	AT1G25220;AT2G17500;AT2G35510;AT3G02260;AT3G59420	9.04	2.8527881099023142	0.5530973451327434	0.9402985074626866	188	693	200	1.0
CG	gain	GO:0010102	lateral root morphogenesis	5	AT1G25220;AT2G17500;AT2G35510;AT3G02260;AT3G59420	8.94	2.813609781046407	0.5592841163310962	0.9303482587064676	186	693	200	1.0
CG	gain	GO:0010104	regulation of ethylene-activated signaling pathway	5	AT1G66340;AT2G26070;AT2G28290;AT3G23150;AT5G10720	4.22	1.682735867568051	1.1848341232227488	0.43781094527363185	87	693	200	1.0
CG	gain	GO:0010105	negative regulation of ethylene-activated signaling pathway	4	AT1G66340;AT2G26070;AT3G23150;AT5G10720	2.725	1.4033442200686186	1.4678899082568806	0.27860696517412936	55	693	200	1.0
CG	gain	GO:0010114	response to red light	3	AT2G24790;AT5G25060;AT5G53660	7.83	2.782283235042758	0.3831417624521073	0.9900497512437811	198	693	200	1.0
CG	gain	GO:0010118	stomatal movement	3	AT1G74710;AT2G18960;AT5G37500	7.955	2.704251282702847	0.3771213073538655	0.9800995024875622	196	693	200	1.0
CG	gain	GO:0010119	regulation of stomatal movement	9	AT1G23030;AT1G66340;AT2G18960;AT3G15730;AT3G59700;AT3G59780;AT4G40100;AT5G10720;AT5G37500	13.335	3.4209318905818593	0.6749156355455568	0.9154228855721394	183	693	200	1.0
CG	gain	GO:0010150	leaf senescence	3	AT1G32450;AT2G39730;AT3G29035	11.725	3.086968577747434	0.255863539445629	1.0	200	693	200	1.0
CG	gain	GO:0010154	fruit development	32	AT1G19850;AT1G21650;AT1G29760;AT1G36160;AT1G43620;AT1G50030;AT1G53580;AT1G66340;AT1G66730;AT2G01280;AT2G02240;AT2G26890;AT2G34260;AT2G34380;AT2G35510;AT2G48130;AT3G07050;AT3G12280;AT3G22960;AT3G27670;AT3G46330;AT3G49240;AT3G59420;AT4G13610;AT4G32880;AT5G04920;AT5G13680;AT5G16750;AT5G23040;AT5G40360;AT5G49160;AT5G52920	77.18	8.015460061655775	0.41461518528116087	1.0	200	693	200	1.0
CG	gain	GO:0010162	seed dormancy process	3	AT1G29760;AT1G66340;AT2G34380	3.685	1.7960442644879326	0.8141112618724559	0.7263681592039801	145	693	200	1.0
CG	gain	GO:0010167	response to nitrate	3	AT1G12820;AT1G32450;AT3G62930	2.655	1.3696623671547679	1.1299435028248588	0.4925373134328358	98	693	200	1.0
CG	gain	GO:0010228	vegetative to reproductive phase transition of meristem	6	AT1G10390;AT1G66650;AT2G35510;AT4G15180;AT5G17690;AT5G40360	22.635	3.898945370225118	0.26507620941020543	1.0	200	693	200	1.0
CG	gain	GO:0010229	inflorescence development	3	AT1G73177;AT3G02260;AT5G49160	3.35	1.5960889699512366	0.8955223880597015	0.6915422885572139	138	693	200	1.0
CG	gain	GO:0010286	heat acclimation	3	AT1G54490;AT3G47020;AT5G53060	6.865	2.2420470557060126	0.43699927166788055	0.9850746268656716	197	693	200	1.0
CG	gain	GO:0010311	lateral root formation	4	AT1G25220;AT2G17500;AT3G02260;AT3G59420	6.665	2.377556518781416	0.6001500375093773	0.8955223880597015	179	693	200	1.0
CG	gain	GO:0010315	auxin export across the plasma membrane	4	AT2G01420;AT2G17500;AT4G01820;AT4G18050	4.915	2.04396061605893	0.8138351983723296	0.736318407960199	147	693	200	1.0
CG	gain	GO:0010374	stomatal complex development	3	AT3G07610;AT3G12280;AT3G22760	7.38	2.7378093432523753	0.4065040650406504	0.9751243781094527	195	693	200	1.0
CG	gain	GO:0010380	regulation of chlorophyll biosynthetic process	3	AT2G25180;AT5G40850;AT5G58270	2.6	1.5588457268119893	1.1538461538461537	0.5074626865671642	101	693	200	1.0
CG	gain	GO:0010383	cell wall polysaccharide metabolic process	4	AT1G51630;AT2G44610;AT4G16120;AT4G33330	7.705	2.783518456917431	0.5191434133679429	0.9502487562189055	190	693	200	1.0
CG	gain	GO:0010411	xyloglucan metabolic process	3	AT1G68560;AT2G18800;AT4G28850	3.43	1.7592896293674896	0.8746355685131195	0.6915422885572139	138	693	200	1.0
CG	gain	GO:0010431	seed maturation	5	AT1G29760;AT1G66340;AT2G34380;AT3G22960;AT5G52920	6.295	2.412047885096812	0.7942811755361397	0.7562189054726368	151	693	200	1.0
CG	gain	GO:0010467	gene expression	49	AT1G07350;AT1G07910;AT1G10390;AT1G19350;AT1G34360;AT1G44910;AT1G50030;AT1G55490;AT1G62750;AT1G72550;AT1G73177;AT1G75660;AT2G01280;AT2G04030;AT2G04270;AT2G06990;AT2G07715;AT2G19920;AT2G22360;AT2G39140;AT2G40030;AT2G43650;AT3G10650;AT3G10950;AT3G11830;AT3G11964;AT3G13640;AT3G16010;AT3G16680;AT3G23780;AT3G48190;AT3G48930;AT3G49500;AT3G62030;AT4G09730;AT4G11120;AT4G24280;AT5G13680;AT5G15450;AT5G16750;AT5G23040;AT5G23880;AT5G25060;AT5G39920;AT5G53060;AT5G53660;AT5G58450;AT5G64200;AT5G67530	146.53	10.362388720753449	0.3344025114311063	1.0	200	693	200	1.0
CG	gain	GO:0010468	regulation of gene expression	77	AT1G04970;AT1G07350;AT1G19350;AT1G19510;AT1G19850;AT1G22770;AT1G23420;AT1G27220;AT1G31280;AT1G31500;AT1G34170;AT1G34180;AT1G34390;AT1G35240;AT1G35520;AT1G49950;AT1G50030;AT1G54490;AT1G66040;AT1G71930;AT1G75660;AT1G79950;AT2G06990;AT2G10440;AT2G16390;AT2G17150;AT2G19920;AT2G23740;AT2G24790;AT2G25180;AT2G28290;AT2G31215;AT2G32250;AT2G33860;AT2G40030;AT2G42830;AT2G46790;AT3G07050;AT3G07610;AT3G12280;AT3G13840;AT3G22760;AT3G23690;AT3G23780;AT3G27670;AT3G29035;AT3G42660;AT3G45880;AT3G47020;AT3G49250;AT3G49500;AT3G59410;AT3G62930;AT4G00540;AT4G15180;AT4G19600;AT4G22070;AT4G29940;AT4G32880;AT4G35270;AT4G38180;AT5G13130;AT5G17690;AT5G20420;AT5G23880;AT5G25060;AT5G32670;AT5G39690;AT5G39900;AT5G40360;AT5G42950;AT5G49160;AT5G51230;AT5G53060;AT5G53660;AT5G60120;AT5G64220	220.275	13.572007036543877	0.34956304619225964	1.0	200	693	200	1.0
CG	gain	GO:0010498	proteasomal protein catabolic process	3	AT1G74770;AT3G47020;AT3G55070	8.87	2.87456083602348	0.33821871476888393	1.0	200	693	200	1.0
CG	gain	GO:0010556	regulation of macromolecule biosynthetic process	80	AT1G04970;AT1G07350;AT1G19350;AT1G19510;AT1G19850;AT1G22770;AT1G23420;AT1G27220;AT1G31280;AT1G31500;AT1G34170;AT1G34180;AT1G34390;AT1G35240;AT1G35520;AT1G44120;AT1G49950;AT1G50030;AT1G54490;AT1G66040;AT1G71930;AT1G75660;AT1G79950;AT2G06990;AT2G10440;AT2G16390;AT2G17150;AT2G19920;AT2G23740;AT2G24790;AT2G25180;AT2G28290;AT2G31215;AT2G32250;AT2G33860;AT2G40030;AT2G42830;AT2G46790;AT3G07050;AT3G07610;AT3G12280;AT3G13840;AT3G22760;AT3G23690;AT3G23780;AT3G27670;AT3G29035;AT3G42660;AT3G45880;AT3G47020;AT3G49250;AT3G49500;AT3G59410;AT3G62930;AT4G00540;AT4G15180;AT4G19600;AT4G22070;AT4G29940;AT4G32880;AT4G35270;AT4G38180;AT4G38350;AT5G13130;AT5G17690;AT5G20420;AT5G23880;AT5G25060;AT5G32670;AT5G39690;AT5G39900;AT5G40360;AT5G40870;AT5G42950;AT5G49160;AT5G51230;AT5G53060;AT5G53660;AT5G60120;AT5G64220	224.94	13.675393961418457	0.35565039566106516	1.0	200	693	200	1.0
CG	gain	GO:0010557	positive regulation of macromolecule biosynthetic process	12	AT1G34180;AT1G50030;AT1G71930;AT1G75660;AT2G06990;AT2G10440;AT2G42830;AT3G27670;AT4G29940;AT5G39900;AT5G40360;AT5G64220	42.295	5.753083955584142	0.2837214800803877	1.0	200	693	200	1.0
CG	gain	GO:0010558	negative regulation of macromolecule biosynthetic process	26	AT1G19350;AT1G27220;AT1G31280;AT1G31500;AT1G54490;AT1G66040;AT2G16390;AT2G19920;AT2G23740;AT2G40030;AT2G46790;AT3G07050;AT3G07610;AT3G12280;AT3G23780;AT3G45880;AT3G49250;AT3G49500;AT3G62930;AT5G17690;AT5G20420;AT5G23880;AT5G42950;AT5G49160;AT5G53060;AT5G60120	57.935	6.060591967786645	0.4487788038318805	1.0	200	693	200	1.0
CG	gain	GO:0010564	regulation of cell cycle process	3	AT3G12280;AT3G18524;AT3G59420	11.16	2.99406078762606	0.26881720430107525	1.0	200	693	200	1.0
CG	gain	GO:0010604	positive regulation of macromolecule metabolic process	14	AT1G31500;AT1G34180;AT1G50030;AT1G71930;AT1G75660;AT2G06990;AT2G10440;AT2G42830;AT3G27670;AT3G59420;AT4G29940;AT5G39900;AT5G40360;AT5G64220	49.865	6.24634092889586	0.2807580467261606	1.0	200	693	200	1.0
CG	gain	GO:0010605	negative regulation of macromolecule metabolic process	28	AT1G19350;AT1G27220;AT1G31280;AT1G31500;AT1G54490;AT1G66040;AT1G79950;AT2G16390;AT2G19920;AT2G23740;AT2G40030;AT2G46790;AT3G07050;AT3G07610;AT3G12280;AT3G18524;AT3G23780;AT3G45880;AT3G49250;AT3G49500;AT3G62930;AT5G17690;AT5G20420;AT5G23880;AT5G42950;AT5G49160;AT5G53060;AT5G60120	62.82	6.523618627724925	0.44571792422795287	1.0	200	693	200	1.0
CG	gain	GO:0010608	post-transcriptional regulation of gene expression	9	AT1G31280;AT1G31500;AT2G40030;AT3G23780;AT3G49500;AT3G59410;AT5G23880;AT5G39900;AT5G42950	16.385	3.5520099943552954	0.549282880683552	0.9900497512437811	198	693	200	1.0
CG	gain	GO:0010628	positive regulation of gene expression	5	AT1G71930;AT1G75660;AT2G06990;AT3G27670;AT5G39900	9.715	2.665290790889429	0.514668039114771	0.9800995024875622	196	693	200	1.0
CG	gain	GO:0010629	negative regulation of gene expression	20	AT1G31280;AT1G31500;AT1G54490;AT1G66040;AT2G16390;AT2G19920;AT2G23740;AT2G40030;AT3G07610;AT3G23780;AT3G45880;AT3G49250;AT3G49500;AT5G17690;AT5G20420;AT5G23880;AT5G42950;AT5G49160;AT5G53060;AT5G60120	39.26	4.680000000000018	0.5094243504839532	1.0	200	693	200	1.0
CG	gain	GO:0010639	negative regulation of organelle organization	3	AT1G20260;AT3G05520;AT3G18524	3.195	1.5990544080799756	0.9389671361502347	0.6417910447761194	128	693	200	1.0
CG	gain	GO:0010646	regulation of cell communication	19	AT1G07910;AT1G27340;AT1G50030;AT1G66340;AT2G01150;AT2G01420;AT2G17500;AT2G25180;AT2G26070;AT2G28290;AT3G15730;AT3G23150;AT3G45880;AT4G01820;AT4G09570;AT4G18050;AT5G10720;AT5G13680;AT5G39500	38.715	5.592296040089407	0.49076585302854187	1.0	200	693	200	1.0
CG	gain	GO:0010647	positive regulation of cell communication	4	AT1G50030;AT2G01150;AT3G15730;AT4G09570	10.165	2.868409838220477	0.39350713231677326	1.0	200	693	200	1.0
CG	gain	GO:0010648	negative regulation of cell communication	4	AT1G66340;AT2G26070;AT3G23150;AT5G10720	11.475	3.295356581616017	0.3485838779956427	0.9950248756218906	199	693	200	1.0
CG	gain	GO:0010817	regulation of hormone levels	12	AT1G25220;AT1G48910;AT1G66340;AT2G01420;AT2G17500;AT2G33860;AT3G02260;AT3G27025;AT4G01820;AT4G18050;AT5G01990;AT5G14420	30.61	5.074238859178791	0.3920287487749102	1.0	200	693	200	1.0
CG	gain	GO:0010876	lipid localization	6	AT2G48130;AT4G08670;AT4G15230;AT4G17140;AT4G38350;AT5G24740	12.8	3.2249030993194165	0.46875	1.0	200	693	200	1.0
CG	gain	GO:0010928	regulation of auxin mediated signaling pathway	8	AT1G07910;AT1G27340;AT1G50030;AT2G01420;AT2G17500;AT4G01820;AT4G18050;AT5G13680	9.445	2.8083758651576525	0.8470089994706194	0.746268656716418	149	693	200	1.0
CG	gain	GO:0012501	programmed cell death	3	AT2G26560;AT4G36280;AT5G35450	11.49	3.220232910831136	0.2610966057441253	1.0	200	693	200	1.0
CG	gain	GO:0015031	protein transport	19	AT1G21650;AT1G47830;AT2G04030;AT2G26890;AT2G30290;AT3G05040;AT3G08530;AT3G08790;AT3G09560;AT3G51310;AT3G56450;AT3G56640;AT3G61480;AT3G61710;AT5G05760;AT5G17020;AT5G22770;AT5G28350;AT5G46630	40.6	5.74020905542645	0.46798029556650245	1.0	200	693	200	1.0
CG	gain	GO:0015698	inorganic anion transport	6	AT1G22150;AT1G32450;AT3G45060;AT5G19600;AT5G43370;AT5G51050	11.375	3.1771646164465595	0.5274725274725275	0.9751243781094527	195	693	200	1.0
CG	gain	GO:0015718	monocarboxylic acid transport	4	AT2G34390;AT2G48130;AT3G19490;AT4G15230	3.935	1.905459262225251	1.0165184243964422	0.5621890547263682	112	693	200	1.0
CG	gain	GO:0015748	organophosphate ester transport	3	AT4G17140;AT5G24740;AT5G51050	11.67	2.884631692261596	0.2570694087403599	1.0	200	693	200	1.0
CG	gain	GO:0015849	organic acid transport	6	AT2G34390;AT2G42005;AT2G48130;AT3G19490;AT4G15230;AT5G19760	10.01	2.9933092055449273	0.5994005994005994	0.9601990049751243	192	693	200	1.0
CG	gain	GO:0015850	organic hydroxy compound transport	3	AT2G34390;AT4G15230;AT4G38350	2.93	1.5248278591368924	1.023890784982935	0.5771144278606966	115	693	200	1.0
CG	gain	GO:0015931	nucleobase-containing compound transport	4	AT1G10390;AT3G05040;AT3G10650;AT5G51050	12.335	2.9022017503957187	0.3242805026347791	1.0	200	693	200	1.0
CG	gain	GO:0015979	photosynthesis	6	AT1G22700;AT1G29910;AT1G55480;AT1G70760;AT4G22890;AT5G61410	13.525	3.382214511233729	0.4436229205175601	1.0	200	693	200	1.0
CG	gain	GO:0015980	energy derivation by oxidation of organic compounds	7	AT2G07687;AT2G18660;AT2G21590;AT3G22960;AT3G45300;AT5G52840;AT5G52920	16.605	3.732154203673795	0.4215597711532671	1.0	200	693	200	1.0
CG	gain	GO:0016036	cellular response to phosphate starvation	7	AT1G55180;AT1G70460;AT3G09560;AT4G00550;AT4G33030;AT4G35090;AT5G43370	8.845	2.5711816349686347	0.791407574901074	0.8258706467661692	165	693	200	1.0
CG	gain	GO:0016043	cellular component organization	87	AT1G11590;AT1G20260;AT1G22700;AT1G23720;AT1G24490;AT1G29760;AT1G43580;AT1G49950;AT1G50240;AT1G51630;AT1G53490;AT1G54490;AT1G54960;AT1G55480;AT1G60770;AT1G62750;AT1G66040;AT1G66340;AT1G70760;AT1G79950;AT2G01280;AT2G01990;AT2G04270;AT2G07050;AT2G07681;AT2G16390;AT2G18800;AT2G19480;AT2G23740;AT2G26890;AT2G28290;AT2G31900;AT2G34260;AT2G34380;AT2G36710;AT2G39140;AT2G44610;AT3G05520;AT3G05750;AT3G07610;AT3G10650;AT3G12280;AT3G16010;AT3G23780;AT3G28550;AT3G42660;AT3G45880;AT3G48190;AT3G49250;AT3G54580;AT3G54590;AT3G57880;AT3G61710;AT4G00416;AT4G02650;AT4G03930;AT4G09730;AT4G15180;AT4G16120;AT4G17220;AT4G19180;AT4G20140;AT4G26700;AT5G04920;AT5G05760;AT5G06630;AT5G07420;AT5G15450;AT5G16730;AT5G17690;AT5G18990;AT5G20420;AT5G22330;AT5G23040;AT5G23120;AT5G25250;AT5G39500;AT5G39770;AT5G40820;AT5G43560;AT5G44585;AT5G49160;AT5G51230;AT5G55000;AT5G58270;AT5G61070;AT5G66510	234.005	14.024085531684472	0.3717869276297515	1.0	200	693	200	1.0
CG	gain	GO:0016049	cell growth	13	AT1G21210;AT1G44120;AT1G54490;AT1G55180;AT2G25630;AT3G02260;AT3G06810;AT3G56640;AT3G56930;AT4G02650;AT5G17020;AT5G17690;AT5G49680	44.825	5.941748480035124	0.29001673173452314	1.0	200	693	200	1.0
CG	gain	GO:0016051	carbohydrate biosynthetic process	16	AT1G06490;AT1G32180;AT1G51630;AT2G21590;AT2G44610;AT2G46740;AT3G01180;AT3G59100;AT4G02130;AT4G16120;AT4G18780;AT4G33330;AT5G05170;AT5G20280;AT5G61410;AT5G65685	37.69	5.485790736074454	0.42451578668081724	1.0	200	693	200	1.0
CG	gain	GO:0016052	carbohydrate catabolic process	10	AT1G11590;AT1G68560;AT2G36710;AT3G10900;AT3G22960;AT4G03930;AT5G01930;AT5G07420;AT5G18990;AT5G52920	21.82	4.815350454535991	0.458295142071494	0.9950248756218906	199	693	200	1.0
CG	gain	GO:0016070	RNA metabolic process	41	AT1G07350;AT1G07910;AT1G19350;AT1G19720;AT1G31500;AT1G44835;AT1G44910;AT1G50030;AT1G54490;AT1G72550;AT1G73177;AT1G75660;AT2G01280;AT2G04270;AT2G06990;AT2G19920;AT2G39140;AT2G40030;AT2G43650;AT3G04750;AT3G11964;AT3G13880;AT3G16010;AT3G16680;AT3G23780;AT3G29230;AT3G48190;AT3G49500;AT3G49710;AT4G09730;AT5G08305;AT5G13680;AT5G16750;AT5G23880;AT5G25060;AT5G39920;AT5G52850;AT5G53060;AT5G53660;AT5G64200;AT5G66520	125.78	10.107996834190228	0.3259659723326443	1.0	200	693	200	1.0
CG	gain	GO:0016071	mRNA metabolic process	8	AT1G31500;AT1G44910;AT1G54490;AT2G04270;AT2G06990;AT5G23880;AT5G39920;AT5G64200	35.535	5.526189917112915	0.225130153369917	1.0	200	693	200	1.0
CG	gain	GO:0016072	rRNA metabolic process	8	AT1G50030;AT1G75660;AT2G04270;AT2G39140;AT2G43650;AT3G11964;AT4G09730;AT5G16750	13.52	3.5818431009746963	0.591715976331361	0.9850746268656716	197	693	200	1.0
CG	gain	GO:0016101	diterpenoid metabolic process	3	AT1G79460;AT3G29190;AT3G32030	5.4	2.1517434791350003	0.5555555555555555	0.9154228855721394	183	693	200	1.0
CG	gain	GO:0016102	diterpenoid biosynthetic process	3	AT1G79460;AT3G29190;AT3G32030	4.61	2.006962879576999	0.6507592190889371	0.8606965174129353	172	693	200	1.0
CG	gain	GO:0016114	terpenoid biosynthetic process	7	AT1G28100;AT1G66960;AT1G79460;AT2G07050;AT3G29190;AT3G32030;AT4G14210	12.155	3.3602046068654814	0.5758946935417524	0.9701492537313433	194	693	200	1.0
CG	gain	GO:0016192	vesicle-mediated transport	19	AT1G30630;AT1G47830;AT2G26890;AT2G28640;AT2G44610;AT3G08530;AT3G08790;AT3G11730;AT3G51310;AT4G02650;AT4G12120;AT4G27040;AT4G29380;AT5G04920;AT5G05760;AT5G22770;AT5G39500;AT5G46630;AT5G54310	41.83	5.860127984950507	0.45421945971790584	1.0	200	693	200	1.0
CG	gain	GO:0016197	endosomal transport	3	AT3G08790;AT3G51310;AT5G04920	4.97	2.0661800502376364	0.6036217303822938	0.900497512437811	180	693	200	1.0
CG	gain	GO:0016236	macroautophagy	3	AT3G61710;AT4G29380;AT5G43560	2.58	1.3760813929415658	1.1627906976744187	0.48258706467661694	96	693	200	1.0
CG	gain	GO:0016310	phosphorylation	6	AT1G65800;AT3G45430;AT3G59410;AT3G59700;AT4G23250;AT5G60280	20.155	3.9536027873320783	0.2976928801786157	1.0	200	693	200	1.0
CG	gain	GO:0016441	post-transcriptional gene silencing	5	AT1G31280;AT2G40030;AT3G23780;AT3G49500;AT5G23880	6.95	2.2972810015320277	0.7194244604316546	0.8656716417910447	173	693	200	1.0
CG	gain	GO:0016567	protein ubiquitination	27	AT1G12820;AT1G23030;AT1G49210;AT1G49220;AT1G49230;AT1G49780;AT1G50490;AT1G53490;AT1G55860;AT1G66040;AT1G66650;AT1G70320;AT1G73177;AT1G74770;AT2G01150;AT2G16090;AT2G38185;AT2G38220;AT3G03510;AT3G46620;AT3G47020;AT5G14420;AT5G19000;AT5G48800;AT5G51450;AT5G55000;AT5G67530	55.135	6.884531574479135	0.4897070826153986	1.0	200	693	200	1.0
CG	gain	GO:0016579	protein deubiquitination	5	AT3G14400;AT4G30890;AT4G39370;AT5G06600;AT5G22030	6.89	2.399562460116427	0.725689404934688	0.8606965174129353	172	693	200	1.0
CG	gain	GO:0019216	regulation of lipid metabolic process	3	AT1G50030;AT4G38350;AT5G40360	11.03	2.9358303765715106	0.271985494106981	1.0	200	693	200	1.0
CG	gain	GO:0019219	regulation of nucleobase-containing compound metabolic process	56	AT1G19350;AT1G19510;AT1G19850;AT1G22770;AT1G23420;AT1G27220;AT1G31500;AT1G34170;AT1G34180;AT1G34390;AT1G35240;AT1G35520;AT1G49950;AT1G50030;AT1G71930;AT1G79950;AT2G10440;AT2G17150;AT2G23740;AT2G24790;AT2G25180;AT2G28290;AT2G31215;AT2G31865;AT2G32250;AT2G33860;AT2G42830;AT2G46790;AT3G07050;AT3G12280;AT3G13840;AT3G18524;AT3G22760;AT3G23690;AT3G29035;AT3G48190;AT3G59420;AT3G62930;AT4G00540;AT4G19600;AT4G22070;AT4G29940;AT4G32880;AT4G35270;AT4G36280;AT4G38180;AT5G13130;AT5G17690;AT5G32670;AT5G39690;AT5G40360;AT5G40820;AT5G51230;AT5G53660;AT5G60120;AT5G64220	184.53	13.139219915961538	0.30347368991491896	1.0	200	693	200	1.0
CG	gain	GO:0019222	regulation of metabolic process	93	AT1G04970;AT1G07350;AT1G19350;AT1G19510;AT1G19850;AT1G22770;AT1G23420;AT1G25220;AT1G27220;AT1G31280;AT1G31500;AT1G34170;AT1G34180;AT1G34390;AT1G35240;AT1G35520;AT1G44120;AT1G49950;AT1G50030;AT1G54490;AT1G66040;AT1G71930;AT1G75660;AT1G79950;AT2G06990;AT2G10440;AT2G16390;AT2G17150;AT2G19920;AT2G23740;AT2G24790;AT2G25180;AT2G28290;AT2G31215;AT2G31865;AT2G32250;AT2G33860;AT2G40030;AT2G42830;AT2G46790;AT3G07050;AT3G07610;AT3G12280;AT3G13840;AT3G18524;AT3G22760;AT3G23690;AT3G23780;AT3G27440;AT3G27670;AT3G29035;AT3G42660;AT3G45880;AT3G47020;AT3G48190;AT3G49250;AT3G49500;AT3G59410;AT3G59420;AT3G62930;AT4G00540;AT4G15180;AT4G19600;AT4G22070;AT4G29940;AT4G32880;AT4G35270;AT4G36280;AT4G38180;AT4G38350;AT5G03320;AT5G13130;AT5G13680;AT5G17690;AT5G20420;AT5G23880;AT5G25060;AT5G32670;AT5G39690;AT5G39900;AT5G40360;AT5G40820;AT5G40850;AT5G40870;AT5G42950;AT5G44585;AT5G49160;AT5G51230;AT5G53060;AT5G53660;AT5G58270;AT5G60120;AT5G64220	268.64	14.481035874549912	0.3461882072662299	1.0	200	693	200	1.0
CG	gain	GO:0019252	starch biosynthetic process	3	AT2G21590;AT3G01180;AT5G65685	4.9	1.9924858845171263	0.6122448979591836	0.8756218905472637	175	693	200	1.0
CG	gain	GO:0019538	protein metabolic process	76	AT1G12820;AT1G23030;AT1G28110;AT1G34360;AT1G49210;AT1G49220;AT1G49230;AT1G49780;AT1G50490;AT1G53490;AT1G55060;AT1G55480;AT1G55490;AT1G55860;AT1G62750;AT1G65800;AT1G66040;AT1G66210;AT1G66650;AT1G70320;AT1G71696;AT1G72550;AT1G73177;AT1G74770;AT2G01150;AT2G04030;AT2G07715;AT2G16090;AT2G22360;AT2G38185;AT2G38220;AT2G39140;AT3G03510;AT3G08790;AT3G10950;AT3G11830;AT3G13640;AT3G14400;AT3G27430;AT3G42550;AT3G45430;AT3G46620;AT3G46850;AT3G47020;AT3G48330;AT3G48930;AT3G55070;AT3G59410;AT3G59700;AT3G62030;AT4G11120;AT4G15040;AT4G16190;AT4G21640;AT4G21650;AT4G23250;AT4G24280;AT4G30890;AT4G30910;AT4G39370;AT5G06600;AT5G14420;AT5G14950;AT5G15450;AT5G19000;AT5G20620;AT5G22030;AT5G23040;AT5G28550;AT5G48800;AT5G51450;AT5G55000;AT5G58270;AT5G58450;AT5G60280;AT5G67530	213.065	11.883214001270849	0.3566986600333232	1.0	200	693	200	1.0
CG	gain	GO:0019637	organophosphate metabolic process	25	AT1G07110;AT1G13560;AT1G20260;AT1G21640;AT1G31190;AT1G36160;AT1G36180;AT1G50030;AT1G55180;AT1G71697;AT2G28760;AT2G43900;AT3G09560;AT3G15730;AT3G22960;AT3G27440;AT4G11840;AT4G23895;AT4G27030;AT5G27450;AT5G40870;AT5G47435;AT5G52920;AT5G58270;AT5G61410	62.115	7.613263098041454	0.40247927231747566	1.0	200	693	200	1.0
CG	gain	GO:0019684	photosynthesis, light reaction	5	AT1G22700;AT1G29910;AT1G55480;AT1G70760;AT4G22890	8.055	2.6252571302636274	0.6207324643078833	0.9203980099502488	184	693	200	1.0
CG	gain	GO:0019693	ribose phosphate metabolic process	7	AT1G20260;AT3G22960;AT3G27440;AT4G23895;AT5G40870;AT5G47435;AT5G52920	14.38	3.454793770979675	0.48678720445062584	0.9850746268656716	197	693	200	1.0
CG	gain	GO:0019722	calcium-mediated signaling	3	AT1G28270;AT2G24720;AT4G13590	6.585	2.470379525498056	0.45558086560364464	0.9601990049751243	192	693	200	1.0
CG	gain	GO:0019725	cellular homeostasis	11	AT1G12520;AT1G27595;AT1G58030;AT1G74770;AT2G17500;AT2G24720;AT2G41560;AT3G17790;AT4G35090;AT5G53460;AT5G58270	23.795	4.427524703488384	0.4622819920151292	1.0	200	693	200	1.0
CG	gain	GO:0019751	polyol metabolic process	3	AT1G31190;AT2G43900;AT4G39120	5.605	2.19293752760994	0.535236396074933	0.9402985074626866	188	693	200	1.0
CG	gain	GO:0019752	carboxylic acid metabolic process	28	AT1G12050;AT1G17290;AT1G23310;AT1G25220;AT1G36160;AT1G36180;AT1G43580;AT1G58080;AT1G66120;AT1G71920;AT1G74710;AT1G79460;AT2G20340;AT2G26560;AT2G46740;AT3G15730;AT3G16910;AT3G22960;AT3G45140;AT3G45300;AT3G62030;AT4G27030;AT4G39120;AT5G04140;AT5G20980;AT5G44585;AT5G52920;AT5G53460	76.05	7.92890282447706	0.36817882971729127	1.0	200	693	200	1.0
CG	gain	GO:0019827	stem cell population maintenance	5	AT2G25180;AT3G07050;AT3G24240;AT5G01770;AT5G06600	10.835	3.264624787016111	0.46146746654360865	0.9800995024875622	196	693	200	1.0
CG	gain	GO:0019941	modification-dependent protein catabolic process	10	AT1G55060;AT1G55860;AT1G66650;AT1G70320;AT1G74770;AT3G08790;AT3G27430;AT3G47020;AT3G55070;AT5G20620	25.23	4.708194983218092	0.3963535473642489	1.0	200	693	200	1.0
CG	gain	GO:0019953	sexual reproduction	9	AT1G50240;AT1G53490;AT2G01990;AT3G12280;AT3G48190;AT5G01630;AT5G39770;AT5G40820;AT5G48605	27.87	4.834573404138147	0.3229278794402583	1.0	200	693	200	1.0
CG	gain	GO:0021700	developmental maturation	11	AT1G12820;AT1G19360;AT1G29760;AT1G66340;AT1G73177;AT2G34380;AT3G06810;AT3G22960;AT3G56930;AT5G49680;AT5G52920	24.04	4.320694388637088	0.4575707154742097	1.0	200	693	200	1.0
CG	gain	GO:0022402	cell cycle process	11	AT1G50240;AT1G53490;AT2G01990;AT3G01780;AT3G05750;AT3G12280;AT3G48190;AT4G08630;AT5G05170;AT5G39770;AT5G49160	44.605	5.948022780723027	0.24660912453760792	1.0	200	693	200	1.0
CG	gain	GO:0022414	reproductive process	66	AT1G10390;AT1G19850;AT1G21650;AT1G22770;AT1G23420;AT1G29760;AT1G36160;AT1G43620;AT1G50030;AT1G50240;AT1G53490;AT1G53580;AT1G66340;AT1G66650;AT1G66730;AT1G73177;AT2G01280;AT2G01990;AT2G02240;AT2G06990;AT2G25630;AT2G26890;AT2G28290;AT2G31215;AT2G33860;AT2G34260;AT2G34380;AT2G35510;AT2G42830;AT2G43900;AT2G48130;AT3G02260;AT3G07050;AT3G07610;AT3G12280;AT3G22960;AT3G27670;AT3G46330;AT3G48190;AT3G49240;AT3G49500;AT3G56640;AT3G59420;AT3G61710;AT4G02650;AT4G13610;AT4G15180;AT4G19180;AT4G29380;AT4G32880;AT4G38350;AT5G01630;AT5G04920;AT5G13680;AT5G16750;AT5G17020;AT5G17690;AT5G23040;AT5G39770;AT5G40360;AT5G40820;AT5G48605;AT5G49160;AT5G49680;AT5G52920;AT5G54310	180.845	11.997123613600175	0.3649534131438525	1.0	200	693	200	1.0
CG	gain	GO:0022603	regulation of anatomical structure morphogenesis	4	AT1G28270;AT4G20140;AT4G39110;AT5G44585	18.765	4.0385362447302615	0.21316280309086064	1.0	200	693	200	1.0
CG	gain	GO:0022604	regulation of cell morphogenesis	3	AT1G28270;AT4G39110;AT5G44585	11.775	3.030573378092005	0.25477707006369427	1.0	200	693	200	1.0
CG	gain	GO:0022607	cellular component assembly	30	AT1G20260;AT1G22700;AT1G29760;AT1G49950;AT1G53490;AT1G55480;AT1G60770;AT1G70760;AT2G01280;AT2G07681;AT2G16390;AT2G19480;AT2G34380;AT3G05750;AT3G07610;AT3G16010;AT3G23780;AT3G49250;AT3G61710;AT4G02650;AT4G09730;AT4G19180;AT4G20140;AT4G26700;AT5G17690;AT5G20420;AT5G22330;AT5G23120;AT5G55000;AT5G66510	68.04	7.950999937114755	0.4409171075837742	1.0	200	693	200	1.0
CG	gain	GO:0022611	dormancy process	3	AT1G29760;AT1G66340;AT2G34380	3.685	1.7960442644879326	0.8141112618724559	0.7263681592039801	145	693	200	1.0
CG	gain	GO:0022613	ribonucleoprotein complex biogenesis	9	AT1G60770;AT1G75660;AT2G04270;AT2G39140;AT2G43650;AT3G11964;AT4G09730;AT5G16750;AT5G22330	18.735	4.056448569869953	0.4803843074459568	1.0	200	693	200	1.0
CG	gain	GO:0022622	root system development	28	AT1G12820;AT1G19360;AT1G19850;AT1G21210;AT1G25220;AT1G36160;AT1G55180;AT1G79950;AT2G01420;AT2G17500;AT2G18800;AT2G25180;AT2G35510;AT3G02260;AT3G05040;AT3G06810;AT3G19960;AT3G24240;AT3G45880;AT3G56930;AT3G59420;AT5G06600;AT5G10720;AT5G24740;AT5G44585;AT5G49680;AT5G58270;AT5G61070	67.025	7.218336027090937	0.4177545691906005	1.0	200	693	200	1.0
CG	gain	GO:0022900	electron transport chain	4	AT1G70760;AT2G07687;AT4G22890;AT5G52840	6.335	2.4088949748795616	0.6314127861089187	0.8905472636815921	178	693	200	1.0
CG	gain	GO:0023051	regulation of signaling	19	AT1G07910;AT1G27340;AT1G50030;AT1G66340;AT2G01150;AT2G01420;AT2G17500;AT2G25180;AT2G26070;AT2G28290;AT3G15730;AT3G23150;AT3G45880;AT4G01820;AT4G09570;AT4G18050;AT5G10720;AT5G13680;AT5G39500	38.785	5.6230574423528825	0.48988010828928713	1.0	200	693	200	1.0
CG	gain	GO:0023052	signaling	40	AT1G12820;AT1G19350;AT1G21210;AT1G21230;AT1G28270;AT1G33910;AT1G47890;AT1G50030;AT1G54960;AT1G65800;AT1G66340;AT1G79380;AT1G79460;AT2G24720;AT2G24790;AT2G25180;AT2G27060;AT2G46790;AT3G15730;AT3G23110;AT3G23150;AT3G45430;AT3G57720;AT3G62030;AT4G13590;AT4G15230;AT4G16860;AT4G16890;AT5G01770;AT5G03320;AT5G04720;AT5G06600;AT5G10720;AT5G19010;AT5G25060;AT5G44510;AT5G44585;AT5G45240;AT5G53060;AT5G58700	120.805	9.563314017640494	0.33111212284259756	1.0	200	693	200	1.0
CG	gain	GO:0023056	positive regulation of signaling	4	AT1G50030;AT2G01150;AT3G15730;AT4G09570	10.235	2.893056342348005	0.3908158280410357	1.0	200	693	200	1.0
CG	gain	GO:0023057	negative regulation of signaling	4	AT1G66340;AT2G26070;AT3G23150;AT5G10720	11.475	3.295356581616017	0.3485838779956427	0.9950248756218906	199	693	200	1.0
CG	gain	GO:0030001	metal ion transport	14	AT1G31120;AT1G32450;AT1G53210;AT1G74770;AT2G03620;AT2G07681;AT2G24720;AT2G30070;AT2G41560;AT3G19490;AT3G63380;AT4G13590;AT5G37500;AT5G51050	30.21	4.63636711229815	0.4634227077126779	1.0	200	693	200	1.0
CG	gain	GO:0030003	intracellular monoatomic cation homeostasis	5	AT1G12520;AT1G74770;AT2G24720;AT2G41560;AT5G58270	13.165	3.247733825300348	0.379794910748196	1.0	200	693	200	1.0
CG	gain	GO:0030029	actin filament-based process	5	AT1G20260;AT2G31900;AT3G05520;AT3G19960;AT4G26700	17.3	3.8196858509568528	0.2890173410404624	1.0	200	693	200	1.0
CG	gain	GO:0030036	actin cytoskeleton organization	4	AT1G20260;AT2G31900;AT3G05520;AT4G26700	14.515	3.4885204600231297	0.27557698932139163	1.0	200	693	200	1.0
CG	gain	GO:0030154	cell differentiation	18	AT1G19360;AT1G71930;AT2G25630;AT2G33860;AT2G34260;AT3G06810;AT3G12280;AT3G56640;AT3G56930;AT3G59420;AT4G02650;AT4G15180;AT4G19600;AT4G20140;AT5G17020;AT5G44585;AT5G49680;AT5G61070	65.055	7.188322126894376	0.276688955499193	1.0	200	693	200	1.0
CG	gain	GO:0030163	protein catabolic process	10	AT1G55060;AT1G55860;AT1G66650;AT1G70320;AT1G74770;AT3G08790;AT3G27430;AT3G47020;AT3G55070;AT5G20620	31.045	5.044102992604327	0.3221130616846513	1.0	200	693	200	1.0
CG	gain	GO:0030243	cellulose metabolic process	5	AT1G32180;AT2G44610;AT4G16120;AT4G18780;AT5G05170	7.9	2.515949125081823	0.6329113924050632	0.900497512437811	180	693	200	1.0
CG	gain	GO:0030244	cellulose biosynthetic process	5	AT1G32180;AT2G44610;AT4G16120;AT4G18780;AT5G05170	7.465	2.436960196638427	0.6697923643670463	0.8706467661691543	174	693	200	1.0
CG	gain	GO:0030422	siRNA processing	3	AT2G40030;AT3G23780;AT3G49500	5.03	1.9644592131169325	0.5964214711729622	0.9054726368159204	181	693	200	1.0
CG	gain	GO:0031047	regulatory ncRNA-mediated gene silencing	11	AT1G31280;AT2G16390;AT2G19920;AT2G40030;AT3G07610;AT3G23780;AT3G49250;AT3G49500;AT5G20420;AT5G23880;AT5G53060	18.47	3.6151210214873926	0.5955603681645912	0.9900497512437811	198	693	200	1.0
CG	gain	GO:0031048	regulatory ncRNA-mediated heterochromatin formation	5	AT2G16390;AT3G07610;AT3G23780;AT3G49250;AT5G20420	8.07	2.5129862713512754	0.6195786864931846	0.9601990049751243	192	693	200	1.0
CG	gain	GO:0031347	regulation of defense response	16	AT1G50030;AT1G74710;AT2G28290;AT3G45430;AT3G47110;AT3G59700;AT4G36280;AT5G03320;AT5G13130;AT5G22330;AT5G40820;AT5G42950;AT5G44585;AT5G51450;AT5G53060;AT5G60120	31.755	4.6973370115417525	0.5038576602109904	1.0	200	693	200	1.0
CG	gain	GO:0031348	negative regulation of defense response	4	AT1G50030;AT1G74710;AT3G59700;AT5G60120	8.83	2.4333310502272387	0.45300113250283125	0.9950248756218906	199	693	200	1.0
CG	gain	GO:0031349	positive regulation of defense response	6	AT3G45430;AT3G47110;AT4G36280;AT5G03320;AT5G13130;AT5G51450	13.99	3.3808135115678892	0.42887776983559683	1.0	200	693	200	1.0
CG	gain	GO:0031507	heterochromatin formation	6	AT2G16390;AT3G07610;AT3G23780;AT3G49250;AT5G17690;AT5G20420	11.585	2.846537370209634	0.5179110919292188	0.9850746268656716	197	693	200	1.0
CG	gain	GO:0031667	response to nutrient levels	11	AT1G55180;AT1G70460;AT2G26890;AT3G09560;AT3G59410;AT4G00550;AT4G33030;AT4G35090;AT4G35270;AT5G43370;AT5G53460	25.655	4.402950715145473	0.4287663223543169	1.0	200	693	200	1.0
CG	gain	GO:0031669	cellular response to nutrient levels	8	AT1G55180;AT1G70460;AT3G09560;AT3G59410;AT4G00550;AT4G33030;AT4G35090;AT5G43370	17.51	3.765620798752832	0.4568817818389491	1.0	200	693	200	1.0
CG	gain	GO:0032101	regulation of response to external stimulus	11	AT1G50030;AT2G28290;AT3G45430;AT3G59700;AT4G36280;AT5G03320;AT5G22330;AT5G44585;AT5G51450;AT5G53060;AT5G60120	23.715	4.119924149787232	0.4638414505587181	1.0	200	693	200	1.0
CG	gain	GO:0032102	negative regulation of response to external stimulus	3	AT1G50030;AT3G59700;AT5G60120	6.07	1.911831582540679	0.4942339373970346	0.9751243781094527	195	693	200	1.0
CG	gain	GO:0032103	positive regulation of response to external stimulus	4	AT3G45430;AT4G36280;AT5G03320;AT5G51450	12.68	3.1792451934382147	0.31545741324921134	1.0	200	693	200	1.0
CG	gain	GO:0032200	telomere organization	3	AT1G79950;AT3G48190;AT5G40820	3.415	1.5371320697975177	0.8784773060029283	0.7313432835820896	146	693	200	1.0
CG	gain	GO:0032446	protein modification by small protein conjugation	27	AT1G12820;AT1G23030;AT1G49210;AT1G49220;AT1G49230;AT1G49780;AT1G50490;AT1G53490;AT1G55860;AT1G66040;AT1G66650;AT1G70320;AT1G73177;AT1G74770;AT2G01150;AT2G16090;AT2G38185;AT2G38220;AT3G03510;AT3G46620;AT3G47020;AT5G14420;AT5G19000;AT5G48800;AT5G51450;AT5G55000;AT5G67530	57.955	7.175163761197363	0.46587869899059614	1.0	200	693	200	1.0
CG	gain	GO:0032501	multicellular organismal process	106	AT1G06490;AT1G10390;AT1G12820;AT1G19360;AT1G19850;AT1G21210;AT1G21650;AT1G22770;AT1G23420;AT1G25220;AT1G27340;AT1G29760;AT1G32450;AT1G36160;AT1G43620;AT1G50030;AT1G50240;AT1G53580;AT1G55180;AT1G62750;AT1G66340;AT1G66650;AT1G66730;AT1G73177;AT1G74710;AT1G79950;AT2G01280;AT2G01420;AT2G02240;AT2G04030;AT2G06990;AT2G07050;AT2G17500;AT2G18800;AT2G25180;AT2G25630;AT2G26890;AT2G28290;AT2G31215;AT2G33860;AT2G34260;AT2G34380;AT2G35510;AT2G38185;AT2G38220;AT2G39730;AT2G42830;AT2G43900;AT2G48130;AT3G01780;AT3G02260;AT3G05040;AT3G06810;AT3G07050;AT3G07610;AT3G11964;AT3G12280;AT3G14950;AT3G15730;AT3G19960;AT3G22760;AT3G22960;AT3G24240;AT3G27670;AT3G29035;AT3G45880;AT3G46330;AT3G48330;AT3G49240;AT3G49500;AT3G56640;AT3G56930;AT3G59420;AT3G59780;AT3G61710;AT4G02650;AT4G13610;AT4G15180;AT4G17220;AT4G19180;AT4G20140;AT4G29380;AT4G32880;AT4G35270;AT4G38350;AT4G39110;AT5G01770;AT5G01930;AT5G04920;AT5G06600;AT5G10720;AT5G13680;AT5G16750;AT5G17020;AT5G17690;AT5G23040;AT5G24740;AT5G40360;AT5G44585;AT5G49160;AT5G49680;AT5G52920;AT5G53660;AT5G54310;AT5G58270;AT5G61070	300.49	14.678893010033025	0.3527571632999434	1.0	200	693	200	1.0
CG	gain	GO:0032502	developmental process	110	AT1G10390;AT1G12820;AT1G19350;AT1G19360;AT1G19850;AT1G21210;AT1G21650;AT1G22770;AT1G23420;AT1G25220;AT1G27340;AT1G29760;AT1G32450;AT1G36160;AT1G43620;AT1G50030;AT1G50240;AT1G53580;AT1G54490;AT1G55180;AT1G62750;AT1G66340;AT1G66650;AT1G66730;AT1G71930;AT1G73177;AT1G74710;AT1G79950;AT2G01280;AT2G01420;AT2G02240;AT2G04030;AT2G06990;AT2G07050;AT2G17500;AT2G18800;AT2G23450;AT2G25180;AT2G25630;AT2G26890;AT2G28290;AT2G31215;AT2G33860;AT2G34260;AT2G34380;AT2G35510;AT2G38185;AT2G38220;AT2G39730;AT2G42830;AT2G48130;AT3G01780;AT3G02260;AT3G05040;AT3G06810;AT3G07050;AT3G07610;AT3G11964;AT3G12280;AT3G14950;AT3G15730;AT3G19960;AT3G22760;AT3G22960;AT3G24240;AT3G27670;AT3G29035;AT3G45880;AT3G46330;AT3G48330;AT3G49240;AT3G49500;AT3G56640;AT3G56930;AT3G57880;AT3G59420;AT3G59780;AT4G02650;AT4G13610;AT4G15180;AT4G17220;AT4G19180;AT4G19600;AT4G20140;AT4G29380;AT4G32880;AT4G38350;AT4G39110;AT5G01770;AT5G01930;AT5G04920;AT5G06600;AT5G10720;AT5G13680;AT5G16750;AT5G17020;AT5G17690;AT5G22330;AT5G23040;AT5G24740;AT5G40360;AT5G44585;AT5G49160;AT5G49680;AT5G52920;AT5G53460;AT5G53660;AT5G54310;AT5G58270;AT5G61070	321.1	14.938875459685168	0.34257240734973526	1.0	200	693	200	1.0
CG	gain	GO:0032774	RNA biosynthetic process	29	AT1G07350;AT1G07910;AT1G19350;AT1G44910;AT1G50030;AT1G73177;AT1G75660;AT2G01280;AT2G04270;AT2G06990;AT2G19920;AT2G39140;AT2G40030;AT2G43650;AT3G11964;AT3G16010;AT3G16680;AT3G23780;AT3G48190;AT3G49500;AT4G09730;AT5G13680;AT5G16750;AT5G23880;AT5G25060;AT5G39920;AT5G53060;AT5G53660;AT5G64200	87.68	8.508090267504166	0.33074817518248173	1.0	200	693	200	1.0
CG	gain	GO:0032787	monocarboxylic acid metabolic process	13	AT1G12050;AT1G36160;AT1G36180;AT1G43580;AT1G66120;AT1G74710;AT3G15730;AT3G16910;AT3G22960;AT3G45140;AT4G27030;AT5G44585;AT5G52920	39.145	5.521229482642419	0.33209860774045213	1.0	200	693	200	1.0
CG	gain	GO:0032870	cellular response to hormone stimulus	15	AT1G12820;AT1G19350;AT1G66340;AT1G71930;AT1G79380;AT1G79460;AT2G25180;AT2G46790;AT3G15730;AT3G23150;AT4G15230;AT5G06600;AT5G10720;AT5G13680;AT5G53060	53.535	7.049026528535733	0.2801905295601009	1.0	200	693	200	1.0
CG	gain	GO:0032879	regulation of localization	4	AT1G74770;AT2G26890;AT3G27025;AT5G23040	15.035	3.633699905055449	0.2660458929165281	1.0	200	693	200	1.0
CG	gain	GO:0032881	regulation of polysaccharide metabolic process	3	AT1G44120;AT3G27440;AT5G40870	5.015	2.07960933831333	0.5982053838484547	0.8706467661691543	174	693	200	1.0
CG	gain	GO:0033036	macromolecule localization	32	AT1G06490;AT1G10390;AT1G21650;AT1G24490;AT1G47830;AT1G56140;AT1G66340;AT2G04030;AT2G26890;AT2G30290;AT2G48130;AT3G05040;AT3G08530;AT3G08790;AT3G09560;AT3G10650;AT3G51310;AT3G56450;AT3G56640;AT3G61480;AT3G61710;AT4G02650;AT4G08670;AT4G15230;AT4G17140;AT4G38350;AT5G05760;AT5G17020;AT5G22770;AT5G24740;AT5G28350;AT5G46630	72.325	7.456498843290984	0.44244728655375043	1.0	200	693	200	1.0
CG	gain	GO:0033037	polysaccharide localization	3	AT1G06490;AT1G56140;AT1G66340	6.88	2.41776756533791	0.436046511627907	0.9701492537313433	194	693	200	1.0
CG	gain	GO:0033043	regulation of organelle organization	6	AT1G20260;AT3G05520;AT3G12280;AT3G18524;AT3G48190;AT5G40820	13.975	2.9655311497268078	0.42933810375670844	1.0	200	693	200	1.0
CG	gain	GO:0033365	protein localization to organelle	6	AT1G24490;AT2G04030;AT2G26890;AT2G30290;AT3G08790;AT3G61710	19.96	4.29748763814394	0.3006012024048096	1.0	200	693	200	1.0
CG	gain	GO:0033554	cellular response to stress	36	AT1G17290;AT1G31360;AT1G33910;AT1G49980;AT1G53210;AT1G54490;AT1G55180;AT1G66340;AT1G66730;AT1G70460;AT1G79950;AT2G01150;AT2G19480;AT2G26560;AT2G31865;AT2G36490;AT3G09560;AT3G18524;AT3G23100;AT3G23150;AT3G48190;AT3G59410;AT4G00290;AT4G00550;AT4G33030;AT4G34131;AT4G35090;AT4G36280;AT5G01630;AT5G10720;AT5G19000;AT5G25250;AT5G35450;AT5G39770;AT5G40820;AT5G43370	102.245	8.914873807295265	0.3520954569905619	1.0	200	693	200	1.0
CG	gain	GO:0033993	response to lipid	21	AT1G19350;AT1G44170;AT1G66340;AT1G71930;AT1G79380;AT1G79460;AT2G18960;AT2G39730;AT3G15730;AT3G45140;AT3G45880;AT3G46620;AT3G48330;AT3G62030;AT4G15230;AT4G23260;AT5G06600;AT5G13680;AT5G26340;AT5G37500;AT5G53060	86.745	8.594182625474012	0.24208888120352756	1.0	200	693	200	1.0
CG	gain	GO:0034050	symbiont-induced defense-related programmed cell death	3	AT2G26560;AT4G36280;AT5G35450	6.3	2.2671568097509267	0.4761904761904762	0.9502487562189055	190	693	200	1.0
CG	gain	GO:0034219	carbohydrate transmembrane transport	3	AT1G75220;AT5G18840;AT5G26340	6.985	2.6162520903001667	0.4294917680744452	0.9601990049751243	192	693	200	1.0
CG	gain	GO:0034220	monoatomic ion transmembrane transport	20	AT1G20260;AT1G31120;AT1G32450;AT1G53210;AT1G74770;AT2G03620;AT2G07687;AT2G13620;AT2G18960;AT2G24720;AT2G28170;AT2G30070;AT2G41560;AT3G42640;AT3G44900;AT3G63380;AT4G00290;AT4G13590;AT5G37500;AT5G51050	48.925	6.246549047274048	0.4087889626980072	1.0	200	693	200	1.0
CG	gain	GO:0034285	response to disaccharide	3	AT1G50030;AT5G04140;AT5G17690	8.675	2.551347683088291	0.34582132564841495	0.9950248756218906	199	693	200	1.0
CG	gain	GO:0034654	nucleobase-containing compound biosynthetic process	40	AT1G07350;AT1G07910;AT1G19350;AT1G21640;AT1G36160;AT1G36180;AT1G44910;AT1G49980;AT1G50030;AT1G66730;AT1G73177;AT1G75660;AT2G01280;AT2G04270;AT2G06990;AT2G19920;AT2G28760;AT2G39140;AT2G40030;AT2G43650;AT3G11964;AT3G16010;AT3G16680;AT3G23780;AT3G27440;AT3G48190;AT3G49500;AT4G09730;AT4G23895;AT5G13680;AT5G16750;AT5G23880;AT5G25060;AT5G39920;AT5G40820;AT5G40870;AT5G47435;AT5G53060;AT5G53660;AT5G64200	112.44	9.785519914649411	0.35574528637495556	1.0	200	693	200	1.0
CG	gain	GO:0034655	nucleobase-containing compound catabolic process	7	AT1G31500;AT1G54490;AT1G75660;AT2G06990;AT3G22960;AT5G39770;AT5G52920	17.45	3.7825256112814363	0.4011461318051576	1.0	200	693	200	1.0
CG	gain	GO:0035194	regulatory ncRNA-mediated post-transcriptional gene silencing	5	AT1G31280;AT2G40030;AT3G23780;AT3G49500;AT5G23880	5.335	1.975544228813924	0.9372071227741331	0.6218905472636815	124	693	200	1.0
CG	gain	GO:0035556	intracellular signal transduction	13	AT1G28270;AT1G33910;AT1G54960;AT1G66340;AT2G24720;AT2G25180;AT2G46790;AT3G23150;AT4G13590;AT5G01770;AT5G10720;AT5G19010;AT5G58700	38.825	5.72227009149339	0.334835801674179	1.0	200	693	200	1.0
CG	gain	GO:0036211	protein modification process	40	AT1G12820;AT1G23030;AT1G49210;AT1G49220;AT1G49230;AT1G49780;AT1G50490;AT1G53490;AT1G55860;AT1G65800;AT1G66040;AT1G66650;AT1G70320;AT1G73177;AT1G74770;AT2G01150;AT2G16090;AT2G38185;AT2G38220;AT3G03510;AT3G14400;AT3G45430;AT3G46620;AT3G47020;AT3G59410;AT3G59700;AT3G62030;AT4G23250;AT4G30890;AT4G39370;AT5G06600;AT5G14420;AT5G19000;AT5G22030;AT5G48800;AT5G51450;AT5G55000;AT5G58450;AT5G60280;AT5G67530	96.845	9.113230766308956	0.4130311322215912	1.0	200	693	200	1.0
CG	gain	GO:0036293	response to decreased oxygen levels	8	AT1G17290;AT1G23310;AT2G01150;AT2G26560;AT2G34390;AT3G23150;AT4G34131;AT5G25250	18.81	3.748853157967121	0.42530568846358324	1.0	200	693	200	1.0
CG	gain	GO:0036294	cellular response to decreased oxygen levels	6	AT1G17290;AT2G01150;AT2G26560;AT3G23150;AT4G34131;AT5G25250	14.8	3.5270384177096754	0.4054054054054054	1.0	200	693	200	1.0
CG	gain	GO:0040007	growth	17	AT1G21210;AT1G44120;AT1G54490;AT1G55180;AT2G25630;AT2G34260;AT3G02260;AT3G06810;AT3G24240;AT3G56640;AT3G56930;AT4G02650;AT5G13680;AT5G17020;AT5G17690;AT5G49680;AT5G53460	53.475	6.639983057207301	0.3179055633473586	1.0	200	693	200	1.0
CG	gain	GO:0040008	regulation of growth	13	AT1G28270;AT1G30755;AT1G50030;AT2G17500;AT2G25180;AT2G44610;AT3G12280;AT3G19960;AT3G24240;AT4G39110;AT5G24740;AT5G44585;AT5G54310	30.025	4.967330772155208	0.43297252289758537	1.0	200	693	200	1.0
CG	gain	GO:0040029	epigenetic regulation of gene expression	15	AT1G54490;AT1G66040;AT2G16390;AT2G23740;AT2G28290;AT3G07610;AT3G23780;AT3G42660;AT3G45880;AT3G49250;AT4G15180;AT5G17690;AT5G20420;AT5G49160;AT5G51230	29.58	4.529194188815501	0.5070993914807302	1.0	200	693	200	1.0
CG	gain	GO:0042221	response to chemical	85	AT1G12820;AT1G17290;AT1G19350;AT1G19850;AT1G22770;AT1G25220;AT1G27595;AT1G30755;AT1G32450;AT1G34170;AT1G34390;AT1G35240;AT1G35520;AT1G36160;AT1G44170;AT1G48910;AT1G49230;AT1G50030;AT1G53210;AT1G56140;AT1G66340;AT1G66730;AT1G66950;AT1G68560;AT1G71930;AT1G79380;AT1G79460;AT2G01150;AT2G04030;AT2G04090;AT2G16390;AT2G17500;AT2G18960;AT2G22830;AT2G24720;AT2G25180;AT2G26070;AT2G26560;AT2G27060;AT2G33860;AT2G39730;AT2G46790;AT3G02260;AT3G03620;AT3G13380;AT3G15730;AT3G17790;AT3G17800;AT3G23150;AT3G29035;AT3G42660;AT3G45140;AT3G45880;AT3G46620;AT3G48330;AT3G59410;AT3G59780;AT3G62030;AT3G62930;AT4G00290;AT4G15230;AT4G16190;AT4G16890;AT4G18780;AT4G21903;AT4G23260;AT4G27010;AT4G29940;AT4G32880;AT4G34131;AT4G35090;AT5G01990;AT5G04140;AT5G06600;AT5G10720;AT5G13680;AT5G17690;AT5G19000;AT5G25250;AT5G26340;AT5G37500;AT5G40820;AT5G53060;AT5G58270;AT5G64220	258.115	14.081256158453899	0.32931057861805785	1.0	200	693	200	1.0
CG	gain	GO:0042254	ribosome biogenesis	8	AT1G60770;AT1G75660;AT2G04270;AT2G39140;AT2G43650;AT3G11964;AT4G09730;AT5G16750	15.9	3.8392707640904944	0.5031446540880503	0.9950248756218906	199	693	200	1.0
CG	gain	GO:0042440	pigment metabolic process	4	AT1G28100;AT4G14090;AT4G14210;AT5G40850	12.545	3.160375768797123	0.3188521323236349	1.0	200	693	200	1.0
CG	gain	GO:0042445	hormone metabolic process	5	AT1G25220;AT1G48910;AT1G66340;AT2G33860;AT5G14420	9.945	2.5674841771664347	0.5027652086475616	0.9900497512437811	198	693	200	1.0
CG	gain	GO:0042542	response to hydrogen peroxide	4	AT1G22770;AT3G17790;AT3G29035;AT5G10720	5.84	2.223600683576078	0.684931506849315	0.8606965174129353	172	693	200	1.0
CG	gain	GO:0042545	cell wall modification	7	AT1G11590;AT1G66340;AT2G18800;AT2G36710;AT4G03930;AT5G07420;AT5G18990	16.98	4.060738849027354	0.4122497055359246	0.9950248756218906	199	693	200	1.0
CG	gain	GO:0042546	cell wall biogenesis	11	AT1G51630;AT1G70630;AT2G18800;AT2G44610;AT4G16120;AT4G17220;AT4G18780;AT4G20140;AT4G28850;AT4G33330;AT5G05170	22.155	4.201306344460013	0.49650191830286616	1.0	200	693	200	1.0
CG	gain	GO:0042592	homeostatic process	18	AT1G12520;AT1G27595;AT1G32450;AT1G53210;AT1G58030;AT1G74770;AT1G75220;AT2G13620;AT2G17500;AT2G24720;AT2G41560;AT3G17790;AT4G20140;AT4G35090;AT4G35270;AT5G40360;AT5G53460;AT5G58270	37.2	5.267826876426348	0.48387096774193544	1.0	200	693	200	1.0
CG	gain	GO:0042594	response to starvation	10	AT1G55180;AT1G70460;AT2G26890;AT3G09560;AT3G59410;AT4G00550;AT4G33030;AT4G35090;AT4G35270;AT5G43370	20.835	4.083843165450889	0.47996160307175423	1.0	200	693	200	1.0
CG	gain	GO:0042742	defense response to bacterium	19	AT1G19350;AT1G26420;AT1G31280;AT1G52940;AT1G64790;AT1G66340;AT1G74710;AT1G79380;AT2G41560;AT3G57720;AT3G59700;AT4G16890;AT4G18780;AT4G23190;AT4G33300;AT5G04720;AT5G42950;AT5G44510;AT5G54310	40.325	5.854005039287193	0.4711717296962182	1.0	200	693	200	1.0
CG	gain	GO:0042752	regulation of circadian rhythm	3	AT1G22770;AT1G31500;AT4G00540	6.275	2.2403961703234536	0.4780876494023904	0.9601990049751243	192	693	200	1.0
CG	gain	GO:0042908	xenobiotic transport	5	AT1G66950;AT2G04090;AT3G03620;AT4G21903;AT4G38380	9.86	2.8408449447303563	0.5070993914807302	0.9900497512437811	198	693	200	1.0
CG	gain	GO:0043094	metabolic compound salvage	8	AT1G23310;AT3G27440;AT5G04140;AT5G20980;AT5G40870;AT5G47435;AT5G52840;AT5G66510	6.755	2.331303283573375	1.1843079200592155	0.29850746268656714	59	693	200	1.0
CG	gain	GO:0043161	proteasome-mediated ubiquitin-dependent protein catabolic process	3	AT1G74770;AT3G47020;AT3G55070	5.595	2.3390115433661296	0.5361930294906166	0.9154228855721394	183	693	200	1.0
CG	gain	GO:0043170	macromolecule metabolic process	154	AT1G06490;AT1G07350;AT1G07910;AT1G10390;AT1G11590;AT1G12820;AT1G19350;AT1G19720;AT1G23030;AT1G28110;AT1G31360;AT1G31500;AT1G32180;AT1G34360;AT1G44835;AT1G44910;AT1G49210;AT1G49220;AT1G49230;AT1G49780;AT1G49980;AT1G50030;AT1G50490;AT1G51630;AT1G53490;AT1G54490;AT1G55060;AT1G55480;AT1G55490;AT1G55860;AT1G62750;AT1G65800;AT1G66040;AT1G66210;AT1G66650;AT1G66730;AT1G68560;AT1G70320;AT1G71696;AT1G71930;AT1G72550;AT1G73177;AT1G74770;AT1G75660;AT1G79950;AT2G01150;AT2G01280;AT2G04030;AT2G04270;AT2G06990;AT2G07690;AT2G07715;AT2G16090;AT2G18800;AT2G19480;AT2G19920;AT2G21590;AT2G22360;AT2G36490;AT2G36710;AT2G38185;AT2G38220;AT2G39140;AT2G40030;AT2G43650;AT2G44610;AT3G01180;AT3G03510;AT3G04750;AT3G08790;AT3G10650;AT3G10900;AT3G10950;AT3G11830;AT3G11964;AT3G13640;AT3G13880;AT3G14400;AT3G16010;AT3G16680;AT3G18524;AT3G23100;AT3G23780;AT3G27430;AT3G27670;AT3G29230;AT3G42550;AT3G45430;AT3G46620;AT3G46850;AT3G47020;AT3G48190;AT3G48330;AT3G48930;AT3G49500;AT3G49710;AT3G55070;AT3G59100;AT3G59410;AT3G59700;AT3G62030;AT4G02130;AT4G03930;AT4G09730;AT4G11120;AT4G15040;AT4G16120;AT4G16190;AT4G18780;AT4G21640;AT4G21650;AT4G23250;AT4G24280;AT4G28850;AT4G30890;AT4G30910;AT4G33330;AT4G39370;AT5G01630;AT5G01930;AT5G05170;AT5G06600;AT5G07420;AT5G08305;AT5G13680;AT5G14420;AT5G14950;AT5G15450;AT5G16750;AT5G18990;AT5G19000;AT5G20620;AT5G22030;AT5G23040;AT5G23880;AT5G25060;AT5G28550;AT5G39770;AT5G39920;AT5G40820;AT5G48800;AT5G49010;AT5G51450;AT5G52850;AT5G53060;AT5G53660;AT5G55000;AT5G58270;AT5G58450;AT5G60280;AT5G64200;AT5G65685;AT5G66520;AT5G67530	423.47	16.330312305647414	0.3636621248258436	1.0	200	693	200	1.0
CG	gain	GO:0043207	response to external biotic stimulus	53	AT1G19350;AT1G25220;AT1G26420;AT1G31280;AT1G49780;AT1G50030;AT1G52940;AT1G55490;AT1G64790;AT1G66340;AT1G66730;AT1G71930;AT1G74710;AT1G79380;AT2G15280;AT2G15480;AT2G15490;AT2G16390;AT2G18660;AT2G26560;AT2G31865;AT2G36490;AT2G40030;AT2G41560;AT3G02260;AT3G23780;AT3G45140;AT3G47110;AT3G49500;AT3G50470;AT3G57720;AT3G59660;AT3G59700;AT3G61710;AT4G16860;AT4G16890;AT4G18780;AT4G19600;AT4G23190;AT4G24100;AT4G33300;AT4G34131;AT4G36280;AT5G04720;AT5G10720;AT5G35450;AT5G42950;AT5G43560;AT5G44510;AT5G44585;AT5G54310;AT5G60280;AT5G61410	118.325	9.18963410588247	0.4479188675258821	1.0	200	693	200	1.0
CG	gain	GO:0043255	regulation of carbohydrate biosynthetic process	3	AT1G44120;AT5G40360;AT5G40870	5.93	2.3054500645210254	0.5059021922428331	0.9601990049751243	192	693	200	1.0
CG	gain	GO:0043412	macromolecule modification	50	AT1G12820;AT1G19720;AT1G23030;AT1G49210;AT1G49220;AT1G49230;AT1G49780;AT1G50490;AT1G53490;AT1G55860;AT1G65800;AT1G66040;AT1G66650;AT1G70320;AT1G73177;AT1G74770;AT2G01150;AT2G16090;AT2G38185;AT2G38220;AT2G39140;AT3G03510;AT3G04750;AT3G13880;AT3G14400;AT3G29230;AT3G45430;AT3G46620;AT3G47020;AT3G49710;AT3G59410;AT3G59700;AT3G62030;AT4G23250;AT4G30890;AT4G39370;AT5G06600;AT5G08305;AT5G13680;AT5G14420;AT5G19000;AT5G22030;AT5G48800;AT5G51450;AT5G52850;AT5G55000;AT5G58450;AT5G60280;AT5G66520;AT5G67530	128.535	10.372018848806714	0.38899910530205783	1.0	200	693	200	1.0
CG	gain	GO:0043436	oxoacid metabolic process	30	AT1G12050;AT1G17290;AT1G23310;AT1G25220;AT1G36160;AT1G36180;AT1G43580;AT1G58080;AT1G66120;AT1G71920;AT1G74710;AT1G79460;AT2G20340;AT2G26560;AT2G46740;AT3G15730;AT3G16910;AT3G22960;AT3G45140;AT3G45300;AT3G62030;AT4G27030;AT4G35270;AT4G39120;AT5G04140;AT5G05260;AT5G20980;AT5G44585;AT5G52920;AT5G53460	84.465	8.236429748380013	0.35517670040845317	1.0	200	693	200	1.0
CG	gain	GO:0043562	cellular response to nitrogen levels	3	AT1G55180;AT1G70460;AT4G35090	3.915	1.894142286102076	0.7662835249042146	0.8009950248756219	160	693	200	1.0
CG	gain	GO:0043632	modification-dependent macromolecule catabolic process	10	AT1G55060;AT1G55860;AT1G66650;AT1G70320;AT1G74770;AT3G08790;AT3G27430;AT3G47020;AT3G55070;AT5G20620	25.625	4.782716278434252	0.3902439024390244	1.0	200	693	200	1.0
CG	gain	GO:0043687	post-translational protein modification	32	AT1G12820;AT1G23030;AT1G49210;AT1G49220;AT1G49230;AT1G49780;AT1G50490;AT1G53490;AT1G55860;AT1G66040;AT1G66650;AT1G70320;AT1G73177;AT1G74770;AT2G01150;AT2G16090;AT2G38185;AT2G38220;AT3G03510;AT3G14400;AT3G46620;AT3G47020;AT4G30890;AT4G39370;AT5G06600;AT5G14420;AT5G19000;AT5G22030;AT5G48800;AT5G51450;AT5G55000;AT5G67530	67.435	7.70297182910593	0.4745310298806258	1.0	200	693	200	1.0
CG	gain	GO:0043933	protein-containing complex organization	15	AT1G22700;AT1G49950;AT1G55480;AT1G60770;AT1G70760;AT2G01280;AT2G07681;AT2G19480;AT3G16010;AT4G02650;AT4G09730;AT5G22330;AT5G23120;AT5G55000;AT5G66510	34.595	5.448024871455709	0.4335886688827865	1.0	200	693	200	1.0
CG	gain	GO:0044036	cell wall macromolecule metabolic process	4	AT1G51630;AT2G44610;AT4G16120;AT4G33330	10.115	3.0119387443970376	0.3954522985664854	1.0	200	693	200	1.0
CG	gain	GO:0044038	cell wall macromolecule biosynthetic process	4	AT1G51630;AT2G44610;AT4G16120;AT4G33330	6.975	2.5601513627127597	0.5734767025089607	0.9203980099502488	184	693	200	1.0
CG	gain	GO:0044042	glucan metabolic process	13	AT1G06490;AT1G32180;AT1G68560;AT2G18800;AT2G21590;AT2G44610;AT3G01180;AT3G59100;AT4G16120;AT4G18780;AT4G28850;AT5G05170;AT5G65685	24.8	4.714870093650503	0.5241935483870968	0.9950248756218906	199	693	200	1.0
CG	gain	GO:0044085	cellular component biogenesis	46	AT1G20260;AT1G22700;AT1G29760;AT1G49950;AT1G51630;AT1G53490;AT1G55480;AT1G60770;AT1G70630;AT1G70760;AT1G75660;AT2G01280;AT2G04270;AT2G07681;AT2G16390;AT2G18800;AT2G19480;AT2G34380;AT2G39140;AT2G43650;AT2G44610;AT3G05750;AT3G07610;AT3G11964;AT3G16010;AT3G23780;AT3G49250;AT3G61710;AT4G02650;AT4G09730;AT4G16120;AT4G17220;AT4G18780;AT4G19180;AT4G20140;AT4G26700;AT4G28850;AT4G33330;AT5G05170;AT5G16750;AT5G17690;AT5G20420;AT5G22330;AT5G23120;AT5G55000;AT5G66510	100.345	9.01365491906584	0.4584184563256764	1.0	200	693	200	1.0
CG	gain	GO:0044087	regulation of cellular component biogenesis	3	AT1G20260;AT3G05520;AT4G38350	9.465	2.8264421097910364	0.31695721077654515	0.9900497512437811	198	693	200	1.0
CG	gain	GO:0044238	primary metabolic process	228	AT1G06490;AT1G07110;AT1G07350;AT1G07910;AT1G11590;AT1G12050;AT1G12820;AT1G13560;AT1G17150;AT1G17290;AT1G19350;AT1G19720;AT1G20260;AT1G21640;AT1G22650;AT1G23030;AT1G23310;AT1G25220;AT1G28100;AT1G28110;AT1G31190;AT1G31360;AT1G31500;AT1G31740;AT1G32180;AT1G34360;AT1G36160;AT1G36180;AT1G43580;AT1G43620;AT1G44835;AT1G44910;AT1G49210;AT1G49220;AT1G49230;AT1G49780;AT1G49980;AT1G50030;AT1G50490;AT1G51630;AT1G53490;AT1G54490;AT1G55060;AT1G55180;AT1G55480;AT1G55490;AT1G55860;AT1G56630;AT1G58080;AT1G62750;AT1G65800;AT1G66040;AT1G66120;AT1G66210;AT1G66650;AT1G66730;AT1G66960;AT1G68560;AT1G70320;AT1G71696;AT1G71697;AT1G71920;AT1G71930;AT1G72550;AT1G73177;AT1G74770;AT1G75660;AT1G79460;AT1G79950;AT2G01150;AT2G01280;AT2G04030;AT2G04062;AT2G04270;AT2G06990;AT2G07050;AT2G07690;AT2G07715;AT2G15470;AT2G16090;AT2G16730;AT2G18800;AT2G19480;AT2G19920;AT2G20340;AT2G21590;AT2G22360;AT2G22830;AT2G25630;AT2G26560;AT2G28760;AT2G31865;AT2G36490;AT2G36710;AT2G38185;AT2G38220;AT2G39140;AT2G40030;AT2G43420;AT2G43650;AT2G43900;AT2G44610;AT2G46740;AT3G01180;AT3G03510;AT3G04750;AT3G06500;AT3G08790;AT3G09560;AT3G10900;AT3G10950;AT3G11830;AT3G11964;AT3G13640;AT3G13880;AT3G14400;AT3G15730;AT3G16010;AT3G16680;AT3G16910;AT3G18524;AT3G22960;AT3G23100;AT3G23780;AT3G27430;AT3G27440;AT3G29190;AT3G29230;AT3G32030;AT3G42153;AT3G42550;AT3G43570;AT3G45140;AT3G45300;AT3G45430;AT3G46620;AT3G46850;AT3G47020;AT3G48190;AT3G48330;AT3G48930;AT3G49500;AT3G49710;AT3G55070;AT3G59100;AT3G59410;AT3G59700;AT3G60140;AT3G62030;AT4G00550;AT4G02130;AT4G03930;AT4G09730;AT4G09740;AT4G11120;AT4G11840;AT4G14210;AT4G15040;AT4G16070;AT4G16120;AT4G16190;AT4G18180;AT4G18780;AT4G21640;AT4G21650;AT4G23250;AT4G23895;AT4G24280;AT4G26140;AT4G27030;AT4G28850;AT4G30890;AT4G30910;AT4G33030;AT4G33330;AT4G39120;AT4G39370;AT5G01630;AT5G01930;AT5G04140;AT5G05170;AT5G06600;AT5G07420;AT5G08305;AT5G13640;AT5G13680;AT5G14420;AT5G14950;AT5G15450;AT5G16750;AT5G18990;AT5G19000;AT5G20280;AT5G20620;AT5G20980;AT5G22030;AT5G23040;AT5G23880;AT5G25060;AT5G26120;AT5G27450;AT5G28550;AT5G39770;AT5G39920;AT5G40820;AT5G40870;AT5G42260;AT5G42590;AT5G44585;AT5G47435;AT5G48800;AT5G49010;AT5G51450;AT5G52850;AT5G52920;AT5G53060;AT5G53460;AT5G53660;AT5G55000;AT5G58270;AT5G58450;AT5G58700;AT5G60280;AT5G61410;AT5G64200;AT5G65685;AT5G66520;AT5G67530	595.72	18.887339675029434	0.382730141677298	1.0	200	693	200	1.0
CG	gain	GO:0044272	sulfur compound biosynthetic process	7	AT1G36160;AT1G36180;AT3G62030;AT4G33030;AT5G05260;AT5G20980;AT5G44585	14.925	3.786736721769813	0.4690117252931323	0.9900497512437811	198	693	200	1.0
CG	gain	GO:0044281	small molecule metabolic process	46	AT1G07110;AT1G12050;AT1G17290;AT1G20260;AT1G21640;AT1G23310;AT1G25220;AT1G30520;AT1G31190;AT1G36160;AT1G36180;AT1G43580;AT1G58080;AT1G66120;AT1G71920;AT1G74710;AT1G79460;AT2G20340;AT2G22450;AT2G26560;AT2G28760;AT2G43900;AT2G46740;AT3G15730;AT3G16910;AT3G22960;AT3G27440;AT3G45140;AT3G45300;AT3G62030;AT4G23895;AT4G27030;AT4G35270;AT4G39120;AT5G04140;AT5G05260;AT5G14950;AT5G20980;AT5G26120;AT5G27450;AT5G40870;AT5G44585;AT5G47435;AT5G52920;AT5G53460;AT5G61410	129.505	9.699483233657377	0.3551986409791128	1.0	200	693	200	1.0
CG	gain	GO:0044282	small molecule catabolic process	5	AT1G12050;AT1G17290;AT1G23310;AT2G20340;AT3G45300	18.61	3.7984075610708263	0.2686727565824825	1.0	200	693	200	1.0
CG	gain	GO:0044283	small molecule biosynthetic process	23	AT1G23310;AT1G25220;AT1G30520;AT1G31190;AT1G36160;AT1G36180;AT1G43580;AT1G58080;AT1G71920;AT1G74710;AT1G79460;AT2G22450;AT2G26560;AT2G46740;AT3G45140;AT3G62030;AT4G27030;AT4G39120;AT5G04140;AT5G20980;AT5G44585;AT5G52920;AT5G53460	55.385	6.460400529378988	0.41527489392434774	1.0	200	693	200	1.0
CG	gain	GO:0044419	biological process involved in interspecies interaction between organisms	53	AT1G19350;AT1G25220;AT1G26420;AT1G31280;AT1G49780;AT1G50030;AT1G52940;AT1G55490;AT1G64790;AT1G66340;AT1G66730;AT1G71930;AT1G74710;AT1G79380;AT2G15280;AT2G15480;AT2G15490;AT2G16390;AT2G18660;AT2G26560;AT2G31865;AT2G36490;AT2G40030;AT2G41560;AT3G02260;AT3G23780;AT3G45140;AT3G47110;AT3G49500;AT3G50470;AT3G57720;AT3G59660;AT3G59700;AT3G61710;AT4G16860;AT4G16890;AT4G18780;AT4G19600;AT4G23190;AT4G24100;AT4G33300;AT4G34131;AT4G36280;AT5G04720;AT5G10720;AT5G35450;AT5G42950;AT5G43560;AT5G44510;AT5G44585;AT5G54310;AT5G60280;AT5G61410	119.66	9.113967302991663	0.4429216112318235	1.0	200	693	200	1.0
CG	gain	GO:0044706	multi-multicellular organism process	11	AT1G29760;AT2G25630;AT2G34380;AT2G43900;AT3G56640;AT3G61710;AT4G02650;AT4G29380;AT4G38350;AT5G17020;AT5G49680	30.99	4.7738768312557145	0.3549532107131333	1.0	200	693	200	1.0
CG	gain	GO:0045017	glycerolipid biosynthetic process	5	AT1G13560;AT1G31190;AT1G50030;AT1G71697;AT5G13640	14.62	3.4907878766834317	0.34199726402188785	1.0	200	693	200	1.0
CG	gain	GO:0045087	innate immune response	6	AT1G64790;AT2G26560;AT3G49500;AT4G36280;AT5G35450;AT5G43560	18.46	3.399764697740117	0.32502708559046584	1.0	200	693	200	1.0
CG	gain	GO:0045088	regulation of innate immune response	4	AT3G45430;AT5G03320;AT5G51450;AT5G60120	13.09	3.170473150808885	0.30557677616501144	1.0	200	693	200	1.0
CG	gain	GO:0045089	positive regulation of innate immune response	3	AT3G45430;AT5G03320;AT5G51450	8.5	2.5396850198400593	0.35294117647058826	1.0	200	693	200	1.0
CG	gain	GO:0045132	meiotic chromosome segregation	3	AT1G53490;AT3G12280;AT3G48190	7.735	2.210152709656054	0.3878474466709761	1.0	200	693	200	1.0
CG	gain	GO:0045143	homologous chromosome segregation	3	AT1G53490;AT3G12280;AT3G48190	5.775	2.0234562016510265	0.5194805194805194	0.9502487562189055	190	693	200	1.0
CG	gain	GO:0045165	cell fate commitment	3	AT2G33860;AT3G12280;AT5G44585	7.59	2.594590526460775	0.3952569169960474	0.9850746268656716	197	693	200	1.0
CG	gain	GO:0045184	establishment of protein localization	23	AT1G21650;AT1G47830;AT1G48900;AT2G04030;AT2G26890;AT2G30290;AT3G05040;AT3G08530;AT3G08790;AT3G09560;AT3G51310;AT3G56450;AT3G56640;AT3G61480;AT3G61710;AT4G20140;AT4G24280;AT5G05760;AT5G10370;AT5G17020;AT5G22770;AT5G28350;AT5G46630	44.705	6.1431242051581725	0.5144838384968125	1.0	200	693	200	1.0
CG	gain	GO:0045229	external encapsulating structure organization	18	AT1G11590;AT1G23720;AT1G51630;AT1G66340;AT2G18800;AT2G36710;AT2G44610;AT3G28550;AT3G54580;AT3G54590;AT4G03930;AT4G16120;AT4G19180;AT4G20140;AT5G06630;AT5G07420;AT5G18990;AT5G44585	34.065	5.634782604502165	0.5284015852047557	1.0	200	693	200	1.0
CG	gain	GO:0045324	late endosome to vacuole transport	3	AT2G26890;AT3G08790;AT4G29380	2.775	1.4981238266578636	1.0810810810810811	0.5323383084577115	106	693	200	1.0
CG	gain	GO:0045333	cellular respiration	6	AT2G07687;AT2G18660;AT3G22960;AT3G45300;AT5G52840;AT5G52920	15.205	3.6390898587421554	0.39460703715882933	1.0	200	693	200	1.0
CG	gain	GO:0045488	pectin metabolic process	7	AT1G11590;AT1G51630;AT2G36710;AT4G02130;AT4G03930;AT5G07420;AT5G18990	15.485	3.777535572301079	0.45205037132709075	0.9900497512437811	198	693	200	1.0
CG	gain	GO:0045490	pectin catabolic process	5	AT1G11590;AT2G36710;AT4G03930;AT5G07420;AT5G18990	8.175	2.816802264980627	0.6116207951070336	0.9104477611940298	182	693	200	1.0
CG	gain	GO:0045491	xylan metabolic process	3	AT1G68560;AT1G71930;AT4G33330	6.355	2.428780558222581	0.47206923682140045	0.9502487562189055	190	693	200	1.0
CG	gain	GO:0045814	negative regulation of gene expression, epigenetic	10	AT1G66040;AT2G16390;AT2G23740;AT3G07610;AT3G23780;AT3G45880;AT3G49250;AT5G17690;AT5G20420;AT5G49160	17.98	3.3837257572090524	0.5561735261401557	1.0	200	693	200	1.0
CG	gain	GO:0045892	negative regulation of DNA-templated transcription	7	AT1G19350;AT1G27220;AT2G46790;AT3G07050;AT3G12280;AT3G62930;AT5G17690	21.175	3.838538133196022	0.3305785123966942	1.0	200	693	200	1.0
CG	gain	GO:0045893	positive regulation of DNA-templated transcription	8	AT1G34180;AT1G50030;AT1G71930;AT2G10440;AT2G42830;AT4G29940;AT5G40360;AT5G64220	32.36	5.100039215535515	0.24721878862793573	1.0	200	693	200	1.0
CG	gain	GO:0045934	negative regulation of nucleobase-containing compound metabolic process	9	AT1G19350;AT1G27220;AT1G79950;AT2G46790;AT3G07050;AT3G12280;AT3G18524;AT3G62930;AT5G17690	25.225	4.315596714244726	0.35678889990089196	1.0	200	693	200	1.0
CG	gain	GO:0046034	ATP metabolic process	3	AT1G20260;AT3G22960;AT5G52920	7.745	2.765858817799637	0.38734667527437056	0.9651741293532339	193	693	200	1.0
CG	gain	GO:0046036	CTP metabolic process	3	AT3G27440;AT4G23895;AT5G40870	1.39	1.130442391278742	2.1582733812949644	0.15422885572139303	30	693	200	1.0
CG	gain	GO:0046148	pigment biosynthetic process	4	AT1G28100;AT4G14090;AT4G14210;AT5G40850	9.59	2.837587003071448	0.4171011470281543	0.9900497512437811	198	693	200	1.0
CG	gain	GO:0046390	ribose phosphate biosynthetic process	4	AT3G27440;AT4G23895;AT5G40870;AT5G47435	7.015	2.3376858214909895	0.5702066999287242	0.9353233830845771	187	693	200	1.0
CG	gain	GO:0046394	carboxylic acid biosynthetic process	20	AT1G23310;AT1G25220;AT1G36160;AT1G36180;AT1G43580;AT1G58080;AT1G71920;AT1G74710;AT1G79460;AT2G26560;AT2G46740;AT3G45140;AT3G62030;AT4G27030;AT4G39120;AT5G04140;AT5G20980;AT5G44585;AT5G52920;AT5G53460	43.41	6.024275890096701	0.46072333563695006	1.0	200	693	200	1.0
CG	gain	GO:0046395	carboxylic acid catabolic process	5	AT1G12050;AT1G17290;AT1G23310;AT2G20340;AT3G45300	13.73	3.155487284081493	0.3641660597232338	1.0	200	693	200	1.0
CG	gain	GO:0046434	organophosphate catabolic process	3	AT1G55180;AT3G22960;AT5G52920	7.155	2.810867303876153	0.4192872117400419	0.9601990049751243	192	693	200	1.0
CG	gain	GO:0046470	phosphatidylcholine metabolic process	5	AT1G13560;AT1G55180;AT1G71697;AT3G15730;AT4G11840	2.895	1.6012417056771913	1.7271157167530224	0.1691542288557214	33	693	200	1.0
CG	gain	GO:0046474	glycerophospholipid biosynthetic process	4	AT1G13560;AT1G31190;AT1G50030;AT1G71697	11.245	3.0091485506701083	0.3557136505113384	1.0	200	693	200	1.0
CG	gain	GO:0046486	glycerolipid metabolic process	10	AT1G13560;AT1G31190;AT1G50030;AT1G55180;AT1G71697;AT2G43900;AT3G15730;AT4G11840;AT4G27030;AT5G13640	23.475	4.405607222619824	0.4259850905218317	1.0	200	693	200	1.0
CG	gain	GO:0046496	nicotinamide nucleotide metabolic process	4	AT1G21640;AT3G22960;AT5G52920;AT5G61410	9.635	3.220524025682777	0.4151530877010898	0.9900497512437811	198	693	200	1.0
CG	gain	GO:0046618	xenobiotic export from cell	3	AT2G04090;AT3G03620;AT4G21903	4.845	2.1239056005387815	0.6191950464396285	0.8557213930348259	171	693	200	1.0
CG	gain	GO:0046686	response to cadmium ion	4	AT1G17290;AT1G68560;AT2G26560;AT5G58270	8.3	2.557342370508883	0.48192771084337344	0.9800995024875622	196	693	200	1.0
CG	gain	GO:0046777	protein autophosphorylation	4	AT1G65800;AT3G59700;AT4G23250;AT5G60280	13.035	3.300571920137479	0.3068661296509398	1.0	200	693	200	1.0
CG	gain	GO:0046890	regulation of lipid biosynthetic process	3	AT1G50030;AT4G38350;AT5G40360	8.395	2.634193424940548	0.357355568790947	0.9950248756218906	199	693	200	1.0
CG	gain	GO:0046903	secretion	3	AT2G28640;AT2G44610;AT5G20280	6.725	2.4858348698173836	0.446096654275093	0.9850746268656716	197	693	200	1.0
CG	gain	GO:0046907	intracellular transport	22	AT1G10390;AT1G21650;AT2G26890;AT2G30290;AT3G05040;AT3G08530;AT3G08790;AT3G09560;AT3G10650;AT3G11730;AT3G51310;AT3G56450;AT3G56640;AT3G61480;AT3G61710;AT4G29380;AT5G04920;AT5G05760;AT5G17020;AT5G22770;AT5G28350;AT5G46630	48.595	6.245876639832086	0.45272147340261343	1.0	200	693	200	1.0
CG	gain	GO:0046942	carboxylic acid transport	6	AT2G34390;AT2G42005;AT2G48130;AT3G19490;AT4G15230;AT5G19760	10.01	2.9933092055449273	0.5994005994005994	0.9601990049751243	192	693	200	1.0
CG	gain	GO:0048193	Golgi vesicle transport	3	AT1G30630;AT3G11730;AT5G39500	11.73	3.0638374630518466	0.2557544757033248	1.0	200	693	200	1.0
CG	gain	GO:0048229	gametophyte development	18	AT1G12820;AT1G50240;AT1G73177;AT1G79950;AT2G07050;AT2G34260;AT2G38185;AT2G38220;AT3G01780;AT3G07610;AT3G11964;AT3G12280;AT3G14950;AT4G19180;AT4G29380;AT4G39110;AT5G17020;AT5G58270	58.905	7.139045804587586	0.30557677616501144	1.0	200	693	200	1.0
CG	gain	GO:0048285	organelle fission	6	AT1G50240;AT1G53490;AT2G01990;AT3G12280;AT3G48190;AT5G39770	22.145	4.015466971598692	0.27094152178821407	1.0	200	693	200	1.0
CG	gain	GO:0048316	seed development	31	AT1G19850;AT1G21650;AT1G29760;AT1G36160;AT1G43620;AT1G50030;AT1G53580;AT1G66340;AT1G66730;AT2G01280;AT2G02240;AT2G26890;AT2G34260;AT2G34380;AT2G35510;AT2G48130;AT3G07050;AT3G12280;AT3G22960;AT3G27670;AT3G46330;AT3G49240;AT3G59420;AT4G13610;AT4G32880;AT5G04920;AT5G16750;AT5G23040;AT5G40360;AT5G49160;AT5G52920	73.56	7.850885300397619	0.42142468733007066	1.0	200	693	200	1.0
CG	gain	GO:0048364	root development	28	AT1G12820;AT1G19360;AT1G19850;AT1G21210;AT1G25220;AT1G36160;AT1G55180;AT1G79950;AT2G01420;AT2G17500;AT2G18800;AT2G25180;AT2G35510;AT3G02260;AT3G05040;AT3G06810;AT3G19960;AT3G24240;AT3G45880;AT3G56930;AT3G59420;AT5G06600;AT5G10720;AT5G24740;AT5G44585;AT5G49680;AT5G58270;AT5G61070	66.78	7.209133096288336	0.4192872117400419	1.0	200	693	200	1.0
CG	gain	GO:0048366	leaf development	12	AT1G27340;AT1G32450;AT2G39730;AT3G05040;AT3G07050;AT3G07610;AT3G12280;AT3G15730;AT3G29035;AT3G49500;AT5G13680;AT5G53660	38.17	5.964989522203696	0.3143830233167409	1.0	200	693	200	1.0
CG	gain	GO:0048367	shoot system development	30	AT1G19850;AT1G22770;AT1G23420;AT1G27340;AT1G32450;AT1G36160;AT1G73177;AT2G06990;AT2G25180;AT2G28290;AT2G31215;AT2G33860;AT2G39730;AT2G42830;AT3G02260;AT3G05040;AT3G07050;AT3G07610;AT3G12280;AT3G15730;AT3G29035;AT3G49500;AT4G15180;AT4G19180;AT4G32880;AT5G13680;AT5G17690;AT5G49160;AT5G53660;AT5G54310	82.57	8.396731506961576	0.3633280852609907	1.0	200	693	200	1.0
CG	gain	GO:0048437	floral organ development	8	AT1G23420;AT2G06990;AT2G31215;AT2G42830;AT3G07050;AT4G15180;AT4G19180;AT5G54310	28.295	4.3552238748427055	0.28273546562996993	1.0	200	693	200	1.0
CG	gain	GO:0048438	floral whorl development	6	AT1G23420;AT2G31215;AT2G42830;AT3G49500;AT4G15180;AT4G19180	23.815	4.194135787024533	0.2519420533277346	1.0	200	693	200	1.0
CG	gain	GO:0048440	carpel development	3	AT1G23420;AT2G42830;AT4G15180	10.045	2.8094438951507836	0.2986560477849676	1.0	200	693	200	1.0
CG	gain	GO:0048443	stamen development	3	AT2G31215;AT4G15180;AT4G19180	10.89	2.8386440424963446	0.27548209366391185	1.0	200	693	200	1.0
CG	gain	GO:0048466	androecium development	3	AT2G31215;AT4G15180;AT4G19180	10.89	2.8386440424963446	0.27548209366391185	1.0	200	693	200	1.0
CG	gain	GO:0048467	gynoecium development	4	AT1G23420;AT2G42830;AT3G49500;AT4G15180	12.595	3.0758697956838144	0.3175863437872171	1.0	200	693	200	1.0
CG	gain	GO:0048468	cell development	8	AT1G19360;AT2G25630;AT3G06810;AT3G56640;AT3G56930;AT4G02650;AT5G17020;AT5G49680	31.33	5.062716662030394	0.2553463134375998	1.0	200	693	200	1.0
CG	gain	GO:0048469	cell maturation	4	AT1G19360;AT3G06810;AT3G56930;AT5G49680	15.415	3.541578038106743	0.25948751216347715	1.0	200	693	200	1.0
CG	gain	GO:0048507	meristem development	14	AT1G19850;AT1G36160;AT2G25180;AT2G33860;AT3G07050;AT3G19960;AT3G24240;AT3G57880;AT4G32880;AT5G01770;AT5G06600;AT5G22330;AT5G24740;AT5G44585	31.465	5.367380646088004	0.4449388209121246	1.0	200	693	200	1.0
CG	gain	GO:0048511	rhythmic process	5	AT1G22770;AT2G46790;AT3G06500;AT4G15180;AT4G26700	14.645	3.492703107909405	0.3414134516899966	1.0	200	693	200	1.0
CG	gain	GO:0048518	positive regulation of biological process	35	AT1G22770;AT1G30755;AT1G31500;AT1G34180;AT1G50030;AT1G55180;AT1G66730;AT1G71930;AT1G75220;AT1G75660;AT2G01150;AT2G06990;AT2G10440;AT2G33860;AT2G42830;AT3G15730;AT3G27670;AT3G29035;AT3G45430;AT3G47110;AT3G59420;AT4G09570;AT4G29940;AT4G32880;AT4G36280;AT5G03320;AT5G13130;AT5G13680;AT5G23040;AT5G37500;AT5G39900;AT5G40360;AT5G40850;AT5G51450;AT5G64220	110.405	9.61098199977504	0.3170146279606902	1.0	200	693	200	1.0
CG	gain	GO:0048519	negative regulation of biological process	49	AT1G19350;AT1G20260;AT1G27220;AT1G31280;AT1G31500;AT1G50030;AT1G54490;AT1G66040;AT1G66340;AT1G74710;AT1G75660;AT1G79950;AT2G06990;AT2G16390;AT2G19920;AT2G23740;AT2G26070;AT2G32710;AT2G40030;AT2G41560;AT2G46790;AT3G05040;AT3G05520;AT3G07050;AT3G07610;AT3G12280;AT3G18524;AT3G23150;AT3G23780;AT3G27670;AT3G45880;AT3G49250;AT3G49500;AT3G59700;AT3G62930;AT4G15230;AT5G10720;AT5G13680;AT5G14420;AT5G17690;AT5G20420;AT5G23880;AT5G42950;AT5G44585;AT5G49160;AT5G51230;AT5G53060;AT5G54310;AT5G60120	116.865	8.841763116030643	0.41928721174004197	1.0	200	693	200	1.0
CG	gain	GO:0048522	positive regulation of cellular process	24	AT1G31500;AT1G34180;AT1G50030;AT1G66730;AT1G71930;AT1G75660;AT2G01150;AT2G06990;AT2G10440;AT2G42830;AT3G15730;AT3G27670;AT3G59420;AT4G09570;AT4G29940;AT4G32880;AT5G13680;AT5G23040;AT5G37500;AT5G39900;AT5G40360;AT5G40850;AT5G51450;AT5G64220	85.225	8.368654312373112	0.2816075095335876	1.0	200	693	200	1.0
CG	gain	GO:0048523	negative regulation of cellular process	40	AT1G19350;AT1G20260;AT1G27220;AT1G31280;AT1G31500;AT1G50030;AT1G54490;AT1G66040;AT1G66340;AT1G79950;AT2G16390;AT2G19920;AT2G23740;AT2G26070;AT2G32710;AT2G40030;AT2G41560;AT2G46790;AT3G05520;AT3G07050;AT3G07610;AT3G12280;AT3G18524;AT3G23150;AT3G23780;AT3G45880;AT3G49250;AT3G49500;AT3G62930;AT5G10720;AT5G13680;AT5G17690;AT5G20420;AT5G23880;AT5G42950;AT5G44585;AT5G49160;AT5G53060;AT5G54310;AT5G60120	92.585	8.163502618361818	0.43203542690500624	1.0	200	693	200	1.0
CG	gain	GO:0048527	lateral root development	7	AT1G12820;AT1G21210;AT1G25220;AT2G17500;AT2G35510;AT3G02260;AT3G59420	13.395	3.2922598621615524	0.5225830533781262	0.9800995024875622	196	693	200	1.0
CG	gain	GO:0048528	post-embryonic root development	7	AT1G12820;AT1G21210;AT1G25220;AT2G17500;AT2G35510;AT3G02260;AT3G59420	14.8	3.5383612025908238	0.47297297297297297	0.9850746268656716	197	693	200	1.0
CG	gain	GO:0048532	anatomical structure arrangement	4	AT1G19350;AT1G36160;AT3G15730;AT4G32880	10.915	2.94410852381498	0.3664681630783326	0.9900497512437811	198	693	200	1.0
CG	gain	GO:0048544	recognition of pollen	4	AT1G61480;AT1G65800;AT3G49500;AT3G56640	7.84	2.5757329054077016	0.5102040816326531	0.9552238805970149	191	693	200	1.0
CG	gain	GO:0048573	photoperiodism, flowering	3	AT1G10390;AT2G35510;AT5G17690	8.665	2.7573130036323446	0.34622042700519334	0.9950248756218906	199	693	200	1.0
CG	gain	GO:0048580	regulation of post-embryonic development	13	AT1G22770;AT1G66340;AT1G75220;AT2G24790;AT3G05040;AT3G06500;AT3G24880;AT3G45880;AT4G15230;AT5G17690;AT5G25060;AT5G49160;AT5G51230	43.135	5.3550700275533405	0.30137939028631044	1.0	200	693	200	1.0
CG	gain	GO:0048581	negative regulation of post-embryonic development	5	AT3G05040;AT4G15230;AT5G17690;AT5G49160;AT5G51230	14.05	3.1364789175124352	0.3558718861209964	1.0	200	693	200	1.0
CG	gain	GO:0048583	regulation of response to stimulus	47	AT1G07110;AT1G07910;AT1G10390;AT1G22770;AT1G27340;AT1G50030;AT1G55180;AT1G66340;AT1G66730;AT1G74710;AT1G79950;AT2G01150;AT2G01420;AT2G17500;AT2G24790;AT2G25180;AT2G26070;AT2G28290;AT2G31865;AT2G33860;AT3G15730;AT3G23150;AT3G23780;AT3G45430;AT3G45880;AT3G47020;AT3G47110;AT3G59700;AT4G01820;AT4G09570;AT4G18050;AT4G36280;AT5G03320;AT5G10720;AT5G13130;AT5G13680;AT5G14420;AT5G22330;AT5G25060;AT5G39500;AT5G40820;AT5G42950;AT5G44585;AT5G51450;AT5G53060;AT5G60120;AT5G67530	93.975	8.043281357754605	0.5001330140994946	1.0	200	693	200	1.0
CG	gain	GO:0048584	positive regulation of response to stimulus	14	AT1G22770;AT1G50030;AT1G55180;AT1G66730;AT2G01150;AT2G33860;AT3G15730;AT3G45430;AT3G47110;AT4G09570;AT4G36280;AT5G03320;AT5G13130;AT5G51450	32.01	4.763391648814958	0.43736332396126215	1.0	200	693	200	1.0
CG	gain	GO:0048585	negative regulation of response to stimulus	9	AT1G50030;AT1G66340;AT1G74710;AT2G26070;AT3G23150;AT3G59700;AT5G10720;AT5G14420;AT5G60120	26.48	4.635687651255193	0.33987915407854985	1.0	200	693	200	1.0
CG	gain	GO:0048588	developmental cell growth	7	AT2G25630;AT3G06810;AT3G56640;AT3G56930;AT4G02650;AT5G17020;AT5G49680	23.535	4.3713584844988445	0.29742936052687485	1.0	200	693	200	1.0
CG	gain	GO:0048589	developmental growth	14	AT1G21210;AT1G54490;AT2G25630;AT2G34260;AT3G02260;AT3G06810;AT3G24240;AT3G56640;AT3G56930;AT4G02650;AT5G13680;AT5G17020;AT5G49680;AT5G53460	46.65	6.325148219607202	0.30010718113612006	1.0	200	693	200	1.0
CG	gain	GO:0048608	reproductive structure development	49	AT1G10390;AT1G19850;AT1G21650;AT1G22770;AT1G23420;AT1G29760;AT1G36160;AT1G43620;AT1G50030;AT1G53580;AT1G66340;AT1G66650;AT1G66730;AT1G73177;AT2G01280;AT2G02240;AT2G06990;AT2G26890;AT2G28290;AT2G31215;AT2G33860;AT2G34260;AT2G34380;AT2G35510;AT2G42830;AT2G48130;AT3G02260;AT3G07050;AT3G07610;AT3G12280;AT3G22960;AT3G27670;AT3G46330;AT3G49240;AT3G49500;AT3G59420;AT4G13610;AT4G15180;AT4G19180;AT4G32880;AT5G04920;AT5G13680;AT5G16750;AT5G17690;AT5G23040;AT5G40360;AT5G49160;AT5G52920;AT5G54310	131.93	10.293449373266437	0.3714090805730311	1.0	200	693	200	1.0
CG	gain	GO:0048609	multicellular organismal reproductive process	8	AT1G29760;AT1G50240;AT1G66340;AT2G01990;AT2G34380;AT3G22960;AT4G19180;AT5G52920	19.825	3.80452033770356	0.403530895334174	1.0	200	693	200	1.0
CG	gain	GO:0048638	regulation of developmental growth	7	AT1G28270;AT2G25180;AT3G19960;AT3G24240;AT4G39110;AT5G24740;AT5G44585	21.975	4.139368913252355	0.3185437997724687	1.0	200	693	200	1.0
CG	gain	GO:0048646	anatomical structure formation involved in morphogenesis	9	AT1G25220;AT1G50240;AT2G06990;AT2G17500;AT2G28290;AT3G02260;AT3G59420;AT4G19180;AT4G20140	23.395	4.336931518942861	0.38469758495405004	1.0	200	693	200	1.0
CG	gain	GO:0048731	system development	79	AT1G10390;AT1G12820;AT1G19360;AT1G19850;AT1G21210;AT1G21650;AT1G22770;AT1G23420;AT1G25220;AT1G27340;AT1G29760;AT1G32450;AT1G36160;AT1G43620;AT1G50030;AT1G53580;AT1G55180;AT1G66340;AT1G66650;AT1G66730;AT1G73177;AT1G79950;AT2G01280;AT2G01420;AT2G02240;AT2G06990;AT2G17500;AT2G18800;AT2G25180;AT2G26890;AT2G28290;AT2G31215;AT2G33860;AT2G34260;AT2G34380;AT2G35510;AT2G39730;AT2G42830;AT2G48130;AT3G02260;AT3G05040;AT3G06810;AT3G07050;AT3G07610;AT3G12280;AT3G15730;AT3G19960;AT3G22960;AT3G24240;AT3G27670;AT3G29035;AT3G45880;AT3G46330;AT3G49240;AT3G49500;AT3G56930;AT3G59420;AT4G13610;AT4G15180;AT4G19180;AT4G20140;AT4G32880;AT5G04920;AT5G06600;AT5G10720;AT5G13680;AT5G16750;AT5G17690;AT5G23040;AT5G24740;AT5G40360;AT5G44585;AT5G49160;AT5G49680;AT5G52920;AT5G53660;AT5G54310;AT5G58270;AT5G61070	209.52	12.910832660986582	0.37705231004200074	1.0	200	693	200	1.0
CG	gain	GO:0048764	trichoblast maturation	4	AT1G19360;AT3G06810;AT3G56930;AT5G49680	15.415	3.541578038106743	0.25948751216347715	1.0	200	693	200	1.0
CG	gain	GO:0048765	root hair cell differentiation	4	AT1G19360;AT3G06810;AT3G56930;AT5G49680	15.415	3.541578038106743	0.25948751216347715	1.0	200	693	200	1.0
CG	gain	GO:0048767	root hair elongation	3	AT3G06810;AT3G56930;AT5G49680	9.82	2.957634189686075	0.30549898167006106	0.9950248756218906	199	693	200	1.0
CG	gain	GO:0048827	phyllome development	18	AT1G23420;AT1G27340;AT1G32450;AT1G73177;AT2G31215;AT2G39730;AT2G42830;AT3G05040;AT3G07050;AT3G07610;AT3G12280;AT3G15730;AT3G29035;AT3G49500;AT4G15180;AT4G19180;AT5G13680;AT5G53660	57.225	7.067840900869251	0.3145478374836173	1.0	200	693	200	1.0
CG	gain	GO:0048831	regulation of shoot system development	6	AT2G24790;AT3G05040;AT3G24880;AT5G17690;AT5G49160;AT5G51230	20.315	3.7075295008940823	0.2953482648289441	1.0	200	693	200	1.0
CG	gain	GO:0048856	anatomical structure development	109	AT1G10390;AT1G12820;AT1G19350;AT1G19360;AT1G19850;AT1G21210;AT1G21650;AT1G22770;AT1G23420;AT1G25220;AT1G27340;AT1G29760;AT1G32450;AT1G36160;AT1G43620;AT1G50030;AT1G50240;AT1G53580;AT1G54490;AT1G55180;AT1G62750;AT1G66340;AT1G66650;AT1G66730;AT1G71930;AT1G73177;AT1G74710;AT1G79950;AT2G01280;AT2G01420;AT2G02240;AT2G04030;AT2G06990;AT2G07050;AT2G17500;AT2G18800;AT2G23450;AT2G25180;AT2G25630;AT2G26890;AT2G28290;AT2G31215;AT2G33860;AT2G34260;AT2G34380;AT2G35510;AT2G38185;AT2G38220;AT2G39730;AT2G42830;AT2G48130;AT3G01780;AT3G02260;AT3G05040;AT3G06810;AT3G07050;AT3G07610;AT3G11964;AT3G12280;AT3G14950;AT3G15730;AT3G19960;AT3G22760;AT3G22960;AT3G24240;AT3G27670;AT3G29035;AT3G45880;AT3G46330;AT3G48330;AT3G49240;AT3G49500;AT3G56640;AT3G56930;AT3G57880;AT3G59420;AT3G59780;AT4G02650;AT4G13610;AT4G15180;AT4G17220;AT4G19180;AT4G19600;AT4G20140;AT4G29380;AT4G32880;AT4G38350;AT4G39110;AT5G01770;AT5G01930;AT5G04920;AT5G06600;AT5G10720;AT5G13680;AT5G16750;AT5G17020;AT5G17690;AT5G22330;AT5G23040;AT5G24740;AT5G40360;AT5G44585;AT5G49160;AT5G49680;AT5G52920;AT5G53660;AT5G54310;AT5G58270;AT5G61070	313.935	14.69424292027294	0.3472056317390543	1.0	200	693	200	1.0
CG	gain	GO:0048868	pollen tube development	6	AT2G25630;AT3G56640;AT4G02650;AT4G38350;AT5G17020;AT5G49680	22.15	4.185391260085495	0.2708803611738149	1.0	200	693	200	1.0
CG	gain	GO:0048869	cellular developmental process	20	AT1G19360;AT1G71930;AT2G25630;AT2G33860;AT2G34260;AT3G06810;AT3G07610;AT3G12280;AT3G22760;AT3G56640;AT3G56930;AT3G59420;AT4G02650;AT4G15180;AT4G19600;AT4G20140;AT5G17020;AT5G44585;AT5G49680;AT5G61070	72.19	7.490921171658416	0.2770466823659787	1.0	200	693	200	1.0
CG	gain	GO:0048878	chemical homeostasis	16	AT1G12520;AT1G27595;AT1G32450;AT1G53210;AT1G58030;AT1G74770;AT1G75220;AT2G13620;AT2G17500;AT2G24720;AT2G41560;AT3G17790;AT4G20140;AT5G40360;AT5G53460;AT5G58270	33.915	4.888535056640193	0.47176765443019314	1.0	200	693	200	1.0
CG	gain	GO:0050657	nucleic acid transport	3	AT1G10390;AT3G05040;AT3G10650	4.795	1.8981504155361346	0.6256517205422315	0.8905472636815921	178	693	200	1.0
CG	gain	GO:0050658	RNA transport	3	AT1G10390;AT3G05040;AT3G10650	4.795	1.8981504155361346	0.6256517205422315	0.8905472636815921	178	693	200	1.0
CG	gain	GO:0050776	regulation of immune response	5	AT3G23780;AT3G45430;AT5G03320;AT5G51450;AT5G60120	14.34	3.2656392942270935	0.3486750348675035	1.0	200	693	200	1.0
CG	gain	GO:0050778	positive regulation of immune response	3	AT3G45430;AT5G03320;AT5G51450	8.59	2.5498823502271644	0.3492433061699651	1.0	200	693	200	1.0
CG	gain	GO:0050789	regulation of biological process	173	AT1G04970;AT1G07110;AT1G07350;AT1G07910;AT1G10390;AT1G12820;AT1G19350;AT1G19510;AT1G19850;AT1G20260;AT1G21210;AT1G21230;AT1G22770;AT1G23030;AT1G23420;AT1G25220;AT1G27220;AT1G27340;AT1G28270;AT1G29760;AT1G30755;AT1G31280;AT1G31500;AT1G33910;AT1G34170;AT1G34180;AT1G34390;AT1G35240;AT1G35520;AT1G44120;AT1G47890;AT1G49950;AT1G50030;AT1G54490;AT1G54960;AT1G55180;AT1G65800;AT1G66040;AT1G66340;AT1G66730;AT1G71930;AT1G74710;AT1G74770;AT1G75220;AT1G75660;AT1G79380;AT1G79460;AT1G79950;AT2G01150;AT2G01420;AT2G06990;AT2G10440;AT2G16390;AT2G17150;AT2G17500;AT2G18960;AT2G19920;AT2G23740;AT2G24720;AT2G24790;AT2G25180;AT2G26070;AT2G26890;AT2G27060;AT2G28290;AT2G31215;AT2G31865;AT2G32250;AT2G32710;AT2G33860;AT2G34380;AT2G40030;AT2G41560;AT2G42830;AT2G44610;AT2G46790;AT3G05040;AT3G05520;AT3G06500;AT3G07050;AT3G07610;AT3G12280;AT3G13840;AT3G15730;AT3G18524;AT3G19960;AT3G22760;AT3G23110;AT3G23150;AT3G23690;AT3G23780;AT3G24240;AT3G24880;AT3G27025;AT3G27440;AT3G27670;AT3G29035;AT3G42660;AT3G45430;AT3G45880;AT3G47020;AT3G47110;AT3G48190;AT3G49250;AT3G49500;AT3G57720;AT3G59410;AT3G59420;AT3G59700;AT3G59780;AT3G62030;AT3G62930;AT4G00540;AT4G01820;AT4G09570;AT4G13590;AT4G15180;AT4G15230;AT4G16860;AT4G16890;AT4G18050;AT4G19600;AT4G20140;AT4G22070;AT4G29940;AT4G32880;AT4G35270;AT4G36280;AT4G38180;AT4G38350;AT4G39110;AT4G40100;AT5G01770;AT5G03320;AT5G04720;AT5G06600;AT5G10720;AT5G13130;AT5G13680;AT5G14420;AT5G17690;AT5G19010;AT5G20420;AT5G22330;AT5G23040;AT5G23880;AT5G24740;AT5G25060;AT5G32670;AT5G37500;AT5G39500;AT5G39690;AT5G39900;AT5G40360;AT5G40820;AT5G40850;AT5G40870;AT5G42950;AT5G44510;AT5G44585;AT5G45240;AT5G49160;AT5G51230;AT5G51450;AT5G53060;AT5G53660;AT5G54310;AT5G58270;AT5G58700;AT5G60120;AT5G61070;AT5G64220;AT5G67530	458.545	17.467626484442615	0.3772803105474926	1.0	200	693	200	1.0
CG	gain	GO:0050793	regulation of developmental process	31	AT1G22770;AT1G28270;AT1G34180;AT1G50030;AT1G66340;AT1G75220;AT2G24790;AT2G25180;AT3G05040;AT3G06500;AT3G07050;AT3G12280;AT3G19960;AT3G24240;AT3G24880;AT3G29035;AT3G45880;AT4G15230;AT4G20140;AT4G32880;AT4G39110;AT5G06600;AT5G13680;AT5G17690;AT5G24740;AT5G25060;AT5G40360;AT5G44585;AT5G49160;AT5G51230;AT5G61070	94.57	8.645524853934553	0.32779951358781856	1.0	200	693	200	1.0
CG	gain	GO:0050794	regulation of cellular process	153	AT1G04970;AT1G07350;AT1G07910;AT1G12820;AT1G19350;AT1G19510;AT1G19850;AT1G20260;AT1G21210;AT1G21230;AT1G22770;AT1G23030;AT1G23420;AT1G25220;AT1G27220;AT1G27340;AT1G28270;AT1G31280;AT1G31500;AT1G33910;AT1G34170;AT1G34180;AT1G34390;AT1G35240;AT1G35520;AT1G44120;AT1G47890;AT1G49950;AT1G50030;AT1G54490;AT1G54960;AT1G65800;AT1G66040;AT1G66340;AT1G66730;AT1G71930;AT1G75660;AT1G79380;AT1G79460;AT1G79950;AT2G01150;AT2G01420;AT2G06990;AT2G10440;AT2G16390;AT2G17150;AT2G17500;AT2G18960;AT2G19920;AT2G23740;AT2G24720;AT2G24790;AT2G25180;AT2G26070;AT2G26890;AT2G27060;AT2G28290;AT2G31215;AT2G31865;AT2G32250;AT2G32710;AT2G33860;AT2G40030;AT2G41560;AT2G42830;AT2G44610;AT2G46790;AT3G05520;AT3G07050;AT3G07610;AT3G12280;AT3G13840;AT3G15730;AT3G18524;AT3G22760;AT3G23110;AT3G23150;AT3G23690;AT3G23780;AT3G27440;AT3G27670;AT3G29035;AT3G42660;AT3G45430;AT3G45880;AT3G47020;AT3G48190;AT3G49250;AT3G49500;AT3G57720;AT3G59410;AT3G59420;AT3G59700;AT3G59780;AT3G62030;AT3G62930;AT4G00540;AT4G01820;AT4G09570;AT4G13590;AT4G15180;AT4G15230;AT4G16860;AT4G16890;AT4G18050;AT4G19600;AT4G20140;AT4G22070;AT4G29940;AT4G32880;AT4G35270;AT4G36280;AT4G38180;AT4G38350;AT4G39110;AT4G40100;AT5G01770;AT5G03320;AT5G04720;AT5G06600;AT5G10720;AT5G13130;AT5G13680;AT5G17690;AT5G19010;AT5G20420;AT5G23040;AT5G23880;AT5G25060;AT5G32670;AT5G37500;AT5G39500;AT5G39690;AT5G39900;AT5G40360;AT5G40820;AT5G40850;AT5G40870;AT5G42950;AT5G44510;AT5G44585;AT5G45240;AT5G49160;AT5G51230;AT5G51450;AT5G53060;AT5G53660;AT5G54310;AT5G58270;AT5G58700;AT5G60120;AT5G64220;AT5G67530	415.86	16.98824299331734	0.3679122781705382	1.0	200	693	200	1.0
CG	gain	GO:0050801	monoatomic ion homeostasis	9	AT1G12520;AT1G32450;AT1G53210;AT1G74770;AT2G13620;AT2G24720;AT2G41560;AT4G20140;AT5G58270	20.81	3.7674792633802303	0.4324843825084094	1.0	200	693	200	1.0
CG	gain	GO:0050829	defense response to Gram-negative bacterium	3	AT1G52940;AT1G74710;AT5G54310	2.33	1.5300653580811505	1.2875536480686696	0.4228855721393035	84	693	200	1.0
CG	gain	GO:0050832	defense response to fungus	14	AT1G52940;AT1G71930;AT1G74710;AT2G16390;AT2G31865;AT2G36490;AT2G40030;AT3G23780;AT3G59660;AT3G61710;AT4G16860;AT4G18780;AT5G42950;AT5G60280	26.155	4.5112054929918495	0.5352705027719366	1.0	200	693	200	1.0
CG	gain	GO:0050896	response to stimulus	195	AT1G05120;AT1G07350;AT1G10390;AT1G12820;AT1G17290;AT1G19350;AT1G19850;AT1G21210;AT1G21230;AT1G22770;AT1G23310;AT1G25220;AT1G26420;AT1G27595;AT1G28270;AT1G30755;AT1G31280;AT1G31360;AT1G32220;AT1G32450;AT1G33910;AT1G34170;AT1G34390;AT1G35240;AT1G35520;AT1G36160;AT1G44170;AT1G47890;AT1G48910;AT1G49230;AT1G49780;AT1G49980;AT1G50030;AT1G52940;AT1G53210;AT1G54490;AT1G54960;AT1G55180;AT1G55480;AT1G55490;AT1G56140;AT1G57650;AT1G63250;AT1G64790;AT1G65800;AT1G66340;AT1G66730;AT1G66950;AT1G68560;AT1G70460;AT1G71697;AT1G71930;AT1G74710;AT1G79380;AT1G79460;AT1G79950;AT2G01150;AT2G01420;AT2G02710;AT2G04030;AT2G04090;AT2G15280;AT2G15480;AT2G15490;AT2G16390;AT2G17500;AT2G18660;AT2G18960;AT2G19480;AT2G20340;AT2G22360;AT2G22830;AT2G24720;AT2G24790;AT2G25180;AT2G26070;AT2G26560;AT2G26890;AT2G27060;AT2G28290;AT2G31865;AT2G33860;AT2G34390;AT2G35510;AT2G36490;AT2G36750;AT2G39730;AT2G40030;AT2G41560;AT2G44110;AT2G46790;AT3G02260;AT3G03620;AT3G09560;AT3G13380;AT3G15730;AT3G17790;AT3G17800;AT3G18524;AT3G19490;AT3G23100;AT3G23110;AT3G23150;AT3G23780;AT3G27025;AT3G29035;AT3G42660;AT3G45140;AT3G45430;AT3G45880;AT3G46620;AT3G47020;AT3G47110;AT3G48190;AT3G48330;AT3G49500;AT3G50470;AT3G57720;AT3G58620;AT3G59410;AT3G59660;AT3G59700;AT3G59780;AT3G61710;AT3G62030;AT3G62930;AT4G00290;AT4G00550;AT4G07390;AT4G13590;AT4G15230;AT4G16190;AT4G16860;AT4G16890;AT4G18780;AT4G19600;AT4G20140;AT4G21903;AT4G23180;AT4G23190;AT4G23260;AT4G24100;AT4G24280;AT4G27010;AT4G29940;AT4G32880;AT4G33030;AT4G33300;AT4G34131;AT4G35090;AT4G35270;AT4G36280;AT4G40100;AT5G01630;AT5G01770;AT5G01990;AT5G03320;AT5G04140;AT5G04720;AT5G05170;AT5G06600;AT5G10720;AT5G13680;AT5G14950;AT5G15450;AT5G17020;AT5G17690;AT5G19000;AT5G19010;AT5G23040;AT5G25060;AT5G25250;AT5G26340;AT5G35450;AT5G37500;AT5G39770;AT5G40820;AT5G40850;AT5G42950;AT5G43370;AT5G43560;AT5G44510;AT5G44585;AT5G45240;AT5G53060;AT5G53450;AT5G53460;AT5G53660;AT5G54110;AT5G54310;AT5G58270;AT5G58700;AT5G60280;AT5G61410;AT5G64220	518.285	18.01676372160175	0.37624087133526923	1.0	200	693	200	1.0
CG	gain	GO:0051049	regulation of transport	4	AT1G74770;AT2G26890;AT3G27025;AT5G23040	12.865	3.323668906494748	0.3109211037699184	1.0	200	693	200	1.0
CG	gain	GO:0051052	regulation of DNA metabolic process	9	AT1G79950;AT2G31865;AT3G12280;AT3G18524;AT3G48190;AT3G59420;AT4G36280;AT5G13130;AT5G40820	11.175	3.0486677418177277	0.8053691275167785	0.7661691542288557	153	693	200	1.0
CG	gain	GO:0051093	negative regulation of developmental process	5	AT3G05040;AT4G15230;AT5G17690;AT5G49160;AT5G51230	19.935	3.971243508021143	0.2508151492350138	1.0	200	693	200	1.0
CG	gain	GO:0051094	positive regulation of developmental process	6	AT1G22770;AT1G34180;AT1G50030;AT1G75220;AT3G29035;AT4G32880	17.19	3.718050564475949	0.34904013961605584	1.0	200	693	200	1.0
CG	gain	GO:0051128	regulation of cellular component organization	12	AT1G20260;AT1G28270;AT1G50030;AT2G44610;AT3G05520;AT3G12280;AT3G18524;AT3G48190;AT4G39110;AT5G40820;AT5G44585;AT5G54310	29.95	4.8515461453025495	0.4006677796327212	1.0	200	693	200	1.0
CG	gain	GO:0051129	negative regulation of cellular component organization	3	AT1G20260;AT3G05520;AT3G18524	4.535	1.8217505317688256	0.6615214994487321	0.8656716417910447	173	693	200	1.0
CG	gain	GO:0051168	nuclear export	4	AT1G10390;AT3G05040;AT3G10650;AT5G17020	5.57	1.9583411347362332	0.718132854578097	0.8955223880597015	179	693	200	1.0
CG	gain	GO:0051169	nuclear transport	4	AT1G10390;AT3G05040;AT3G10650;AT5G17020	11.315	2.9892766683597567	0.3535130357931949	0.9950248756218906	199	693	200	1.0
CG	gain	GO:0051179	localization	109	AT1G06490;AT1G10390;AT1G20260;AT1G21650;AT1G21890;AT1G22150;AT1G24490;AT1G30630;AT1G31120;AT1G31830;AT1G32450;AT1G34065;AT1G43580;AT1G47830;AT1G48900;AT1G53210;AT1G56140;AT1G58030;AT1G65550;AT1G66340;AT1G66950;AT1G74770;AT1G75220;AT2G01320;AT2G01420;AT2G03620;AT2G04030;AT2G04090;AT2G07681;AT2G07687;AT2G13620;AT2G17500;AT2G18960;AT2G24720;AT2G26890;AT2G28170;AT2G28640;AT2G30070;AT2G30290;AT2G34390;AT2G38270;AT2G41560;AT2G42005;AT2G44610;AT2G48130;AT3G01780;AT3G02260;AT3G03620;AT3G05040;AT3G05750;AT3G08530;AT3G08790;AT3G09560;AT3G10650;AT3G11730;AT3G19490;AT3G30842;AT3G42640;AT3G44900;AT3G45060;AT3G51310;AT3G51490;AT3G56450;AT3G56640;AT3G61480;AT3G61710;AT3G63380;AT4G00290;AT4G01440;AT4G01820;AT4G02650;AT4G08670;AT4G12120;AT4G13590;AT4G15230;AT4G17140;AT4G18050;AT4G20140;AT4G21903;AT4G24280;AT4G24980;AT4G26590;AT4G27040;AT4G28080;AT4G29380;AT4G38350;AT4G38380;AT5G01990;AT5G04920;AT5G05760;AT5G10370;AT5G17020;AT5G18840;AT5G19600;AT5G19760;AT5G20280;AT5G22770;AT5G24740;AT5G25250;AT5G26340;AT5G28350;AT5G37500;AT5G39500;AT5G43370;AT5G46630;AT5G51050;AT5G54310;AT5G55930;AT5G58270	252.02	12.858444695996171	0.4325053567177208	1.0	200	693	200	1.0
CG	gain	GO:0051234	establishment of localization	105	AT1G06490;AT1G10390;AT1G20260;AT1G21650;AT1G21890;AT1G22150;AT1G30630;AT1G31120;AT1G31830;AT1G32450;AT1G34065;AT1G43580;AT1G47830;AT1G48900;AT1G53210;AT1G58030;AT1G65550;AT1G66950;AT1G74770;AT1G75220;AT2G01320;AT2G01420;AT2G03620;AT2G04030;AT2G04090;AT2G07681;AT2G07687;AT2G13620;AT2G17500;AT2G18960;AT2G24720;AT2G26890;AT2G28170;AT2G28640;AT2G30070;AT2G30290;AT2G34390;AT2G38270;AT2G41560;AT2G42005;AT2G44610;AT2G48130;AT3G01780;AT3G02260;AT3G03620;AT3G05040;AT3G05750;AT3G08530;AT3G08790;AT3G09560;AT3G10650;AT3G11730;AT3G19490;AT3G30842;AT3G42640;AT3G44900;AT3G45060;AT3G51310;AT3G51490;AT3G56450;AT3G56640;AT3G61480;AT3G61710;AT3G63380;AT4G00290;AT4G01440;AT4G01820;AT4G02650;AT4G08670;AT4G12120;AT4G13590;AT4G15230;AT4G17140;AT4G18050;AT4G20140;AT4G21903;AT4G24280;AT4G24980;AT4G26590;AT4G27040;AT4G29380;AT4G38350;AT4G38380;AT5G01990;AT5G04920;AT5G05760;AT5G10370;AT5G17020;AT5G18840;AT5G19600;AT5G19760;AT5G20280;AT5G22770;AT5G24740;AT5G25250;AT5G26340;AT5G28350;AT5G37500;AT5G39500;AT5G43370;AT5G46630;AT5G51050;AT5G54310;AT5G55930;AT5G58270	238.425	12.897843812048405	0.4403900597672224	1.0	200	693	200	1.0
CG	gain	GO:0051236	establishment of RNA localization	3	AT1G10390;AT3G05040;AT3G10650	4.795	1.8981504155361346	0.6256517205422315	0.8905472636815921	178	693	200	1.0
CG	gain	GO:0051239	regulation of multicellular organismal process	18	AT1G22770;AT1G28270;AT1G50030;AT1G66340;AT1G75220;AT2G24790;AT3G05040;AT3G06500;AT3G07050;AT3G12280;AT3G24880;AT3G45880;AT4G15230;AT4G39110;AT5G17690;AT5G25060;AT5G49160;AT5G51230	55.185	6.2714252766017955	0.326175591193259	1.0	200	693	200	1.0
CG	gain	GO:0051240	positive regulation of multicellular organismal process	3	AT1G22770;AT1G50030;AT1G75220	12.37	3.0924262319415186	0.2425222312045271	1.0	200	693	200	1.0
CG	gain	GO:0051241	negative regulation of multicellular organismal process	5	AT3G05040;AT4G15230;AT5G17690;AT5G49160;AT5G51230	15.53	3.4378917958539676	0.32195750160978753	1.0	200	693	200	1.0
CG	gain	GO:0051246	regulation of protein metabolic process	4	AT3G49500;AT3G59410;AT5G39900;AT5G42950	11.91	3.0268630626442246	0.33585222502099077	1.0	200	693	200	1.0
CG	gain	GO:0051252	regulation of RNA metabolic process	49	AT1G19350;AT1G19510;AT1G19850;AT1G22770;AT1G23420;AT1G27220;AT1G31500;AT1G34170;AT1G34180;AT1G34390;AT1G35240;AT1G35520;AT1G49950;AT1G50030;AT1G71930;AT1G79950;AT2G10440;AT2G17150;AT2G23740;AT2G24790;AT2G25180;AT2G28290;AT2G31215;AT2G32250;AT2G33860;AT2G42830;AT2G46790;AT3G07050;AT3G12280;AT3G13840;AT3G22760;AT3G23690;AT3G29035;AT3G62930;AT4G00540;AT4G19600;AT4G22070;AT4G29940;AT4G32880;AT4G35270;AT4G38180;AT5G17690;AT5G32670;AT5G39690;AT5G40360;AT5G51230;AT5G53660;AT5G60120;AT5G64220	175.165	12.946728351209137	0.27973624867981617	1.0	200	693	200	1.0
CG	gain	GO:0051253	negative regulation of RNA metabolic process	7	AT1G19350;AT1G27220;AT2G46790;AT3G07050;AT3G12280;AT3G62930;AT5G17690	23.04	4.135021160768114	0.3038194444444445	1.0	200	693	200	1.0
CG	gain	GO:0051254	positive regulation of RNA metabolic process	9	AT1G31500;AT1G34180;AT1G50030;AT1G71930;AT2G10440;AT2G42830;AT4G29940;AT5G40360;AT5G64220	37.045	5.360314822843887	0.2429477662302605	1.0	200	693	200	1.0
CG	gain	GO:0051273	beta-glucan metabolic process	7	AT1G06490;AT1G32180;AT2G44610;AT3G59100;AT4G16120;AT4G18780;AT5G05170	12.46	2.9779858965414827	0.5617977528089887	0.9751243781094527	195	693	200	1.0
CG	gain	GO:0051274	beta-glucan biosynthetic process	7	AT1G06490;AT1G32180;AT2G44610;AT3G59100;AT4G16120;AT4G18780;AT5G05170	11.94	2.947269923166187	0.5862646566164155	0.9701492537313433	194	693	200	1.0
CG	gain	GO:0051276	chromosome organization	6	AT1G53490;AT1G79950;AT3G12280;AT3G48190;AT5G40820;AT5G58270	20.85	4.076456794815798	0.28776978417266186	1.0	200	693	200	1.0
CG	gain	GO:0051301	cell division	13	AT1G50240;AT1G54490;AT1G55180;AT1G66340;AT2G26890;AT3G01780;AT3G05750;AT3G12280;AT4G08630;AT5G05170;AT5G13680;AT5G16750;AT5G49160	26.77	4.653718942953046	0.4856182293612253	1.0	200	693	200	1.0
CG	gain	GO:0051321	meiotic cell cycle	8	AT1G50240;AT1G53490;AT2G01990;AT3G12280;AT3G48190;AT5G01630;AT5G39770;AT5G40820	21.505	4.026161323146409	0.372006510113927	1.0	200	693	200	1.0
CG	gain	GO:0051510	regulation of unidimensional cell growth	3	AT1G28270;AT4G39110;AT5G44585	9.54	2.7637655472199554	0.3144654088050315	1.0	200	693	200	1.0
CG	gain	GO:0051604	protein maturation	10	AT1G55490;AT2G04030;AT2G22360;AT3G11830;AT3G62030;AT4G24280;AT5G15450;AT5G23040;AT5G58450;AT5G67530	25.0	4.62493243193887	0.4	1.0	200	693	200	1.0
CG	gain	GO:0051607	defense response to virus	5	AT1G31280;AT2G26560;AT3G49500;AT4G36280;AT5G42950	7.315	2.519082174126122	0.683526999316473	0.8855721393034826	177	693	200	1.0
CG	gain	GO:0051641	cellular localization	26	AT1G10390;AT1G21650;AT1G48900;AT1G74770;AT2G26890;AT2G30290;AT3G05040;AT3G05750;AT3G08530;AT3G08790;AT3G09560;AT3G10650;AT3G11730;AT3G51310;AT3G56450;AT3G56640;AT3G61480;AT3G61710;AT4G02650;AT4G29380;AT5G04920;AT5G05760;AT5G17020;AT5G22770;AT5G28350;AT5G46630	57.615	6.810049559291014	0.4512713703028725	1.0	200	693	200	1.0
CG	gain	GO:0051649	establishment of localization in cell	24	AT1G10390;AT1G21650;AT1G74770;AT2G26890;AT2G30290;AT3G05040;AT3G05750;AT3G08530;AT3G08790;AT3G09560;AT3G10650;AT3G11730;AT3G51310;AT3G56450;AT3G56640;AT3G61480;AT3G61710;AT4G29380;AT5G04920;AT5G05760;AT5G17020;AT5G22770;AT5G28350;AT5G46630	52.075	6.506102904196935	0.4608737397983677	1.0	200	693	200	1.0
CG	gain	GO:0051707	response to other organism	53	AT1G19350;AT1G25220;AT1G26420;AT1G31280;AT1G49780;AT1G50030;AT1G52940;AT1G55490;AT1G64790;AT1G66340;AT1G66730;AT1G71930;AT1G74710;AT1G79380;AT2G15280;AT2G15480;AT2G15490;AT2G16390;AT2G18660;AT2G26560;AT2G31865;AT2G36490;AT2G40030;AT2G41560;AT3G02260;AT3G23780;AT3G45140;AT3G47110;AT3G49500;AT3G50470;AT3G57720;AT3G59660;AT3G59700;AT3G61710;AT4G16860;AT4G16890;AT4G18780;AT4G19600;AT4G23190;AT4G24100;AT4G33300;AT4G34131;AT4G36280;AT5G04720;AT5G10720;AT5G35450;AT5G42950;AT5G43560;AT5G44510;AT5G44585;AT5G54310;AT5G60280;AT5G61410	118.325	9.18963410588247	0.4479188675258821	1.0	200	693	200	1.0
CG	gain	GO:0051716	cellular response to stimulus	78	AT1G12820;AT1G17290;AT1G19350;AT1G21210;AT1G21230;AT1G27595;AT1G28270;AT1G31360;AT1G33910;AT1G47890;AT1G49980;AT1G50030;AT1G53210;AT1G54490;AT1G54960;AT1G55180;AT1G65800;AT1G66340;AT1G66730;AT1G70460;AT1G71930;AT1G79380;AT1G79460;AT1G79950;AT2G01150;AT2G16390;AT2G19480;AT2G24720;AT2G24790;AT2G25180;AT2G26560;AT2G27060;AT2G31865;AT2G36490;AT2G46790;AT3G09560;AT3G15730;AT3G17790;AT3G18524;AT3G23100;AT3G23110;AT3G23150;AT3G45430;AT3G48190;AT3G57720;AT3G59410;AT3G59780;AT3G62030;AT4G00290;AT4G00550;AT4G13590;AT4G15230;AT4G16860;AT4G16890;AT4G33030;AT4G34131;AT4G35090;AT4G36280;AT5G01630;AT5G01770;AT5G03320;AT5G04720;AT5G06600;AT5G10720;AT5G13680;AT5G19000;AT5G19010;AT5G25060;AT5G25250;AT5G35450;AT5G39770;AT5G40820;AT5G43370;AT5G44510;AT5G45240;AT5G53060;AT5G58700;AT5G64220	235.525	12.458305462622056	0.33117503449739943	1.0	200	693	200	1.0
CG	gain	GO:0051726	regulation of cell cycle	4	AT2G32710;AT3G12280;AT3G18524;AT3G59420	16.315	3.8374177515615813	0.24517315353968738	1.0	200	693	200	1.0
CG	gain	GO:0052545	callose localization	3	AT1G06490;AT1G56140;AT1G66340	6.65	2.3722352328552914	0.45112781954887216	0.9651741293532339	193	693	200	1.0
CG	gain	GO:0052803	imidazole-containing compound metabolic process	3	AT1G58080;AT1G71920;AT4G39120	1.195	1.0568703799425925	2.510460251046025	0.12935323383084577	25	693	200	1.0
CG	gain	GO:0055074	calcium ion homeostasis	3	AT1G53210;AT2G24720;AT2G41560	5.655	2.2239548106919784	0.5305039787798408	0.9054726368159204	181	693	200	1.0
CG	gain	GO:0055080	monoatomic cation homeostasis	9	AT1G12520;AT1G32450;AT1G53210;AT1G74770;AT2G13620;AT2G24720;AT2G41560;AT4G20140;AT5G58270	19.965	3.6978067824049403	0.4507888805409467	1.0	200	693	200	1.0
CG	gain	GO:0055082	intracellular chemical homeostasis	10	AT1G12520;AT1G27595;AT1G58030;AT1G74770;AT2G17500;AT2G24720;AT2G41560;AT3G17790;AT5G53460;AT5G58270	21.55	4.061711461933251	0.46403712296983757	1.0	200	693	200	1.0
CG	gain	GO:0055085	transmembrane transport	57	AT1G20260;AT1G21650;AT1G21890;AT1G22150;AT1G31120;AT1G31830;AT1G32450;AT1G34065;AT1G53210;AT1G58030;AT1G65550;AT1G66950;AT1G74770;AT1G75220;AT2G01320;AT2G01420;AT2G03620;AT2G04030;AT2G04090;AT2G07687;AT2G13620;AT2G17500;AT2G18960;AT2G24720;AT2G28170;AT2G30070;AT2G34390;AT2G41560;AT2G42005;AT3G03620;AT3G19490;AT3G30842;AT3G42640;AT3G44900;AT3G45060;AT3G51490;AT3G63380;AT4G00290;AT4G01440;AT4G01820;AT4G13590;AT4G15230;AT4G18050;AT4G21903;AT4G24980;AT4G26590;AT4G38380;AT5G01990;AT5G18840;AT5G19600;AT5G19760;AT5G26340;AT5G37500;AT5G43370;AT5G51050;AT5G55930;AT5G58270	137.14	10.139053210236334	0.4156336590345633	1.0	200	693	200	1.0
CG	gain	GO:0055086	nucleobase-containing small molecule metabolic process	13	AT1G20260;AT1G21640;AT1G36160;AT1G36180;AT2G28760;AT3G22960;AT3G27440;AT4G23895;AT5G27450;AT5G40870;AT5G47435;AT5G52920;AT5G61410	35.865	5.320411168321466	0.36247037501742646	1.0	200	693	200	1.0
CG	gain	GO:0060147	regulation of post-transcriptional gene silencing	3	AT1G75660;AT2G06990;AT3G27670	3.095	1.6449848023614075	0.9693053311793214	0.6169154228855721	123	693	200	1.0
CG	gain	GO:0060255	regulation of macromolecule metabolic process	87	AT1G04970;AT1G07350;AT1G19350;AT1G19510;AT1G19850;AT1G22770;AT1G23420;AT1G27220;AT1G31280;AT1G31500;AT1G34170;AT1G34180;AT1G34390;AT1G35240;AT1G35520;AT1G44120;AT1G49950;AT1G50030;AT1G54490;AT1G66040;AT1G71930;AT1G75660;AT1G79950;AT2G06990;AT2G10440;AT2G16390;AT2G17150;AT2G19920;AT2G23740;AT2G24790;AT2G25180;AT2G28290;AT2G31215;AT2G31865;AT2G32250;AT2G33860;AT2G40030;AT2G42830;AT2G46790;AT3G07050;AT3G07610;AT3G12280;AT3G13840;AT3G18524;AT3G22760;AT3G23690;AT3G23780;AT3G27440;AT3G27670;AT3G29035;AT3G42660;AT3G45880;AT3G47020;AT3G48190;AT3G49250;AT3G49500;AT3G59410;AT3G59420;AT3G62930;AT4G00540;AT4G15180;AT4G19600;AT4G22070;AT4G29940;AT4G32880;AT4G35270;AT4G36280;AT4G38180;AT4G38350;AT5G13130;AT5G17690;AT5G20420;AT5G23880;AT5G25060;AT5G32670;AT5G39690;AT5G39900;AT5G40360;AT5G40820;AT5G40870;AT5G42950;AT5G49160;AT5G51230;AT5G53060;AT5G53660;AT5G60120;AT5G64220	239.295	13.715975174955773	0.3635679809440231	1.0	200	693	200	1.0
CG	gain	GO:0060560	developmental growth involved in morphogenesis	10	AT1G21210;AT1G54490;AT2G25630;AT3G02260;AT3G06810;AT3G56640;AT3G56930;AT4G02650;AT5G17020;AT5G49680	38.835	5.686631252332064	0.25749967812540236	1.0	200	693	200	1.0
CG	gain	GO:0060918	auxin transport	6	AT2G01420;AT2G17500;AT3G02260;AT4G01820;AT4G18050;AT5G01990	15.065	3.5285655725804532	0.39827414537006306	1.0	200	693	200	1.0
CG	gain	GO:0060966	regulation of gene silencing by regulatory ncRNA	3	AT3G27670;AT3G47020;AT5G13130	3.645	1.6670257946414628	0.823045267489712	0.7611940298507462	152	693	200	1.0
CG	gain	GO:0061024	membrane organization	3	AT2G07050;AT5G05760;AT5G25250	16.41	3.731206239274371	0.18281535648994515	1.0	200	693	200	1.0
CG	gain	GO:0061458	reproductive system development	49	AT1G10390;AT1G19850;AT1G21650;AT1G22770;AT1G23420;AT1G29760;AT1G36160;AT1G43620;AT1G50030;AT1G53580;AT1G66340;AT1G66650;AT1G66730;AT1G73177;AT2G01280;AT2G02240;AT2G06990;AT2G26890;AT2G28290;AT2G31215;AT2G33860;AT2G34260;AT2G34380;AT2G35510;AT2G42830;AT2G48130;AT3G02260;AT3G07050;AT3G07610;AT3G12280;AT3G22960;AT3G27670;AT3G46330;AT3G49240;AT3G49500;AT3G59420;AT4G13610;AT4G15180;AT4G19180;AT4G32880;AT5G04920;AT5G13680;AT5G16750;AT5G17690;AT5G23040;AT5G40360;AT5G49160;AT5G52920;AT5G54310	131.93	10.293449373266437	0.3714090805730311	1.0	200	693	200	1.0
CG	gain	GO:0061640	cytoskeleton-dependent cytokinesis	3	AT1G50240;AT5G05170;AT5G49160	6.515	2.3086305464495624	0.4604758250191865	0.9651741293532339	193	693	200	1.0
CG	gain	GO:0061919	process utilizing autophagic mechanism	3	AT3G61710;AT4G29380;AT5G43560	4.865	2.001693033409468	0.6166495375128468	0.8756218905472637	175	693	200	1.0
CG	gain	GO:0061982	meiosis I cell cycle process	4	AT1G53490;AT3G12280;AT3G48190;AT5G39770	8.98	2.509900396430102	0.4454342984409799	0.9900497512437811	198	693	200	1.0
CG	gain	GO:0062012	regulation of small molecule metabolic process	4	AT1G50030;AT5G03320;AT5G40360;AT5G40850	10.44	2.9523549922053762	0.3831417624521073	0.9950248756218906	199	693	200	1.0
CG	gain	GO:0062197	cellular response to chemical stress	4	AT1G53210;AT4G00290;AT5G10720;AT5G19000	12.54	3.4753992576393355	0.3189792663476874	1.0	200	693	200	1.0
CG	gain	GO:0065001	specification of axis polarity	3	AT1G23420;AT3G05040;AT4G20140	4.4	1.9026297590440442	0.6818181818181818	0.835820895522388	167	693	200	1.0
CG	gain	GO:0065003	protein-containing complex assembly	15	AT1G22700;AT1G49950;AT1G55480;AT1G60770;AT1G70760;AT2G01280;AT2G07681;AT2G19480;AT3G16010;AT4G02650;AT4G09730;AT5G22330;AT5G23120;AT5G55000;AT5G66510	31.68	5.279924241880751	0.4734848484848485	1.0	200	693	200	1.0
CG	gain	GO:0065004	protein-DNA complex assembly	3	AT1G49950;AT2G01280;AT2G19480	3.07	1.6416759729008645	0.977198697068404	0.5920398009950248	118	693	200	1.0
CG	gain	GO:0065007	biological regulation	178	AT1G04970;AT1G07110;AT1G07350;AT1G07910;AT1G10390;AT1G12820;AT1G19350;AT1G19510;AT1G19850;AT1G20260;AT1G21210;AT1G21230;AT1G22770;AT1G23030;AT1G23420;AT1G25220;AT1G27220;AT1G27340;AT1G28270;AT1G29760;AT1G30755;AT1G31280;AT1G31500;AT1G33910;AT1G34170;AT1G34180;AT1G34390;AT1G35240;AT1G35520;AT1G44120;AT1G44835;AT1G47890;AT1G48910;AT1G49950;AT1G50030;AT1G54490;AT1G54960;AT1G55180;AT1G65800;AT1G66040;AT1G66340;AT1G66730;AT1G71930;AT1G74710;AT1G74770;AT1G75220;AT1G75660;AT1G79380;AT1G79460;AT1G79950;AT2G01150;AT2G01420;AT2G06990;AT2G10440;AT2G13620;AT2G16390;AT2G17150;AT2G17500;AT2G18960;AT2G19920;AT2G23740;AT2G24720;AT2G24790;AT2G25180;AT2G26070;AT2G26890;AT2G27060;AT2G28290;AT2G31215;AT2G31865;AT2G32250;AT2G32710;AT2G33860;AT2G34380;AT2G40030;AT2G41560;AT2G42830;AT2G44610;AT2G46790;AT3G02260;AT3G05040;AT3G05520;AT3G06500;AT3G07050;AT3G07610;AT3G12280;AT3G13840;AT3G15730;AT3G18524;AT3G19960;AT3G22760;AT3G23110;AT3G23150;AT3G23690;AT3G23780;AT3G24240;AT3G24880;AT3G27025;AT3G27440;AT3G27670;AT3G29035;AT3G42660;AT3G45430;AT3G45880;AT3G47020;AT3G47110;AT3G48190;AT3G49250;AT3G49500;AT3G57720;AT3G59410;AT3G59420;AT3G59700;AT3G59780;AT3G62030;AT3G62930;AT4G00540;AT4G01820;AT4G09570;AT4G13590;AT4G15180;AT4G15230;AT4G16860;AT4G16890;AT4G18050;AT4G19600;AT4G20140;AT4G22070;AT4G29940;AT4G32880;AT4G35270;AT4G36280;AT4G38180;AT4G38350;AT4G39110;AT4G40100;AT5G01770;AT5G01990;AT5G03320;AT5G04720;AT5G06600;AT5G10720;AT5G13130;AT5G13680;AT5G14420;AT5G17690;AT5G19010;AT5G20420;AT5G22330;AT5G23040;AT5G23880;AT5G24740;AT5G25060;AT5G32670;AT5G37500;AT5G39500;AT5G39690;AT5G39900;AT5G40360;AT5G40820;AT5G40850;AT5G40870;AT5G42950;AT5G44510;AT5G44585;AT5G45240;AT5G49160;AT5G51230;AT5G51450;AT5G53060;AT5G53660;AT5G54310;AT5G58270;AT5G58700;AT5G60120;AT5G61070;AT5G64220;AT5G67530	479.52	17.091214117201424	0.37120453787120455	1.0	200	693	200	1.0
CG	gain	GO:0065008	regulation of biological quality	17	AT1G20260;AT1G25220;AT1G31500;AT1G44835;AT1G48910;AT1G66340;AT2G01420;AT2G17500;AT2G33860;AT3G02260;AT3G05520;AT3G27025;AT4G01820;AT4G18050;AT5G01990;AT5G06600;AT5G14420	51.365	6.373521397155584	0.33096466465492064	1.0	200	693	200	1.0
CG	gain	GO:0070192	chromosome organization involved in meiotic cell cycle	3	AT1G53490;AT3G12280;AT3G48190	6.69	2.337498663101221	0.44843049327354256	0.9701492537313433	194	693	200	1.0
CG	gain	GO:0070297	regulation of phosphorelay signal transduction system	5	AT1G66340;AT2G26070;AT2G28290;AT3G23150;AT5G10720	4.22	1.682735867568051	1.1848341232227488	0.43781094527363185	87	693	200	1.0
CG	gain	GO:0070298	negative regulation of phosphorelay signal transduction system	4	AT1G66340;AT2G26070;AT3G23150;AT5G10720	2.725	1.4033442200686186	1.4678899082568806	0.27860696517412936	55	693	200	1.0
CG	gain	GO:0070482	response to oxygen levels	8	AT1G17290;AT1G23310;AT2G01150;AT2G26560;AT2G34390;AT3G23150;AT4G34131;AT5G25250	19.195	3.763904223010992	0.4167752018754884	1.0	200	693	200	1.0
CG	gain	GO:0070542	response to fatty acid	6	AT1G79380;AT2G39730;AT3G45140;AT5G06600;AT5G37500;AT5G53060	20.365	4.085556877587199	0.2946231279155414	1.0	200	693	200	1.0
CG	gain	GO:0070588	calcium ion transmembrane transport	5	AT2G24720;AT2G41560;AT3G63380;AT4G13590;AT5G51050	9.72	2.694735608552347	0.51440329218107	0.9800995024875622	196	693	200	1.0
CG	gain	GO:0070592	cell wall polysaccharide biosynthetic process	4	AT1G51630;AT2G44610;AT4G16120;AT4G33330	6.855	2.5561641183617283	0.5835156819839533	0.9154228855721394	183	693	200	1.0
CG	gain	GO:0070646	protein modification by small protein removal	5	AT3G14400;AT4G30890;AT4G39370;AT5G06600;AT5G22030	8.725	2.7403238859667676	0.5730659025787966	0.9502487562189055	190	693	200	1.0
CG	gain	GO:0070647	protein modification by small protein conjugation or removal	32	AT1G12820;AT1G23030;AT1G49210;AT1G49220;AT1G49230;AT1G49780;AT1G50490;AT1G53490;AT1G55860;AT1G66040;AT1G66650;AT1G70320;AT1G73177;AT1G74770;AT2G01150;AT2G16090;AT2G38185;AT2G38220;AT3G03510;AT3G14400;AT3G46620;AT3G47020;AT4G30890;AT4G39370;AT5G06600;AT5G14420;AT5G19000;AT5G22030;AT5G48800;AT5G51450;AT5G55000;AT5G67530	66.485	7.570321987868133	0.481311574039257	1.0	200	693	200	1.0
CG	gain	GO:0070828	heterochromatin organization	6	AT2G16390;AT3G07610;AT3G23780;AT3G49250;AT5G17690;AT5G20420	11.8	2.903446228191591	0.5084745762711864	0.9850746268656716	197	693	200	1.0
CG	gain	GO:0070887	cellular response to chemical stimulus	33	AT1G12820;AT1G17290;AT1G19350;AT1G27595;AT1G50030;AT1G53210;AT1G66340;AT1G71930;AT1G79380;AT1G79460;AT2G01150;AT2G16390;AT2G24720;AT2G25180;AT2G26560;AT2G27060;AT2G46790;AT3G15730;AT3G17790;AT3G23150;AT3G59780;AT4G00290;AT4G15230;AT4G16890;AT4G34131;AT4G35090;AT5G06600;AT5G10720;AT5G13680;AT5G19000;AT5G25250;AT5G53060;AT5G64220	112.825	9.716191383458854	0.2924883669399512	1.0	200	693	200	1.0
CG	gain	GO:0070918	regulatory ncRNA processing	4	AT2G40030;AT3G23780;AT3G49500;AT5G53060	7.815	2.449647933887643	0.5118362124120281	0.9701492537313433	194	693	200	1.0
CG	gain	GO:0070925	organelle assembly	4	AT1G29760;AT1G60770;AT2G34380;AT3G61710	7.765	2.4939476738696835	0.51513200257566	0.9800995024875622	196	693	200	1.0
CG	gain	GO:0071214	cellular response to abiotic stimulus	5	AT1G53210;AT2G24790;AT2G46790;AT5G19000;AT5G25060	22.04	4.694507428900291	0.2268602540834846	1.0	200	693	200	1.0
CG	gain	GO:0071215	cellular response to abscisic acid stimulus	3	AT3G15730;AT4G15230;AT5G13680	15.215	3.5970508753699875	0.1971738416036806	1.0	200	693	200	1.0
CG	gain	GO:0071322	cellular response to carbohydrate stimulus	3	AT1G27595;AT1G50030;AT1G66340	9.0	2.6153393661244047	0.3333333333333333	1.0	200	693	200	1.0
CG	gain	GO:0071368	cellular response to cytokinin stimulus	3	AT2G25180;AT2G46790;AT5G10720	6.57	2.3227354563100806	0.45662100456621	0.9651741293532339	193	693	200	1.0
CG	gain	GO:0071395	cellular response to jasmonic acid stimulus	3	AT1G79380;AT5G06600;AT5G53060	8.565	2.931855214706211	0.3502626970227671	0.9850746268656716	197	693	200	1.0
CG	gain	GO:0071396	cellular response to lipid	8	AT1G19350;AT1G79380;AT1G79460;AT3G15730;AT4G15230;AT5G06600;AT5G13680;AT5G53060	35.26	5.739547020453804	0.22688598979013047	1.0	200	693	200	1.0
CG	gain	GO:0071398	cellular response to fatty acid	3	AT1G79380;AT5G06600;AT5G53060	8.935	2.9783846292915217	0.3357582540570789	0.9850746268656716	197	693	200	1.0
CG	gain	GO:0071453	cellular response to oxygen levels	6	AT1G17290;AT2G01150;AT2G26560;AT3G23150;AT4G34131;AT5G25250	14.875	3.5269498153503704	0.40336134453781514	1.0	200	693	200	1.0
CG	gain	GO:0071456	cellular response to hypoxia	6	AT1G17290;AT2G01150;AT2G26560;AT3G23150;AT4G34131;AT5G25250	14.73	3.492434680849447	0.40733197556008144	1.0	200	693	200	1.0
CG	gain	GO:0071478	cellular response to radiation	3	AT2G24790;AT2G46790;AT5G25060	12.45	3.553519382246286	0.24096385542168677	1.0	200	693	200	1.0
CG	gain	GO:0071482	cellular response to light stimulus	3	AT2G24790;AT2G46790;AT5G25060	11.86	3.4929070986786965	0.25295109612141653	1.0	200	693	200	1.0
CG	gain	GO:0071489	cellular response to red or far red light	3	AT2G24790;AT2G46790;AT5G25060	6.115	2.354097491609046	0.49059689288634506	0.9502487562189055	190	693	200	1.0
CG	gain	GO:0071495	cellular response to endogenous stimulus	15	AT1G12820;AT1G19350;AT1G66340;AT1G71930;AT1G79380;AT1G79460;AT2G25180;AT2G46790;AT3G15730;AT3G23150;AT4G15230;AT5G06600;AT5G10720;AT5G13680;AT5G53060	53.82	7.061699512157115	0.2787068004459309	1.0	200	693	200	1.0
CG	gain	GO:0071554	cell wall organization or biogenesis	23	AT1G11590;AT1G23720;AT1G51630;AT1G66340;AT1G70630;AT2G18800;AT2G36710;AT2G44610;AT3G28550;AT3G54580;AT3G54590;AT4G03930;AT4G16120;AT4G17220;AT4G18780;AT4G20140;AT4G28850;AT4G33330;AT5G05170;AT5G06630;AT5G07420;AT5G18990;AT5G44585	46.23	6.253566982131129	0.4975124378109453	1.0	200	693	200	1.0
CG	gain	GO:0071555	cell wall organization	17	AT1G11590;AT1G23720;AT1G51630;AT1G66340;AT2G18800;AT2G36710;AT2G44610;AT3G28550;AT3G54580;AT3G54590;AT4G03930;AT4G16120;AT4G20140;AT5G06630;AT5G07420;AT5G18990;AT5G44585	28.125	5.165208127462053	0.6044444444444445	0.9800995024875622	196	693	200	1.0
CG	gain	GO:0071669	plant-type cell wall organization or biogenesis	14	AT1G23720;AT1G51630;AT2G44610;AT3G28550;AT3G54580;AT3G54590;AT4G16120;AT4G17220;AT4G18780;AT4G20140;AT4G33330;AT5G05170;AT5G06630;AT5G44585	25.915	4.5932314333157604	0.5402276673741077	1.0	200	693	200	1.0
CG	gain	GO:0071695	anatomical structure maturation	4	AT1G19360;AT3G06810;AT3G56930;AT5G49680	15.465	3.5621306826111803	0.25864856126737795	1.0	200	693	200	1.0
CG	gain	GO:0071705	nitrogen compound transport	12	AT1G10390;AT1G31830;AT1G32450;AT2G07681;AT2G42005;AT3G05040;AT3G10650;AT3G45060;AT4G01440;AT4G26590;AT5G51050;AT5G55930	28.705	4.419046842928923	0.4180456366486675	1.0	200	693	200	1.0
CG	gain	GO:0071805	potassium ion transmembrane transport	4	AT1G31120;AT1G32450;AT2G30070;AT5G37500	8.895	2.8220515587068933	0.44969083754918493	0.9751243781094527	195	693	200	1.0
CG	gain	GO:0071824	protein-DNA complex organization	3	AT1G49950;AT2G01280;AT2G19480	3.295	1.7111326658094048	0.9104704097116844	0.6169154228855721	123	693	200	1.0
CG	gain	GO:0071840	cellular component organization or biogenesis	96	AT1G11590;AT1G20260;AT1G22700;AT1G23720;AT1G24490;AT1G29760;AT1G43580;AT1G49950;AT1G50240;AT1G51630;AT1G53490;AT1G54490;AT1G54960;AT1G55480;AT1G60770;AT1G62750;AT1G66040;AT1G66340;AT1G70630;AT1G70760;AT1G75660;AT1G79950;AT2G01280;AT2G01990;AT2G04270;AT2G07050;AT2G07681;AT2G16390;AT2G18800;AT2G19480;AT2G23740;AT2G26890;AT2G28290;AT2G31900;AT2G34260;AT2G34380;AT2G36710;AT2G39140;AT2G43650;AT2G44610;AT3G05520;AT3G05750;AT3G07610;AT3G10650;AT3G11964;AT3G12280;AT3G16010;AT3G23780;AT3G28550;AT3G42660;AT3G45880;AT3G48190;AT3G49250;AT3G54580;AT3G54590;AT3G57880;AT3G61710;AT4G00416;AT4G02650;AT4G03930;AT4G09730;AT4G15180;AT4G16120;AT4G17220;AT4G18780;AT4G19180;AT4G20140;AT4G26700;AT4G28850;AT4G33330;AT5G04920;AT5G05170;AT5G05760;AT5G06630;AT5G07420;AT5G15450;AT5G16730;AT5G16750;AT5G17690;AT5G18990;AT5G20420;AT5G22330;AT5G23040;AT5G23120;AT5G25250;AT5G39500;AT5G39770;AT5G40820;AT5G43560;AT5G44585;AT5G49160;AT5G51230;AT5G55000;AT5G58270;AT5G61070;AT5G66510	257.805	14.176282128964154	0.372374469075464	1.0	200	693	200	1.0
CG	gain	GO:0071897	DNA biosynthetic process	3	AT1G49980;AT1G66730;AT5G40820	6.14	2.0809613163151313	0.488599348534202	0.9552238805970149	191	693	200	1.0
CG	gain	GO:0071985	multivesicular body sorting pathway	3	AT3G08790;AT4G27040;AT5G04920	2.29	1.402105559506844	1.3100436681222707	0.4129353233830846	82	693	200	1.0
CG	gain	GO:0072330	monocarboxylic acid biosynthetic process	8	AT1G36160;AT1G36180;AT1G43580;AT1G74710;AT3G45140;AT4G27030;AT5G44585;AT5G52920	19.405	4.025043478026041	0.41226488018551916	1.0	200	693	200	1.0
CG	gain	GO:0072348	sulfur compound transport	3	AT1G22150;AT4G01440;AT5G19600	4.485	1.936433577482067	0.6688963210702341	0.845771144278607	169	693	200	1.0
CG	gain	GO:0072521	purine-containing compound metabolic process	10	AT1G20260;AT1G21640;AT1G36160;AT1G36180;AT3G22960;AT4G23895;AT5G27450;AT5G47435;AT5G52920;AT5G61410	24.485	4.445196846035054	0.40841331427404537	1.0	200	693	200	1.0
CG	gain	GO:0072522	purine-containing compound biosynthetic process	5	AT1G21640;AT1G36160;AT1G36180;AT4G23895;AT5G47435	11.615	3.0865474239026343	0.4304778303917348	1.0	200	693	200	1.0
CG	gain	GO:0072524	pyridine-containing compound metabolic process	4	AT1G21640;AT3G22960;AT5G52920;AT5G61410	10.345	3.422860645717261	0.3866602223296278	0.9900497512437811	198	693	200	1.0
CG	gain	GO:0072527	pyrimidine-containing compound metabolic process	3	AT3G27440;AT4G23895;AT5G40870	4.94	2.063104456880455	0.6072874493927125	0.8955223880597015	179	693	200	1.0
CG	gain	GO:0072528	pyrimidine-containing compound biosynthetic process	3	AT3G27440;AT4G23895;AT5G40870	3.67	1.8360555547150528	0.8174386920980926	0.7213930348258707	144	693	200	1.0
CG	gain	GO:0072583	clathrin-dependent endocytosis	3	AT1G47830;AT4G02650;AT5G22770	4.445	1.8619814714437946	0.6749156355455568	0.8557213930348259	171	693	200	1.0
CG	gain	GO:0072593	reactive oxygen species metabolic process	4	AT1G04970;AT1G12520;AT1G66340;AT5G44585	10.69	3.1896551537744666	0.3741814780168382	0.9950248756218906	199	693	200	1.0
CG	gain	GO:0072594	establishment of protein localization to organelle	7	AT1G48900;AT2G04030;AT2G26890;AT2G30290;AT3G08790;AT3G61710;AT4G24280	18.825	4.213594071573582	0.37184594953519257	1.0	200	693	200	1.0
CG	gain	GO:0072665	protein localization to vacuole	4	AT2G26890;AT2G30290;AT3G08790;AT3G61710	5.57	2.0700483086150427	0.718132854578097	0.845771144278607	169	693	200	1.0
CG	gain	GO:0072666	establishment of protein localization to vacuole	4	AT2G26890;AT2G30290;AT3G08790;AT3G61710	5.57	2.0700483086150427	0.718132854578097	0.845771144278607	169	693	200	1.0
CG	gain	GO:0080022	primary root development	4	AT1G12820;AT2G18800;AT2G25180;AT3G45880	4.155	1.8737595897019432	0.9626955475330926	0.6119402985074627	122	693	200	1.0
CG	gain	GO:0080090	regulation of primary metabolic process	68	AT1G07350;AT1G19350;AT1G19510;AT1G19850;AT1G22770;AT1G23420;AT1G27220;AT1G31500;AT1G34170;AT1G34180;AT1G34390;AT1G35240;AT1G35520;AT1G44120;AT1G49950;AT1G50030;AT1G71930;AT1G79950;AT2G10440;AT2G17150;AT2G23740;AT2G24790;AT2G25180;AT2G28290;AT2G31215;AT2G31865;AT2G32250;AT2G33860;AT2G42830;AT2G46790;AT3G07050;AT3G12280;AT3G13840;AT3G18524;AT3G22760;AT3G23690;AT3G27440;AT3G29035;AT3G47020;AT3G48190;AT3G49500;AT3G59410;AT3G59420;AT3G62930;AT4G00540;AT4G19600;AT4G22070;AT4G29940;AT4G32880;AT4G35270;AT4G36280;AT4G38180;AT4G38350;AT5G13130;AT5G13680;AT5G17690;AT5G25060;AT5G32670;AT5G39690;AT5G39900;AT5G40360;AT5G40820;AT5G40870;AT5G42950;AT5G51230;AT5G53660;AT5G60120;AT5G64220	212.78	13.540000000000184	0.3195789077920857	1.0	200	693	200	1.0
CG	gain	GO:0080134	regulation of response to stress	22	AT1G50030;AT1G74710;AT1G79950;AT2G01150;AT2G28290;AT2G31865;AT2G33860;AT3G45430;AT3G47110;AT3G59700;AT4G36280;AT5G03320;AT5G13130;AT5G14420;AT5G22330;AT5G40820;AT5G42950;AT5G44585;AT5G51450;AT5G53060;AT5G60120;AT5G67530	47.27	5.989749577403024	0.465411466046118	1.0	200	693	200	1.0
CG	gain	GO:0080135	regulation of cellular response to stress	7	AT1G79950;AT2G31865;AT4G36280;AT5G13130;AT5G40820;AT5G51450;AT5G67530	11.49	2.8861566139071493	0.6092254134029591	0.9651741293532339	193	693	200	1.0
CG	gain	GO:0080147	root hair cell development	4	AT1G19360;AT3G06810;AT3G56930;AT5G49680	12.695	3.2314044934053032	0.31508467900748327	1.0	200	693	200	1.0
CG	gain	GO:0080188	gene silencing by siRNA-directed DNA methylation	5	AT2G16390;AT3G07610;AT3G23780;AT3G49250;AT5G20420	7.295	2.3995780879146236	0.6854009595613434	0.9054726368159204	181	693	200	1.0
CG	gain	GO:0090056	regulation of chlorophyll metabolic process	3	AT2G25180;AT5G40850;AT5G58270	3.27	1.6754402406531843	0.9174311926605504	0.6766169154228856	135	693	200	1.0
CG	gain	GO:0090304	nucleic acid metabolic process	55	AT1G07350;AT1G07910;AT1G19350;AT1G19720;AT1G31360;AT1G31500;AT1G44835;AT1G44910;AT1G49980;AT1G50030;AT1G53490;AT1G54490;AT1G66730;AT1G72550;AT1G73177;AT1G75660;AT1G79950;AT2G01280;AT2G04270;AT2G06990;AT2G07690;AT2G19480;AT2G19920;AT2G36490;AT2G39140;AT2G40030;AT2G43650;AT3G04750;AT3G11964;AT3G13880;AT3G16010;AT3G16680;AT3G18524;AT3G23100;AT3G23780;AT3G29230;AT3G48190;AT3G49500;AT3G49710;AT4G09730;AT5G01630;AT5G08305;AT5G13680;AT5G16750;AT5G23880;AT5G25060;AT5G39770;AT5G39920;AT5G40820;AT5G49010;AT5G52850;AT5G53060;AT5G53660;AT5G64200;AT5G66520	175.49	11.72262342652007	0.3134081714057781	1.0	200	693	200	1.0
CG	gain	GO:0090333	regulation of stomatal closure	4	AT1G23030;AT3G59700;AT3G59780;AT5G10720	4.695	1.8226285962861426	0.8519701810436634	0.7562189054726368	151	693	200	1.0
CG	gain	GO:0090351	seedling development	8	AT1G43620;AT1G62750;AT1G66730;AT2G48130;AT3G15730;AT3G48330;AT5G01930;AT5G04920	14.785	3.519769168567736	0.5410889414947582	0.9950248756218906	199	693	200	1.0
CG	gain	GO:0090407	organophosphate biosynthetic process	15	AT1G13560;AT1G21640;AT1G31190;AT1G36160;AT1G36180;AT1G50030;AT1G71697;AT2G28760;AT3G09560;AT3G27440;AT4G23895;AT5G27450;AT5G40870;AT5G47435;AT5G58270	38.5	5.909314681077669	0.38961038961038963	1.0	200	693	200	1.0
CG	gain	GO:0090558	plant epidermis development	9	AT1G19360;AT3G06810;AT3G07610;AT3G12280;AT3G22760;AT3G56930;AT4G19600;AT5G49680;AT5G61070	34.63	5.293684916955285	0.25989026855327746	1.0	200	693	200	1.0
CG	gain	GO:0090567	reproductive shoot system development	17	AT1G19850;AT1G22770;AT1G23420;AT1G73177;AT2G06990;AT2G28290;AT2G31215;AT2G33860;AT2G42830;AT3G02260;AT3G07050;AT3G07610;AT3G49500;AT4G15180;AT4G19180;AT5G49160;AT5G54310	44.23	5.818685418546048	0.38435451051322633	1.0	200	693	200	1.0
CG	gain	GO:0090627	plant epidermal cell differentiation	7	AT1G19360;AT3G06810;AT3G12280;AT3G56930;AT3G59420;AT5G49680;AT5G61070	23.1	4.5022216737961696	0.30303030303030304	1.0	200	693	200	1.0
CG	gain	GO:0090693	plant organ senescence	3	AT1G32450;AT2G39730;AT3G29035	12.365	3.156227970220147	0.2426202992317024	1.0	200	693	200	1.0
CG	gain	GO:0090696	post-embryonic plant organ development	9	AT1G12820;AT1G21210;AT1G25220;AT2G06990;AT2G17500;AT2G35510;AT3G02260;AT3G07050;AT3G59420	20.655	4.1104713841602045	0.43572984749455335	0.9950248756218906	199	693	200	1.0
CG	gain	GO:0090697	post-embryonic plant organ morphogenesis	7	AT1G25220;AT2G06990;AT2G17500;AT2G35510;AT3G02260;AT3G07050;AT3G59420	14.935	3.3956994861147543	0.4686976899899565	0.9950248756218906	199	693	200	1.0
CG	gain	GO:0090698	post-embryonic plant morphogenesis	9	AT1G25220;AT2G06990;AT2G17500;AT2G35510;AT3G02260;AT3G07050;AT3G12280;AT3G59420;AT5G13680	24.98	4.8041232290606395	0.3602882305844676	1.0	200	693	200	1.0
CG	gain	GO:0097305	response to alcohol	15	AT1G44170;AT1G50030;AT1G66340;AT1G71930;AT2G18960;AT3G15730;AT3G45880;AT3G46620;AT3G48330;AT3G62030;AT4G15230;AT4G23260;AT5G13680;AT5G26340;AT5G37500	52.915	6.627803180541808	0.28347349522819615	1.0	200	693	200	1.0
CG	gain	GO:0097306	cellular response to alcohol	3	AT3G15730;AT4G15230;AT5G13680	15.215	3.5970508753699875	0.1971738416036806	1.0	200	693	200	1.0
CG	gain	GO:0097435	supramolecular fiber organization	5	AT1G20260;AT1G54960;AT2G31900;AT3G05520;AT4G26700	21.255	3.9949937421728263	0.2352387673488591	1.0	200	693	200	1.0
CG	gain	GO:0098542	defense response to other organism	12	AT1G49780;AT1G55490;AT1G64790;AT1G66340;AT1G74710;AT2G18660;AT2G26560;AT3G49500;AT4G16890;AT4G36280;AT5G35450;AT5G43560	27.455	4.231781539730055	0.437078856310326	1.0	200	693	200	1.0
CG	gain	GO:0098655	monoatomic cation transmembrane transport	19	AT1G20260;AT1G31120;AT1G32450;AT1G53210;AT1G74770;AT2G03620;AT2G07687;AT2G13620;AT2G18960;AT2G24720;AT2G28170;AT2G30070;AT2G41560;AT3G42640;AT3G44900;AT3G63380;AT4G13590;AT5G37500;AT5G51050	42.855	5.653669162588163	0.4433555011083888	1.0	200	693	200	1.0
CG	gain	GO:0098657	import into cell	11	AT1G47830;AT1G74770;AT2G26890;AT3G01780;AT3G08530;AT4G02650;AT4G15230;AT5G22770;AT5G25250;AT5G39500;AT5G46630	11.11	2.7455236294739858	0.9900990099009902	0.5671641791044776	113	693	200	1.0
CG	gain	GO:0098727	maintenance of cell number	5	AT2G25180;AT3G07050;AT3G24240;AT5G01770;AT5G06600	10.835	3.264624787016111	0.46146746654360865	0.9800995024875622	196	693	200	1.0
CG	gain	GO:0098754	detoxification	5	AT2G04090;AT3G03620;AT3G17790;AT4G21903;AT4G35090	24.52	4.178468619003859	0.2039151712887439	1.0	200	693	200	1.0
CG	gain	GO:0098771	inorganic ion homeostasis	9	AT1G12520;AT1G32450;AT1G53210;AT1G74770;AT2G24720;AT2G41560;AT3G17790;AT4G20140;AT5G58270	18.97	3.943234712770731	0.4744333157617291	1.0	200	693	200	1.0
CG	gain	GO:0098813	nuclear chromosome segregation	3	AT1G53490;AT3G12280;AT3G48190	9.9	2.598076211353316	0.30303030303030304	1.0	200	693	200	1.0
CG	gain	GO:0099402	plant organ development	48	AT1G12820;AT1G19360;AT1G19850;AT1G21210;AT1G23420;AT1G25220;AT1G27340;AT1G32450;AT1G36160;AT1G55180;AT1G73177;AT1G79950;AT2G01420;AT2G06990;AT2G17500;AT2G18800;AT2G25180;AT2G31215;AT2G35510;AT2G39730;AT2G42830;AT3G02260;AT3G05040;AT3G06810;AT3G07050;AT3G07610;AT3G12280;AT3G15730;AT3G19960;AT3G24240;AT3G29035;AT3G45880;AT3G49500;AT3G56930;AT3G59420;AT4G15180;AT4G19180;AT4G20140;AT5G06600;AT5G10720;AT5G13680;AT5G24740;AT5G44585;AT5G49680;AT5G53660;AT5G54310;AT5G58270;AT5G61070	125.5	10.50047617967872	0.38247011952191234	1.0	200	693	200	1.0
CG	gain	GO:0104004	cellular response to environmental stimulus	5	AT1G53210;AT2G24790;AT2G46790;AT5G19000;AT5G25060	22.04	4.694507428900291	0.2268602540834846	1.0	200	693	200	1.0
CG	gain	GO:0140013	meiotic nuclear division	6	AT1G50240;AT1G53490;AT2G01990;AT3G12280;AT3G48190;AT5G39770	13.675	2.9798280151713423	0.43875685557586835	1.0	200	693	200	1.0
CG	gain	GO:0140115	export across plasma membrane	9	AT2G01420;AT2G04090;AT2G17500;AT2G18960;AT3G03620;AT3G42640;AT4G01820;AT4G18050;AT4G21903	12.685	3.302389286562076	0.7094994087504927	0.9054726368159204	181	693	200	1.0
CG	gain	GO:0140352	export from cell	11	AT2G01420;AT2G04090;AT2G17500;AT2G18960;AT2G28640;AT2G44610;AT3G03620;AT3G42640;AT4G01820;AT4G18050;AT4G21903	18.935	3.9383721256377084	0.5809347768682335	1.0	200	693	200	1.0
CG	gain	GO:0140546	defense response to symbiont	11	AT1G55490;AT1G64790;AT1G66340;AT1G74710;AT2G18660;AT2G26560;AT3G49500;AT4G16890;AT4G36280;AT5G35450;AT5G43560	24.67	3.9851097851878494	0.4458856911228212	1.0	200	693	200	1.0
CG	gain	GO:0140694	membraneless organelle assembly	3	AT1G29760;AT1G60770;AT2G34380	5.815	2.4557636286906748	0.5159071367153912	0.9104477611940298	182	693	200	1.0
CG	gain	GO:0140719	constitutive heterochromatin formation	5	AT2G16390;AT3G07610;AT3G23780;AT3G49250;AT5G20420	9.34	2.66165362134144	0.5353319057815846	0.9800995024875622	196	693	200	1.0
CG	gain	GO:0141124	intracellular signaling cassette	5	AT1G28270;AT1G54960;AT2G24720;AT4G13590;AT5G19010	13.39	3.5338222932116996	0.37341299477221807	1.0	200	693	200	1.0
CG	gain	GO:0141187	nucleic acid biosynthetic process	32	AT1G07350;AT1G07910;AT1G19350;AT1G44910;AT1G49980;AT1G50030;AT1G66730;AT1G73177;AT1G75660;AT2G01280;AT2G04270;AT2G06990;AT2G19920;AT2G39140;AT2G40030;AT2G43650;AT3G11964;AT3G16010;AT3G16680;AT3G23780;AT3G48190;AT3G49500;AT4G09730;AT5G13680;AT5G16750;AT5G23880;AT5G25060;AT5G39920;AT5G40820;AT5G53060;AT5G53660;AT5G64200	93.585	8.688657836513212	0.34193513917828716	1.0	200	693	200	1.0
CG	gain	GO:0141188	nucleic acid catabolic process	5	AT1G31500;AT1G54490;AT1G75660;AT2G06990;AT5G39770	10.79	2.790322561998883	0.4633920296570899	0.9950248756218906	199	693	200	1.0
CG	gain	GO:0141194	siRNA-mediated heterochromatin formation	5	AT2G16390;AT3G07610;AT3G23780;AT3G49250;AT5G20420	7.295	2.3995780879146236	0.6854009595613434	0.9054726368159204	181	693	200	1.0
CG	gain	GO:0160109	plant gross anatomical part developmental process	95	AT1G12820;AT1G19360;AT1G19850;AT1G21210;AT1G21650;AT1G22770;AT1G23420;AT1G25220;AT1G27340;AT1G29760;AT1G32450;AT1G36160;AT1G43620;AT1G50030;AT1G50240;AT1G53580;AT1G54490;AT1G55180;AT1G66340;AT1G66730;AT1G71930;AT1G73177;AT1G79950;AT2G01280;AT2G01420;AT2G02240;AT2G06990;AT2G07050;AT2G17500;AT2G18800;AT2G23450;AT2G25180;AT2G26890;AT2G28290;AT2G31215;AT2G33860;AT2G34260;AT2G34380;AT2G35510;AT2G38185;AT2G38220;AT2G39730;AT2G42830;AT2G48130;AT3G01780;AT3G02260;AT3G05040;AT3G06810;AT3G07050;AT3G07610;AT3G11964;AT3G12280;AT3G14950;AT3G15730;AT3G19960;AT3G22760;AT3G22960;AT3G24240;AT3G27670;AT3G29035;AT3G45880;AT3G46330;AT3G49240;AT3G49500;AT3G56930;AT3G57880;AT3G59420;AT4G13610;AT4G15180;AT4G19180;AT4G19600;AT4G20140;AT4G29380;AT4G32880;AT4G39110;AT5G01770;AT5G04920;AT5G06600;AT5G10720;AT5G13680;AT5G16750;AT5G17020;AT5G17690;AT5G22330;AT5G23040;AT5G24740;AT5G40360;AT5G44585;AT5G49160;AT5G49680;AT5G52920;AT5G53660;AT5G54310;AT5G58270;AT5G61070	252.585	14.070279847963036	0.37611101213452897	1.0	200	693	200	1.0
CG	gain	GO:0160307	protein biosynthetic process	9	AT1G34360;AT1G62750;AT1G72550;AT2G07715;AT2G39140;AT3G10950;AT3G13640;AT3G48930;AT4G11120	33.8	5.223025942880257	0.26627218934911245	1.0	200	693	200	1.0
CG	gain	GO:0170038	proteinogenic amino acid biosynthetic process	9	AT1G23310;AT1G25220;AT1G58080;AT1G71920;AT3G62030;AT4G39120;AT5G04140;AT5G20980;AT5G53460	14.935	3.6470227583605763	0.6026113157013726	0.9800995024875622	196	693	200	1.0
CG	gain	GO:0170039	proteinogenic amino acid metabolic process	13	AT1G12050;AT1G17290;AT1G23310;AT1G25220;AT1G58080;AT1G71920;AT2G20340;AT3G45300;AT3G62030;AT4G39120;AT5G04140;AT5G20980;AT5G53460	22.675	4.336977634251766	0.5733186328555678	0.9950248756218906	199	693	200	1.0
CG	gain	GO:0170040	proteinogenic amino acid catabolic process	5	AT1G12050;AT1G17290;AT1G23310;AT2G20340;AT3G45300	6.245	2.333447021039903	0.800640512409928	0.7860696517412935	157	693	200	1.0
CG	gain	GO:1900140	regulation of seedling development	4	AT1G66340;AT1G75220;AT3G06500;AT3G45880	11.265	2.997461425940288	0.35508211273857077	1.0	200	693	200	1.0
CG	gain	GO:1900150	regulation of defense response to fungus	4	AT2G28290;AT5G22330;AT5G44585;AT5G53060	4.175	1.8423829677892705	0.9580838323353293	0.6368159203980099	127	693	200	1.0
CG	gain	GO:1900424	regulation of defense response to bacterium	3	AT3G59700;AT4G36280;AT5G44585	5.475	2.0974687125199276	0.5479452054794521	0.9303482587064676	186	693	200	1.0
CG	gain	GO:1901135	carbohydrate derivative metabolic process	17	AT1G07110;AT1G20260;AT2G28760;AT3G01180;AT3G09560;AT3G22960;AT3G27440;AT4G00550;AT4G23895;AT4G33030;AT5G05260;AT5G14950;AT5G40870;AT5G44585;AT5G47435;AT5G52920;AT5G61410	53.05	6.548091324958751	0.32045240339302544	1.0	200	693	200	1.0
CG	gain	GO:1901137	carbohydrate derivative biosynthetic process	12	AT2G28760;AT3G01180;AT3G09560;AT3G27440;AT4G00550;AT4G23895;AT4G33030;AT5G05260;AT5G14950;AT5G40870;AT5G44585;AT5G47435	32.525	5.00093741212586	0.36894696387394316	1.0	200	693	200	1.0
CG	gain	GO:1901293	nucleoside phosphate biosynthetic process	8	AT1G21640;AT1G36160;AT1G36180;AT2G28760;AT3G27440;AT4G23895;AT5G40870;AT5G47435	18.86	3.97748664359794	0.4241781548250265	1.0	200	693	200	1.0
CG	gain	GO:1901401	regulation of tetrapyrrole metabolic process	3	AT2G25180;AT5G40850;AT5G58270	3.515	1.723303513604031	0.8534850640113798	0.7064676616915423	141	693	200	1.0
CG	gain	GO:1901419	regulation of response to alcohol	6	AT2G01150;AT3G15730;AT3G45880;AT4G09570;AT5G10720;AT5G13680	12.84	3.5741292645901863	0.4672897196261682	1.0	200	693	200	1.0
CG	gain	GO:1901463	regulation of tetrapyrrole biosynthetic process	3	AT2G25180;AT5G40850;AT5G58270	2.775	1.5856780883899482	1.0810810810810811	0.5522388059701493	110	693	200	1.0
CG	gain	GO:1901698	response to nitrogen compound	8	AT1G12820;AT1G30755;AT1G32450;AT1G50030;AT1G66730;AT2G16390;AT3G62930;AT5G10720	11.75	3.0162062263711342	0.6808510638297872	0.9203980099502488	184	693	200	1.0
CG	gain	GO:1901699	cellular response to nitrogen compound	3	AT1G12820;AT2G16390;AT5G10720	3.395	1.678980345328676	0.8836524300441826	0.6467661691542289	129	693	200	1.0
CG	gain	GO:1901700	response to oxygen-containing compound	46	AT1G12820;AT1G19350;AT1G22770;AT1G27595;AT1G30755;AT1G32450;AT1G44170;AT1G49230;AT1G50030;AT1G56140;AT1G66340;AT1G66730;AT1G66950;AT1G71930;AT1G79380;AT1G79460;AT2G04030;AT2G18960;AT2G25180;AT2G27060;AT2G39730;AT3G13380;AT3G15730;AT3G17790;AT3G17800;AT3G29035;AT3G45140;AT3G45880;AT3G46620;AT3G48330;AT3G62030;AT3G62930;AT4G15230;AT4G16890;AT4G18780;AT4G23260;AT4G27010;AT5G04140;AT5G06600;AT5G10720;AT5G13680;AT5G17690;AT5G19000;AT5G26340;AT5G37500;AT5G53060	157.935	11.032713854714151	0.29125906227245385	1.0	200	693	200	1.0
CG	gain	GO:1901701	cellular response to oxygen-containing compound	16	AT1G12820;AT1G19350;AT1G27595;AT1G50030;AT1G66340;AT1G79380;AT1G79460;AT2G27060;AT3G15730;AT4G15230;AT4G16890;AT5G06600;AT5G10720;AT5G13680;AT5G19000;AT5G53060	58.95	7.22132259354196	0.2714164546225615	1.0	200	693	200	1.0
CG	gain	GO:1902531	regulation of intracellular signal transduction	6	AT1G66340;AT2G26070;AT2G28290;AT3G23150;AT5G10720;AT5G39500	7.225	2.3311745966357824	0.8304498269896194	0.7910447761194029	158	693	200	1.0
CG	gain	GO:1902532	negative regulation of intracellular signal transduction	4	AT1G66340;AT2G26070;AT3G23150;AT5G10720	2.925	1.4660746911395752	1.3675213675213675	0.3482587064676617	69	693	200	1.0
CG	gain	GO:1902600	proton transmembrane transport	8	AT1G20260;AT1G32450;AT2G07687;AT2G13620;AT2G18960;AT2G28170;AT3G42640;AT3G44900	16.195	3.7198084628109545	0.4939796233405372	0.9950248756218906	199	693	200	1.0
CG	gain	GO:1902679	negative regulation of RNA biosynthetic process	7	AT1G19350;AT1G27220;AT2G46790;AT3G07050;AT3G12280;AT3G62930;AT5G17690	21.175	3.838538133196022	0.3305785123966942	1.0	200	693	200	1.0
CG	gain	GO:1902680	positive regulation of RNA biosynthetic process	8	AT1G34180;AT1G50030;AT1G71930;AT2G10440;AT2G42830;AT4G29940;AT5G40360;AT5G64220	32.36	5.100039215535515	0.24721878862793573	1.0	200	693	200	1.0
CG	gain	GO:1903046	meiotic cell cycle process	6	AT1G50240;AT1G53490;AT2G01990;AT3G12280;AT3G48190;AT5G39770	19.89	3.756048455491493	0.30165912518853694	1.0	200	693	200	1.0
CG	gain	GO:1903047	mitotic cell cycle process	4	AT3G05750;AT3G12280;AT5G05170;AT5G49160	12.14	3.22651514795762	0.32948929159802304	1.0	200	693	200	1.0
CG	gain	GO:1903409	reactive oxygen species biosynthetic process	3	AT1G04970;AT1G66340;AT5G44585	2.07	1.4195421797185177	1.4492753623188408	0.35323383084577115	70	693	200	1.0
CG	gain	GO:1903509	liposaccharide metabolic process	3	AT3G09560;AT4G00550;AT4G33030	4.82	2.1207545826898495	0.6224066390041494	0.8905472636815921	178	693	200	1.0
CG	gain	GO:1905039	carboxylic acid transmembrane transport	4	AT2G34390;AT2G42005;AT3G19490;AT5G19760	5.725	2.3641859063956887	0.6986899563318778	0.8507462686567164	170	693	200	1.0
CG	gain	GO:1905392	plant organ morphogenesis	24	AT1G19360;AT1G25220;AT1G27340;AT2G01420;AT2G06990;AT2G17500;AT2G25180;AT2G35510;AT3G02260;AT3G05040;AT3G06810;AT3G07050;AT3G15730;AT3G19960;AT3G24240;AT3G56930;AT3G59420;AT4G20140;AT5G06600;AT5G13680;AT5G24740;AT5G44585;AT5G49680;AT5G61070	54.53	6.493003927305131	0.4401247019988997	1.0	200	693	200	1.0
CG	gain	GO:1905393	plant organ formation	5	AT1G25220;AT2G06990;AT2G17500;AT3G02260;AT3G59420	13.095	3.185274713427398	0.3818251240931653	1.0	200	693	200	1.0
CG	gain	GO:1905957	regulation of cellular response to alcohol	6	AT2G01150;AT3G15730;AT3G45880;AT4G09570;AT5G10720;AT5G13680	12.84	3.5741292645901863	0.4672897196261682	1.0	200	693	200	1.0
CG	gain	GO:1990961	xenobiotic detoxification by transmembrane export across the plasma membrane	3	AT2G04090;AT3G03620;AT4G21903	4.845	2.1239056005387815	0.6191950464396285	0.8557213930348259	171	693	200	1.0
CG	gain	GO:2000026	regulation of multicellular organismal development	15	AT1G22770;AT1G50030;AT1G66340;AT1G75220;AT2G24790;AT3G05040;AT3G06500;AT3G07050;AT3G24880;AT3G45880;AT4G15230;AT5G17690;AT5G25060;AT5G49160;AT5G51230	45.395	5.57485201597311	0.3304328670558431	1.0	200	693	200	1.0
CG	gain	GO:2000028	regulation of photoperiodism, flowering	3	AT1G22770;AT3G45880;AT3G47020	11.605	3.1414924796981416	0.25850926324859974	1.0	200	693	200	1.0
CG	gain	GO:2000030	regulation of response to red or far red light	3	AT1G10390;AT2G24790;AT5G25060	5.04	2.113859030304528	0.5952380952380952	0.8805970149253731	176	693	200	1.0
CG	gain	GO:2000241	regulation of reproductive process	12	AT1G28270;AT1G29760;AT2G24790;AT2G34380;AT3G05040;AT3G18524;AT3G24880;AT4G39110;AT5G17690;AT5G40360;AT5G49160;AT5G51230	31.1	5.018964036531836	0.3858520900321543	1.0	200	693	200	1.0
CG	gain	GO:2000242	negative regulation of reproductive process	5	AT3G05040;AT3G18524;AT5G17690;AT5G49160;AT5G51230	7.845	2.5021940372401197	0.6373486297004461	0.9303482587064676	186	693	200	1.0
CG	gain	GO:2000280	regulation of root development	4	AT3G24240;AT4G20140;AT5G06600;AT5G44585	8.35	2.843853020111976	0.47904191616766467	0.9751243781094527	195	693	200	1.0
CG	gain	GO:2001141	regulation of RNA biosynthetic process	48	AT1G19350;AT1G19510;AT1G19850;AT1G22770;AT1G23420;AT1G27220;AT1G34170;AT1G34180;AT1G34390;AT1G35240;AT1G35520;AT1G49950;AT1G50030;AT1G71930;AT1G79950;AT2G10440;AT2G17150;AT2G23740;AT2G24790;AT2G25180;AT2G28290;AT2G31215;AT2G32250;AT2G33860;AT2G42830;AT2G46790;AT3G07050;AT3G12280;AT3G13840;AT3G22760;AT3G23690;AT3G29035;AT3G62930;AT4G00540;AT4G19600;AT4G22070;AT4G29940;AT4G32880;AT4G35270;AT4G38180;AT5G17690;AT5G32670;AT5G39690;AT5G40360;AT5G51230;AT5G53660;AT5G60120;AT5G64220	167.3	12.792185114357741	0.2869097429766886	1.0	200	693	200	1.0
CG	loss	GO:0000041	transition metal ion transport	4	AT1G59870;AT1G74770;AT2G07681;AT4G13590	7.75	2.890934105094753	0.5161290322580645	0.9552238805970149	191	592	200	1.0
CG	loss	GO:0000160	phosphorelay signal transduction system	4	AT1G49190;AT2G01830;AT3G57040;AT5G02810	10.42	3.055094106570206	0.3838771593090211	0.9900497512437811	198	592	200	1.0
CG	loss	GO:0000226	microtubule cytoskeleton organization	4	AT4G01370;AT4G13370;AT4G21270;AT5G17410	15.65	3.686122624113308	0.25559105431309903	1.0	200	592	200	1.0
CG	loss	GO:0000271	polysaccharide biosynthetic process	11	AT1G05570;AT1G63450;AT1G77130;AT2G37090;AT3G07160;AT3G14570;AT3G59100;AT4G02130;AT4G24010;AT4G33330;AT5G16910	26.465	4.544092318604454	0.41564330247496695	1.0	200	592	200	1.0
CG	loss	GO:0000272	polysaccharide catabolic process	9	AT1G11590;AT1G53840;AT1G58370;AT2G36710;AT3G10900;AT3G27980;AT4G03930;AT4G13210;AT5G27870	14.12	3.7034578436914902	0.6373937677053825	0.9552238805970149	191	592	200	1.0
CG	loss	GO:0000278	mitotic cell cycle	4	AT2G38195;AT3G07160;AT5G12150;AT5G37630	13.91	3.164158655946316	0.2875629043853343	1.0	200	592	200	1.0
CG	loss	GO:0000280	nuclear division	9	AT1G77320;AT3G07160;AT4G01370;AT4G21270;AT4G32200;AT5G12150;AT5G23610;AT5G37630;AT5G39770	16.5	3.241913015489464	0.5454545454545454	1.0	200	592	200	1.0
CG	loss	GO:0000302	response to reactive oxygen species	5	AT3G09840;AT3G47450;AT3G48360;AT4G08920;AT5G21100	13.915	3.3026920837401743	0.35932446999640677	1.0	200	592	200	1.0
CG	loss	GO:0000375	RNA splicing, via transesterification reactions	4	AT1G64810;AT1G66345;AT5G52040;AT5G62290	14.685	3.0733979566596963	0.2723867892407218	1.0	200	592	200	1.0
CG	loss	GO:0000377	RNA splicing, via transesterification reactions with bulged adenosine as nucleophile	4	AT1G64810;AT1G66345;AT5G52040;AT5G62290	14.685	3.0733979566596963	0.2723867892407218	1.0	200	592	200	1.0
CG	loss	GO:0000902	cell morphogenesis	11	AT1G04950;AT1G17580;AT1G73360;AT3G09840;AT3G23380;AT3G26870;AT3G55500;AT4G04920;AT4G12420;AT4G14880;AT4G23640	42.095	5.511440374348629	0.26131369521320824	1.0	200	592	200	1.0
CG	loss	GO:0000910	cytokinesis	4	AT2G41670;AT4G01370;AT4G08630;AT5G12150	13.32	3.0963849889831176	0.3003003003003003	1.0	200	592	200	1.0
CG	loss	GO:0000911	cytokinesis by cell plate formation	4	AT2G41670;AT4G01370;AT4G08630;AT5G12150	10.015	2.755861934132402	0.39940089865202194	0.9850746268656716	197	592	200	1.0
CG	loss	GO:0000959	mitochondrial RNA metabolic process	4	AT1G62910;AT1G66345;AT1G74230;AT5G14580	5.4	2.121320343559641	0.7407407407407407	0.8258706467661692	165	592	200	1.0
CG	loss	GO:0000963	mitochondrial RNA processing	3	AT1G62910;AT1G66345;AT5G14580	2.515	1.431703530763265	1.1928429423459244	0.47761194029850745	95	592	200	1.0
CG	loss	GO:0001101	response to acid chemical	12	AT1G59870;AT2G01830;AT2G25170;AT2G33380;AT2G40130;AT2G43430;AT3G45140;AT3G61050;AT4G08920;AT4G36020;AT5G24030;AT5G37500	44.785	6.334727697383713	0.267946857206654	1.0	200	592	200	1.0
CG	loss	GO:0001558	regulation of cell growth	4	AT1G27940;AT1G77980;AT3G07160;AT4G08920	13.06	3.1569605635801015	0.30627871362940273	1.0	200	592	200	1.0
CG	loss	GO:0001666	response to hypoxia	5	AT1G30040;AT1G53840;AT2G36460;AT4G19520;AT4G26520	17.175	3.5908738490790744	0.29112081513828236	1.0	200	592	200	1.0
CG	loss	GO:0001676	long-chain fatty acid metabolic process	3	AT1G76690;AT2G33380;AT3G45140	5.655	2.2081609995650213	0.5305039787798408	0.945273631840796	189	592	200	1.0
CG	loss	GO:0002376	immune system process	7	AT1G59870;AT2G02220;AT3G43920;AT4G03110;AT4G24770;AT5G20320;AT5G54610	23.335	4.385518783450818	0.2999785729590743	1.0	200	592	200	1.0
CG	loss	GO:0002682	regulation of immune system process	4	AT1G59870;AT2G05940;AT3G46510;AT5G42340	13.94	3.6573761086330716	0.28694404591104733	1.0	200	592	200	1.0
CG	loss	GO:0002831	regulation of response to biotic stimulus	5	AT1G59870;AT2G05940;AT4G04920;AT4G08920;AT5G21100	22.71	4.497321425026237	0.22016732716864817	1.0	200	592	200	1.0
CG	loss	GO:0002833	positive regulation of response to biotic stimulus	3	AT1G59870;AT4G04920;AT4G08920	12.56	3.317589486359032	0.23885350318471338	1.0	200	592	200	1.0
CG	loss	GO:0003002	regionalization	6	AT1G28560;AT2G01950;AT3G22760;AT5G20320;AT5G24740;AT5G55250	19.095	3.8827792880873395	0.3142183817753339	1.0	200	592	200	1.0
CG	loss	GO:0003006	developmental process involved in reproduction	38	AT1G04950;AT1G17110;AT1G17580;AT1G27940;AT1G28420;AT1G28560;AT1G54830;AT1G59870;AT1G66730;AT1G67990;AT1G72560;AT2G02240;AT2G25420;AT2G41670;AT2G48130;AT3G07160;AT3G09840;AT3G22960;AT3G23380;AT3G26870;AT3G46330;AT4G01370;AT4G01810;AT4G09960;AT4G13610;AT4G14880;AT4G23640;AT4G24660;AT4G30580;AT4G31160;AT5G20320;AT5G23150;AT5G26290;AT5G37020;AT5G41990;AT5G49030;AT5G53550;AT5G57790	149.495	11.474318062525487	0.2541891033144921	1.0	200	592	200	1.0
CG	loss	GO:0003333	amino acid transmembrane transport	3	AT3G55740;AT5G41800;AT5G49630	3.95	1.8861336113860012	0.7594936708860759	0.7761194029850746	155	592	200	1.0
CG	loss	GO:0005975	carbohydrate metabolic process	51	AT1G05570;AT1G11590;AT1G17150;AT1G31740;AT1G53840;AT1G58370;AT1G61810;AT1G63450;AT1G67140;AT1G71930;AT1G77130;AT2G15470;AT2G28470;AT2G32860;AT2G36460;AT2G36710;AT2G37090;AT2G44470;AT2G44570;AT3G06580;AT3G07160;AT3G10370;AT3G10900;AT3G14570;AT3G22960;AT3G26380;AT3G27980;AT3G45940;AT3G59100;AT3G60140;AT3G60750;AT4G02130;AT4G03930;AT4G09740;AT4G13210;AT4G13760;AT4G23560;AT4G24010;AT4G26520;AT4G28850;AT4G32370;AT4G32840;AT4G33330;AT5G16910;AT5G20330;AT5G21100;AT5G27870;AT5G35790;AT5G42260;AT5G43710;AT5G61580	92.095	8.690568163244592	0.553775992181986	1.0	200	592	200	1.0
CG	loss	GO:0005976	polysaccharide metabolic process	23	AT1G05570;AT1G11590;AT1G53840;AT1G58370;AT1G63450;AT1G67140;AT1G71930;AT1G77130;AT2G36710;AT2G37090;AT3G07160;AT3G10900;AT3G14570;AT3G27980;AT3G59100;AT4G02130;AT4G03930;AT4G13210;AT4G24010;AT4G28850;AT4G33330;AT5G16910;AT5G27870	45.715	6.485659180067981	0.5031171387947063	1.0	200	592	200	1.0
CG	loss	GO:0005996	monosaccharide metabolic process	5	AT2G36460;AT3G06580;AT4G26520;AT5G21100;AT5G35790	12.165	3.2230071362006063	0.41101520756267984	0.9950248756218906	199	592	200	1.0
CG	loss	GO:0006006	glucose metabolic process	3	AT2G36460;AT4G26520;AT5G35790	3.76	1.792316936258764	0.797872340425532	0.746268656716418	149	592	200	1.0
CG	loss	GO:0006066	alcohol metabolic process	3	AT2G19800;AT3G10370;AT3G23410	10.85	3.086664866810131	0.2764976958525346	0.9950248756218906	199	592	200	1.0
CG	loss	GO:0006074	(1->3)-beta-D-glucan metabolic process	4	AT1G05570;AT3G07160;AT3G14570;AT3G59100	4.29	1.7680214930820275	0.9324009324009324	0.6318407960199005	126	592	200	1.0
CG	loss	GO:0006075	(1->3)-beta-D-glucan biosynthetic process	4	AT1G05570;AT3G07160;AT3G14570;AT3G59100	4.245	1.7677598818844145	0.9422850412249705	0.6218905472636815	124	592	200	1.0
CG	loss	GO:0006090	pyruvate metabolic process	5	AT2G36460;AT3G22960;AT4G26520;AT4G32840;AT5G61580	6.93	2.44030735769083	0.7215007215007215	0.845771144278607	169	592	200	1.0
CG	loss	GO:0006091	generation of precursor metabolites and energy	13	AT1G53240;AT1G53310;AT2G07695;AT2G07718;AT2G36460;AT2G42600;AT3G15840;AT3G22960;AT3G46610;AT4G26520;AT4G32840;AT5G35790;AT5G61580	26.235	4.501085980071919	0.4955212502382314	1.0	200	592	200	1.0
CG	loss	GO:0006096	glycolytic process	5	AT2G36460;AT3G22960;AT4G26520;AT4G32840;AT5G61580	5.51	2.19086740812857	0.9074410163339384	0.6716417910447762	134	592	200	1.0
CG	loss	GO:0006099	tricarboxylic acid cycle	3	AT1G53240;AT1G53310;AT2G42600	4.475	1.8191687662226401	0.670391061452514	0.8606965174129353	172	592	200	1.0
CG	loss	GO:0006139	nucleobase-containing compound metabolic process	56	AT1G03190;AT1G04950;AT1G05490;AT1G06670;AT1G08200;AT1G10490;AT1G28560;AT1G59870;AT1G62910;AT1G62930;AT1G64810;AT1G66345;AT1G66730;AT1G74230;AT1G77680;AT2G02220;AT2G22840;AT2G36460;AT2G39140;AT2G39260;AT2G39620;AT3G02540;AT3G06650;AT3G10370;AT3G11964;AT3G16680;AT3G16840;AT3G19040;AT3G19840;AT3G22960;AT3G23100;AT3G43920;AT4G03110;AT4G08920;AT4G12440;AT4G24770;AT4G26520;AT4G32840;AT4G39280;AT5G13230;AT5G14580;AT5G20320;AT5G23150;AT5G23610;AT5G23880;AT5G35790;AT5G38830;AT5G39770;AT5G39920;AT5G45140;AT5G49010;AT5G49030;AT5G52040;AT5G57160;AT5G61580;AT5G62290	198.83	11.384687083973569	0.2816476386863149	1.0	200	592	200	1.0
CG	loss	GO:0006163	purine nucleotide metabolic process	9	AT2G02220;AT2G36460;AT3G10370;AT3G22960;AT4G12440;AT4G26520;AT4G32840;AT5G35790;AT5G61580	15.88	3.553252031590215	0.5667506297229219	0.9850746268656716	197	592	200	1.0
CG	loss	GO:0006195	purine nucleotide catabolic process	5	AT2G36460;AT3G22960;AT4G26520;AT4G32840;AT5G61580	5.6	2.2158519806160353	0.8928571428571429	0.6766169154228856	135	592	200	1.0
CG	loss	GO:0006259	DNA metabolic process	9	AT1G03190;AT1G06670;AT1G66730;AT3G02540;AT3G23100;AT5G23610;AT5G39770;AT5G49010;AT5G57160	49.21	6.422297096833803	0.1828896565738671	1.0	200	592	200	1.0
CG	loss	GO:0006281	DNA repair	6	AT1G03190;AT1G66730;AT3G02540;AT3G23100;AT5G39770;AT5G57160	30.8	4.798958220280716	0.19480519480519481	1.0	200	592	200	1.0
CG	loss	GO:0006302	double-strand break repair	4	AT1G66730;AT3G23100;AT5G39770;AT5G57160	10.41	2.7261511330078525	0.38424591738712777	0.9950248756218906	199	592	200	1.0
CG	loss	GO:0006303	double-strand break repair via nonhomologous end joining	3	AT1G66730;AT3G23100;AT5G57160	2.335	1.1192743184760385	1.284796573875803	0.43283582089552236	86	592	200	1.0
CG	loss	GO:0006310	DNA recombination	5	AT1G66730;AT3G23100;AT5G23610;AT5G39770;AT5G57160	19.345	3.9643379018443943	0.25846471956577927	1.0	200	592	200	1.0
CG	loss	GO:0006325	chromatin organization	9	AT1G05490;AT1G09060;AT1G16710;AT2G16485;AT2G17900;AT2G25170;AT3G19040;AT3G43920;AT5G20320	46.56	5.896303927037642	0.19329896907216493	1.0	200	592	200	1.0
CG	loss	GO:0006338	chromatin remodeling	9	AT1G05490;AT1G09060;AT1G16710;AT2G16485;AT2G17900;AT2G25170;AT3G19040;AT3G43920;AT5G20320	42.435	5.578151575566924	0.21208907741251323	1.0	200	592	200	1.0
CG	loss	GO:0006351	DNA-templated transcription	8	AT1G04950;AT1G05490;AT1G28560;AT2G22840;AT3G16680;AT3G19040;AT5G20320;AT5G45140	25.45	4.317117093616995	0.3143418467583497	1.0	200	592	200	1.0
CG	loss	GO:0006355	regulation of DNA-templated transcription	45	AT1G04950;AT1G16710;AT1G19510;AT1G28420;AT1G31640;AT1G34170;AT1G34310;AT1G34390;AT1G34410;AT1G35540;AT1G49190;AT1G55950;AT1G61040;AT1G62975;AT1G67220;AT1G71930;AT1G73360;AT1G75390;AT1G77980;AT1G78540;AT2G10440;AT2G22840;AT2G25170;AT2G25420;AT2G42430;AT3G03260;AT3G22760;AT3G48360;AT3G57040;AT3G57390;AT3G61050;AT4G00540;AT4G04030;AT4G04920;AT4G09960;AT4G10920;AT4G25210;AT4G25400;AT4G25530;AT4G30080;AT5G02810;AT5G04590;AT5G23150;AT5G37020;AT5G39690	157.9	10.469957019968867	0.2849905003166561	1.0	200	592	200	1.0
CG	loss	GO:0006357	regulation of transcription by RNA polymerase II	9	AT1G28420;AT1G31640;AT1G62975;AT1G73360;AT1G77980;AT3G57390;AT4G09960;AT4G10920;AT4G25400	23.0	4.6184412955022	0.391304347826087	1.0	200	592	200	1.0
CG	loss	GO:0006364	rRNA processing	3	AT1G10490;AT2G39140;AT3G11964	11.835	3.03772530028638	0.25348542458808615	1.0	200	592	200	1.0
CG	loss	GO:0006396	RNA processing	18	AT1G10490;AT1G62910;AT1G62930;AT1G64810;AT1G66345;AT2G39140;AT3G11964;AT3G16840;AT3G19840;AT3G43920;AT4G24770;AT5G14580;AT5G20320;AT5G23150;AT5G23880;AT5G39920;AT5G52040;AT5G62290	60.56	6.976847425592725	0.29722589167767505	1.0	200	592	200	1.0
CG	loss	GO:0006397	mRNA processing	7	AT1G62910;AT1G62930;AT5G23150;AT5G23880;AT5G39920;AT5G52040;AT5G62290	23.295	4.061769934400505	0.300493668169135	1.0	200	592	200	1.0
CG	loss	GO:0006399	tRNA metabolic process	4	AT1G10490;AT4G39280;AT5G38830;AT5G49030	15.51	3.3955706442363995	0.2578981302385558	1.0	200	592	200	1.0
CG	loss	GO:0006401	RNA catabolic process	4	AT1G77680;AT2G39260;AT4G03110;AT5G14580	9.035	2.7520492364781552	0.44272274488101826	0.9950248756218906	199	592	200	1.0
CG	loss	GO:0006402	mRNA catabolic process	4	AT1G77680;AT2G39260;AT4G03110;AT5G14580	7.365	2.476242112556847	0.5431093007467753	0.9402985074626866	188	592	200	1.0
CG	loss	GO:0006412	translation	12	AT2G07715;AT2G39140;AT3G10950;AT3G44890;AT3G46610;AT4G29060;AT4G34110;AT4G39280;AT5G27640;AT5G38830;AT5G49030;AT5G64140	30.635	5.110946585516225	0.39170882976987104	1.0	200	592	200	1.0
CG	loss	GO:0006413	translational initiation	3	AT3G46610;AT4G34110;AT5G27640	4.125	1.77464785239213	0.7272727272727273	0.8258706467661692	165	592	200	1.0
CG	loss	GO:0006417	regulation of translation	4	AT3G46610;AT3G58110;AT3G59410;AT4G34110	5.885	2.1706623413142827	0.6796941376380629	0.9054726368159204	181	592	200	1.0
CG	loss	GO:0006418	tRNA aminoacylation for protein translation	3	AT4G39280;AT5G38830;AT5G49030	7.215	2.355583791759486	0.4158004158004158	0.9800995024875622	196	592	200	1.0
CG	loss	GO:0006457	protein folding	4	AT2G32120;AT2G40130;AT4G30350;AT5G51070	14.06	3.5646037647963027	0.28449502133712656	1.0	200	592	200	1.0
CG	loss	GO:0006468	protein phosphorylation	9	AT2G01830;AT2G05940;AT3G05840;AT3G17850;AT3G59410;AT4G01370;AT4G08920;AT4G20940;AT5G41990	18.89	4.080183819388533	0.47644256220222336	1.0	200	592	200	1.0
CG	loss	GO:0006508	proteolysis	12	AT1G63770;AT2G04160;AT2G07200;AT2G27920;AT2G29080;AT3G42550;AT4G21630;AT5G24350;AT5G28550;AT5G36180;AT5G44530;AT5G58870	36.045	5.061914163634148	0.3329171868497711	1.0	200	592	200	1.0
CG	loss	GO:0006511	ubiquitin-dependent protein catabolic process	12	AT1G09060;AT1G13060;AT1G65350;AT1G74770;AT2G30110;AT3G02540;AT3G09840;AT3G22110;AT4G05490;AT4G07400;AT5G53300;AT5G64760	23.36	4.268536048811119	0.5136986301369864	1.0	200	592	200	1.0
CG	loss	GO:0006520	amino acid metabolic process	8	AT4G14880;AT4G33010;AT4G39280;AT5G04230;AT5G28030;AT5G35630;AT5G38830;AT5G49030	34.76	5.247132550260194	0.23014959723820486	1.0	200	592	200	1.0
CG	loss	GO:0006629	lipid metabolic process	20	AT1G15080;AT1G30040;AT1G44090;AT1G76690;AT1G78500;AT2G01900;AT2G15090;AT2G33380;AT2G34770;AT3G22960;AT3G25110;AT3G29110;AT3G29190;AT3G43220;AT3G45140;AT4G00550;AT4G10955;AT4G18550;AT4G27030;AT4G30580	82.75	7.669908734789503	0.24169184290030213	1.0	200	592	200	1.0
CG	loss	GO:0006631	fatty acid metabolic process	7	AT1G76690;AT2G15090;AT2G33380;AT2G34770;AT3G25110;AT3G45140;AT4G27030	22.15	3.9582192966029655	0.3160270880361174	1.0	200	592	200	1.0
CG	loss	GO:0006633	fatty acid biosynthetic process	6	AT1G76690;AT2G15090;AT2G33380;AT3G25110;AT3G45140;AT4G27030	13.33	3.1434217025400844	0.450112528132033	1.0	200	592	200	1.0
CG	loss	GO:0006644	phospholipid metabolic process	5	AT1G15080;AT2G01900;AT3G43220;AT4G27030;AT4G30580	24.04	4.569288784920466	0.2079866888519135	1.0	200	592	200	1.0
CG	loss	GO:0006650	glycerophospholipid metabolic process	4	AT2G01900;AT3G43220;AT4G27030;AT4G30580	17.945	3.559771762346566	0.22290331568682084	1.0	200	592	200	1.0
CG	loss	GO:0006720	isoprenoid metabolic process	5	AT1G30040;AT1G44090;AT1G78500;AT3G29110;AT3G29190	17.345	3.672325557463553	0.28826751225136926	1.0	200	592	200	1.0
CG	loss	GO:0006721	terpenoid metabolic process	5	AT1G30040;AT1G44090;AT1G78500;AT3G29110;AT3G29190	15.19	3.308156586378585	0.32916392363396973	1.0	200	592	200	1.0
CG	loss	GO:0006753	nucleoside phosphate metabolic process	12	AT1G08200;AT2G02220;AT2G36460;AT3G06650;AT3G10370;AT3G22960;AT4G08920;AT4G12440;AT4G26520;AT4G32840;AT5G35790;AT5G61580	30.835	5.135929808710388	0.3891681530728069	1.0	200	592	200	1.0
CG	loss	GO:0006790	sulfur compound metabolic process	9	AT1G59870;AT1G74090;AT2G22840;AT3G06650;AT3G09270;AT4G14880;AT5G04590;AT5G28030;AT5G48180	24.56	4.541629663457832	0.36644951140065146	1.0	200	592	200	1.0
CG	loss	GO:0006793	phosphorus metabolic process	18	AT1G08200;AT1G15080;AT2G01900;AT2G02220;AT2G36460;AT3G06650;AT3G10370;AT3G22960;AT3G43220;AT4G08920;AT4G12440;AT4G26520;AT4G27030;AT4G30580;AT4G32840;AT5G20990;AT5G35790;AT5G61580	59.115	6.954263081017273	0.304491245876681	1.0	200	592	200	1.0
CG	loss	GO:0006796	phosphate-containing compound metabolic process	13	AT2G01830;AT2G01900;AT2G05940;AT3G05840;AT3G06580;AT3G17850;AT3G43220;AT3G59410;AT4G01370;AT4G03415;AT4G08920;AT4G20940;AT5G41990	26.985	4.992471832669671	0.4817491198814156	1.0	200	592	200	1.0
CG	loss	GO:0006810	transport	63	AT1G27940;AT1G28010;AT1G28560;AT1G30420;AT1G30450;AT1G32450;AT1G52360;AT1G54115;AT1G59870;AT1G62020;AT1G67930;AT1G68110;AT1G70610;AT1G71870;AT1G72560;AT1G73220;AT1G74770;AT2G01830;AT2G01950;AT2G07681;AT2G07695;AT2G13650;AT2G16980;AT2G19710;AT2G25350;AT2G28170;AT2G34660;AT2G48130;AT3G03620;AT3G13710;AT3G16310;AT3G28345;AT3G30842;AT3G55740;AT4G01810;AT4G02510;AT4G04340;AT4G08300;AT4G08920;AT4G13590;AT4G23640;AT4G24715;AT4G27040;AT4G29380;AT4G31480;AT5G12350;AT5G13550;AT5G19980;AT5G21990;AT5G24030;AT5G24350;AT5G24740;AT5G26700;AT5G27360;AT5G35200;AT5G37500;AT5G41610;AT5G41800;AT5G49630;AT5G52270;AT5G53550;AT5G58180;AT5G62290	219.795	12.571514427466722	0.28663072408380535	1.0	200	592	200	1.0
CG	loss	GO:0006811	monoatomic ion transport	15	AT1G30450;AT1G32450;AT1G54115;AT1G59870;AT1G74770;AT2G07681;AT2G07695;AT2G28170;AT4G04340;AT4G13590;AT4G23640;AT5G24030;AT5G37500;AT5G41610;AT5G62290	50.455	6.591507794124232	0.2972946189673967	1.0	200	592	200	1.0
CG	loss	GO:0006812	monoatomic cation transport	12	AT1G32450;AT1G54115;AT1G59870;AT1G74770;AT2G07681;AT2G07695;AT2G28170;AT4G04340;AT4G13590;AT4G23640;AT5G37500;AT5G41610	43.93	6.139633539552659	0.27316184839517416	1.0	200	592	200	1.0
CG	loss	GO:0006813	potassium ion transport	3	AT1G32450;AT4G23640;AT5G37500	9.345	2.8785369547740705	0.32102728731942215	0.9950248756218906	199	592	200	1.0
CG	loss	GO:0006820	monoatomic anion transport	3	AT1G30450;AT5G24030;AT5G62290	4.095	2.0581484397389804	0.7326007326007327	0.7711442786069652	154	592	200	1.0
CG	loss	GO:0006821	chloride transport	3	AT1G30450;AT5G24030;AT5G62290	1.605	1.2723894843954033	1.8691588785046729	0.23383084577114427	46	592	200	1.0
CG	loss	GO:0006865	amino acid transport	3	AT3G55740;AT5G41800;AT5G49630	4.785	2.002192548183116	0.6269592476489028	0.8855721393034826	177	592	200	1.0
CG	loss	GO:0006873	intracellular monoatomic ion homeostasis	4	AT1G74770;AT4G08920;AT5G24030;AT5G24270	13.2	3.6124783736376904	0.30303030303030304	1.0	200	592	200	1.0
CG	loss	GO:0006886	intracellular protein transport	4	AT1G52360;AT1G62020;AT4G01810;AT4G31480	28.52	4.997959583670121	0.1402524544179523	1.0	200	592	200	1.0
CG	loss	GO:0006888	endoplasmic reticulum to Golgi vesicle-mediated transport	4	AT1G62020;AT4G01810;AT5G24350;AT5G52270	5.16	2.2703303724348136	0.7751937984496123	0.7611940298507462	152	592	200	1.0
CG	loss	GO:0006950	response to stress	94	AT1G03190;AT1G15020;AT1G16900;AT1G20620;AT1G20780;AT1G30040;AT1G30870;AT1G49300;AT1G52940;AT1G53240;AT1G53310;AT1G53840;AT1G55870;AT1G58390;AT1G59870;AT1G65990;AT1G66730;AT1G68110;AT1G70840;AT1G71930;AT1G76690;AT1G77320;AT2G01830;AT2G01900;AT2G02220;AT2G05940;AT2G13650;AT2G17690;AT2G22840;AT2G25170;AT2G32120;AT2G33380;AT2G36460;AT2G37230;AT2G39260;AT2G40130;AT2G42430;AT2G43430;AT3G02540;AT3G06850;AT3G09840;AT3G15840;AT3G16840;AT3G23100;AT3G43920;AT3G45140;AT3G46510;AT3G47450;AT3G48360;AT3G59410;AT3G61050;AT4G00550;AT4G01370;AT4G03110;AT4G04340;AT4G04810;AT4G04920;AT4G08920;AT4G11600;AT4G14276;AT4G16860;AT4G16890;AT4G19020;AT4G19510;AT4G19520;AT4G22470;AT4G24770;AT4G26520;AT4G35970;AT4G36020;AT5G04230;AT5G04590;AT5G06730;AT5G08055;AT5G08315;AT5G16910;AT5G20320;AT5G21100;AT5G24030;AT5G24270;AT5G28030;AT5G37500;AT5G39770;AT5G42340;AT5G43710;AT5G45240;AT5G45900;AT5G51890;AT5G52605;AT5G53120;AT5G53450;AT5G54610;AT5G57160;AT5G64120	299.595	13.026165015075662	0.313756905155293	1.0	200	592	200	1.0
CG	loss	GO:0006952	defense response	34	AT1G52940;AT1G58390;AT1G59870;AT1G68110;AT1G70840;AT1G71930;AT2G01830;AT2G02220;AT2G05940;AT2G13650;AT2G33380;AT2G39260;AT3G43920;AT3G46510;AT4G01370;AT4G03110;AT4G14276;AT4G16860;AT4G16890;AT4G19510;AT4G19520;AT4G22470;AT4G24770;AT5G04230;AT5G08055;AT5G08315;AT5G20320;AT5G42340;AT5G45240;AT5G45900;AT5G52605;AT5G53120;AT5G54610;AT5G64120	96.225	8.832008548456033	0.3533385294881788	1.0	200	592	200	1.0
CG	loss	GO:0006955	immune response	7	AT1G59870;AT2G02220;AT3G43920;AT4G03110;AT4G24770;AT5G20320;AT5G54610	18.89	4.139794680899042	0.37056643726839594	1.0	200	592	200	1.0
CG	loss	GO:0006970	response to osmotic stress	20	AT1G15020;AT1G20780;AT1G49300;AT1G55870;AT1G59870;AT2G01830;AT2G01900;AT2G33380;AT2G43430;AT3G47450;AT3G48360;AT3G61050;AT4G01370;AT4G04340;AT4G04920;AT4G36020;AT5G21100;AT5G24030;AT5G24270;AT5G53450	54.215	6.250501979841277	0.3689015954994005	1.0	200	592	200	1.0
CG	loss	GO:0006974	DNA damage response	7	AT1G03190;AT1G66730;AT1G77320;AT3G02540;AT3G23100;AT5G39770;AT5G57160	35.23	5.35136431202363	0.19869429463525407	1.0	200	592	200	1.0
CG	loss	GO:0006979	response to oxidative stress	17	AT1G20620;AT1G30870;AT1G49300;AT1G65990;AT1G66730;AT3G09840;AT3G47450;AT3G48360;AT4G04810;AT4G08920;AT4G11600;AT4G35970;AT5G06730;AT5G21100;AT5G28030;AT5G51890;AT5G64120	36.07	5.402323574166945	0.47130579428888275	1.0	200	592	200	1.0
CG	loss	GO:0006996	organelle organization	26	AT1G17580;AT1G20830;AT1G24490;AT1G64740;AT1G64810;AT1G66345;AT1G77320;AT2G39140;AT3G07160;AT3G46000;AT3G46610;AT3G47450;AT4G01370;AT4G13370;AT4G21270;AT4G26455;AT4G32200;AT5G12150;AT5G17410;AT5G23120;AT5G23610;AT5G37630;AT5G38150;AT5G39770;AT5G48360;AT5G58180	113.01	8.522317759858412	0.23006813556322447	1.0	200	592	200	1.0
CG	loss	GO:0007010	cytoskeleton organization	8	AT1G17580;AT1G64740;AT3G46000;AT4G01370;AT4G13370;AT4G21270;AT5G17410;AT5G48360	33.51	5.0049875124719545	0.23873470605789318	1.0	200	592	200	1.0
CG	loss	GO:0007015	actin filament organization	3	AT1G17580;AT3G46000;AT5G48360	11.835	2.969473859120498	0.25348542458808615	1.0	200	592	200	1.0
CG	loss	GO:0007017	microtubule-based process	8	AT1G64740;AT1G72250;AT3G16060;AT4G01370;AT4G13370;AT4G21270;AT5G17410;AT5G27950	27.235	4.543101913890991	0.29373967321461353	1.0	200	592	200	1.0
CG	loss	GO:0007018	microtubule-based movement	4	AT1G72250;AT3G16060;AT4G21270;AT5G27950	12.315	3.029154172372218	0.32480714575720665	1.0	200	592	200	1.0
CG	loss	GO:0007049	cell cycle	15	AT1G28560;AT1G77320;AT2G38195;AT2G41670;AT3G07160;AT4G01370;AT4G08630;AT4G21270;AT4G32200;AT5G12150;AT5G23610;AT5G26290;AT5G37630;AT5G39770;AT5G57790	44.705	5.7155905206723885	0.3355329381500951	1.0	200	592	200	1.0
CG	loss	GO:0007059	chromosome segregation	3	AT4G21270;AT4G32200;AT5G37630	11.245	2.548524082680015	0.2667852378835038	1.0	200	592	200	1.0
CG	loss	GO:0007127	meiosis I	3	AT4G32200;AT5G23610;AT5G39770	7.97	2.412281078149892	0.3764115432873275	0.9850746268656716	197	592	200	1.0
CG	loss	GO:0007154	cell communication	41	AT1G03930;AT1G21230;AT1G49190;AT1G54830;AT1G59870;AT1G64480;AT1G78540;AT2G01830;AT2G01950;AT2G05117;AT2G23460;AT2G25170;AT2G36460;AT2G39260;AT3G23110;AT3G25170;AT3G28970;AT3G46510;AT3G48360;AT3G57040;AT4G01370;AT4G02510;AT4G04920;AT4G08920;AT4G13590;AT4G14940;AT4G15735;AT4G16295;AT4G16860;AT4G16890;AT4G19510;AT4G19520;AT4G20940;AT5G01770;AT5G02810;AT5G11410;AT5G12150;AT5G20990;AT5G24270;AT5G42340;AT5G45240	118.185	10.375007228913049	0.34691373693785166	1.0	200	592	200	1.0
CG	loss	GO:0007165	signal transduction	39	AT1G03930;AT1G21230;AT1G49190;AT1G54830;AT1G59870;AT1G64480;AT1G78540;AT2G01830;AT2G01950;AT2G05117;AT2G23460;AT2G25170;AT2G36460;AT2G39260;AT3G23110;AT3G25170;AT3G28970;AT3G46510;AT3G48360;AT3G57040;AT4G01370;AT4G02510;AT4G04920;AT4G08920;AT4G13590;AT4G14940;AT4G15735;AT4G16860;AT4G16890;AT4G19510;AT4G19520;AT4G20940;AT5G01770;AT5G02810;AT5G12150;AT5G20990;AT5G24270;AT5G42340;AT5G45240	112.67	9.946411413167965	0.3461436052187805	1.0	200	592	200	1.0
CG	loss	GO:0007166	cell surface receptor signaling pathway	4	AT1G21230;AT2G01950;AT3G46510;AT5G42340	11.44	3.1632894271628094	0.3496503496503497	1.0	200	592	200	1.0
CG	loss	GO:0007275	multicellular organism development	71	AT1G17110;AT1G17580;AT1G20780;AT1G27940;AT1G28420;AT1G28560;AT1G32450;AT1G53310;AT1G54115;AT1G54830;AT1G59870;AT1G63450;AT1G66730;AT1G67990;AT1G71866;AT1G72560;AT1G73220;AT1G75390;AT1G77980;AT2G01830;AT2G01950;AT2G02240;AT2G04160;AT2G22840;AT2G25170;AT2G25420;AT2G27380;AT2G38195;AT2G41670;AT2G42430;AT2G42600;AT2G48130;AT3G07160;AT3G11964;AT3G15354;AT3G22760;AT3G22960;AT3G46330;AT3G47450;AT3G48360;AT3G57390;AT4G01370;AT4G01810;AT4G04920;AT4G08920;AT4G09960;AT4G11110;AT4G13610;AT4G21060;AT4G23640;AT4G24660;AT4G29380;AT4G30080;AT4G30580;AT4G31160;AT5G11420;AT5G12350;AT5G16910;AT5G17410;AT5G20320;AT5G23150;AT5G24740;AT5G26290;AT5G37020;AT5G41990;AT5G45140;AT5G45900;AT5G49030;AT5G53550;AT5G55250;AT5G57790	256.885	13.104265526919018	0.276388267123421	1.0	200	592	200	1.0
CG	loss	GO:0007276	gamete generation	4	AT1G77320;AT3G07160;AT4G01370;AT4G21270	7.69	2.324629002658274	0.5201560468140441	0.9701492537313433	194	592	200	1.0
CG	loss	GO:0007389	pattern specification process	7	AT1G28560;AT2G01950;AT3G22760;AT4G30080;AT5G20320;AT5G24740;AT5G55250	24.155	4.269774584214012	0.2897950734837508	1.0	200	592	200	1.0
CG	loss	GO:0007623	circadian rhythm	6	AT3G48360;AT3G57040;AT4G04920;AT4G08920;AT4G30350;AT5G02810	13.335	3.3380795376982815	0.44994375703037115	0.9950248756218906	199	592	200	1.0
CG	loss	GO:0008104	intracellular protein localization	9	AT1G24490;AT1G52360;AT1G62020;AT2G19710;AT2G25350;AT4G01810;AT4G02510;AT4G31480;AT5G24350	47.61	5.9906510497608	0.1890359168241966	1.0	200	592	200	1.0
CG	loss	GO:0008152	metabolic process	226	AT1G03190;AT1G03475;AT1G04390;AT1G04950;AT1G05490;AT1G05570;AT1G06670;AT1G08200;AT1G09060;AT1G10490;AT1G11590;AT1G13060;AT1G15080;AT1G16710;AT1G16900;AT1G17110;AT1G17150;AT1G20620;AT1G20780;AT1G23780;AT1G28560;AT1G30040;AT1G30870;AT1G31740;AT1G44090;AT1G53240;AT1G53310;AT1G53840;AT1G56610;AT1G58370;AT1G59870;AT1G61810;AT1G62910;AT1G62930;AT1G63450;AT1G63770;AT1G64810;AT1G65130;AT1G65350;AT1G66345;AT1G66730;AT1G67140;AT1G67990;AT1G71930;AT1G74090;AT1G74230;AT1G74770;AT1G76690;AT1G77130;AT1G77680;AT1G78500;AT2G01830;AT2G01900;AT2G02220;AT2G04160;AT2G05940;AT2G07200;AT2G07695;AT2G07715;AT2G07718;AT2G15090;AT2G15470;AT2G19800;AT2G22840;AT2G27920;AT2G28470;AT2G29080;AT2G30110;AT2G30210;AT2G30920;AT2G32120;AT2G32860;AT2G33380;AT2G34770;AT2G36460;AT2G36710;AT2G37090;AT2G38195;AT2G39090;AT2G39140;AT2G39260;AT2G39620;AT2G40130;AT2G42600;AT2G43430;AT2G44470;AT2G44570;AT3G02540;AT3G05840;AT3G06580;AT3G06650;AT3G07160;AT3G09270;AT3G09840;AT3G10370;AT3G10900;AT3G10950;AT3G11964;AT3G14570;AT3G15840;AT3G16680;AT3G16840;AT3G17850;AT3G19040;AT3G19840;AT3G22110;AT3G22960;AT3G23100;AT3G23410;AT3G24200;AT3G25110;AT3G26380;AT3G27980;AT3G29110;AT3G29190;AT3G29740;AT3G42550;AT3G43220;AT3G43920;AT3G44890;AT3G45140;AT3G45940;AT3G46510;AT3G46610;AT3G47450;AT3G48360;AT3G58110;AT3G59100;AT3G59410;AT3G60140;AT3G60750;AT4G00550;AT4G01370;AT4G02130;AT4G03110;AT4G03415;AT4G03930;AT4G04810;AT4G05490;AT4G07400;AT4G08920;AT4G09740;AT4G10955;AT4G12440;AT4G13210;AT4G13760;AT4G14365;AT4G14880;AT4G14940;AT4G18550;AT4G20940;AT4G21060;AT4G21280;AT4G21630;AT4G23560;AT4G24010;AT4G24770;AT4G26520;AT4G27030;AT4G27570;AT4G28850;AT4G29060;AT4G29380;AT4G29740;AT4G30210;AT4G30350;AT4G30580;AT4G31160;AT4G32370;AT4G32840;AT4G33010;AT4G33330;AT4G34110;AT4G34230;AT4G39280;AT5G04230;AT5G04590;AT5G05460;AT5G06730;AT5G13230;AT5G14580;AT5G16910;AT5G20320;AT5G20330;AT5G20990;AT5G21100;AT5G23150;AT5G23610;AT5G23880;AT5G24350;AT5G27410;AT5G27640;AT5G27870;AT5G28030;AT5G28550;AT5G35630;AT5G35790;AT5G36180;AT5G38450;AT5G38830;AT5G39770;AT5G39920;AT5G41990;AT5G42260;AT5G42340;AT5G43710;AT5G44530;AT5G45140;AT5G45900;AT5G48180;AT5G49010;AT5G49030;AT5G51070;AT5G51890;AT5G52040;AT5G53120;AT5G53300;AT5G55250;AT5G57035;AT5G57160;AT5G58870;AT5G61580;AT5G62290;AT5G64120;AT5G64140;AT5G64760	648.89	16.9719739570877	0.3482870748508992	1.0	200	592	200	1.0
CG	loss	GO:0008219	cell death	3	AT1G59870;AT4G03110;AT4G08920	11.03	3.199859371909963	0.271985494106981	0.9950248756218906	199	592	200	1.0
CG	loss	GO:0008299	isoprenoid biosynthetic process	5	AT1G30040;AT1G44090;AT1G78500;AT3G29110;AT3G29190	13.615	3.349145413385333	0.3672420124862284	1.0	200	592	200	1.0
CG	loss	GO:0008361	regulation of cell size	3	AT1G27940;AT2G25170;AT5G62290	3.0	1.5	1.0	0.6169154228855721	123	592	200	1.0
CG	loss	GO:0008380	RNA splicing	5	AT1G64810;AT1G66345;AT3G19840;AT5G52040;AT5G62290	19.915	3.7679934978712524	0.2510670348983179	1.0	200	592	200	1.0
CG	loss	GO:0008610	lipid biosynthetic process	14	AT1G30040;AT1G44090;AT1G76690;AT1G78500;AT2G15090;AT2G33380;AT3G25110;AT3G29110;AT3G29190;AT3G43220;AT3G45140;AT4G00550;AT4G27030;AT4G30580	50.205	5.838062606721536	0.27885668758091825	1.0	200	592	200	1.0
CG	loss	GO:0009056	catabolic process	53	AT1G09060;AT1G11590;AT1G13060;AT1G16900;AT1G20620;AT1G30040;AT1G30870;AT1G53840;AT1G58370;AT1G59870;AT1G65350;AT1G74770;AT1G77680;AT2G19800;AT2G30110;AT2G30210;AT2G36460;AT2G36710;AT2G39260;AT2G43430;AT3G02540;AT3G09270;AT3G09840;AT3G10370;AT3G10900;AT3G22110;AT3G22960;AT3G27980;AT4G03110;AT4G03930;AT4G05490;AT4G07400;AT4G13210;AT4G18550;AT4G26520;AT4G29380;AT4G29740;AT4G32840;AT4G33010;AT5G04230;AT5G06730;AT5G14580;AT5G21100;AT5G27870;AT5G39770;AT5G43710;AT5G45900;AT5G48180;AT5G51890;AT5G53300;AT5G61580;AT5G64120;AT5G64760	103.015	9.177950479273726	0.5144881813328156	1.0	200	592	200	1.0
CG	loss	GO:0009057	macromolecule catabolic process	28	AT1G09060;AT1G11590;AT1G13060;AT1G16900;AT1G53840;AT1G58370;AT1G65350;AT1G74770;AT1G77680;AT2G30110;AT2G36710;AT2G39260;AT3G02540;AT3G09840;AT3G10900;AT3G22110;AT3G27980;AT4G03110;AT4G03930;AT4G05490;AT4G07400;AT4G13210;AT5G14580;AT5G27870;AT5G39770;AT5G43710;AT5G53300;AT5G64760	54.85	6.871499108637048	0.5104831358249772	1.0	200	592	200	1.0
CG	loss	GO:0009058	biosynthetic process	98	AT1G03475;AT1G04950;AT1G05490;AT1G05570;AT1G08200;AT1G10490;AT1G16900;AT1G28560;AT1G30040;AT1G44090;AT1G61810;AT1G62910;AT1G62930;AT1G63450;AT1G64810;AT1G66345;AT1G66730;AT1G67990;AT1G74090;AT1G76690;AT1G77130;AT1G78500;AT2G02220;AT2G07715;AT2G15090;AT2G22840;AT2G28470;AT2G30920;AT2G32120;AT2G33380;AT2G36460;AT2G37090;AT2G39140;AT2G40130;AT3G06650;AT3G07160;AT3G10950;AT3G11964;AT3G14570;AT3G16680;AT3G16840;AT3G19040;AT3G19840;AT3G24200;AT3G25110;AT3G29110;AT3G29190;AT3G43220;AT3G43920;AT3G44890;AT3G45140;AT3G46610;AT3G47450;AT3G58110;AT3G59100;AT3G60750;AT4G00550;AT4G02130;AT4G12440;AT4G14880;AT4G21060;AT4G24010;AT4G24770;AT4G26520;AT4G27030;AT4G29060;AT4G30350;AT4G30580;AT4G33330;AT4G34110;AT4G34230;AT4G39280;AT5G04230;AT5G05460;AT5G14580;AT5G16910;AT5G20320;AT5G20990;AT5G23150;AT5G23880;AT5G24350;AT5G27410;AT5G27640;AT5G28030;AT5G38450;AT5G38830;AT5G39920;AT5G45140;AT5G45900;AT5G48180;AT5G49030;AT5G51070;AT5G52040;AT5G53120;AT5G55250;AT5G57160;AT5G62290;AT5G64140	313.605	13.702517104531916	0.31249501761770376	1.0	200	592	200	1.0
CG	loss	GO:0009059	macromolecule biosynthetic process	58	AT1G04950;AT1G05490;AT1G05570;AT1G10490;AT1G16900;AT1G28560;AT1G62910;AT1G62930;AT1G63450;AT1G64810;AT1G66345;AT1G66730;AT1G77130;AT2G07715;AT2G22840;AT2G32120;AT2G37090;AT2G39140;AT2G40130;AT3G07160;AT3G10950;AT3G11964;AT3G14570;AT3G16680;AT3G16840;AT3G19040;AT3G19840;AT3G43920;AT3G44890;AT3G46610;AT3G59100;AT4G02130;AT4G21060;AT4G24010;AT4G24770;AT4G29060;AT4G30350;AT4G33330;AT4G34110;AT4G39280;AT5G05460;AT5G14580;AT5G16910;AT5G20320;AT5G23150;AT5G23880;AT5G24350;AT5G27640;AT5G38830;AT5G39920;AT5G45140;AT5G45900;AT5G49030;AT5G51070;AT5G52040;AT5G57160;AT5G62290;AT5G64140	181.055	11.518332127525992	0.32034464665433154	1.0	200	592	200	1.0
CG	loss	GO:0009060	aerobic respiration	8	AT1G53240;AT1G53310;AT2G36460;AT2G42600;AT3G22960;AT4G26520;AT4G32840;AT5G61580	14.2	3.4871191548325426	0.5633802816901409	0.9751243781094527	195	592	200	1.0
CG	loss	GO:0009100	glycoprotein metabolic process	6	AT1G16900;AT1G63450;AT3G26380;AT4G21060;AT5G05460;AT5G43710	10.85	3.142849025963544	0.5529953917050692	0.9701492537313433	194	592	200	1.0
CG	loss	GO:0009101	glycoprotein biosynthetic process	4	AT1G16900;AT1G63450;AT4G21060;AT5G05460	10.37	3.0435341299219907	0.3857280617164899	0.9950248756218906	199	592	200	1.0
CG	loss	GO:0009117	nucleotide metabolic process	10	AT2G02220;AT2G36460;AT3G10370;AT3G22960;AT4G08920;AT4G12440;AT4G26520;AT4G32840;AT5G35790;AT5G61580	20.23	3.9783287948584607	0.49431537320810676	1.0	200	592	200	1.0
CG	loss	GO:0009132	nucleoside diphosphate metabolic process	5	AT2G36460;AT3G22960;AT4G26520;AT4G32840;AT5G61580	5.815	2.2892739023541924	0.8598452278589853	0.7064676616915423	141	592	200	1.0
CG	loss	GO:0009134	nucleoside diphosphate catabolic process	5	AT2G36460;AT3G22960;AT4G26520;AT4G32840;AT5G61580	5.51	2.19086740812857	0.9074410163339384	0.6716417910447762	134	592	200	1.0
CG	loss	GO:0009135	purine nucleoside diphosphate metabolic process	5	AT2G36460;AT3G22960;AT4G26520;AT4G32840;AT5G61580	5.755	2.259419173150481	0.8688097306689835	0.7014925373134329	140	592	200	1.0
CG	loss	GO:0009137	purine nucleoside diphosphate catabolic process	5	AT2G36460;AT3G22960;AT4G26520;AT4G32840;AT5G61580	5.51	2.19086740812857	0.9074410163339384	0.6716417910447762	134	592	200	1.0
CG	loss	GO:0009141	nucleoside triphosphate metabolic process	5	AT2G36460;AT3G22960;AT4G26520;AT4G32840;AT5G61580	8.7	2.8913664589601944	0.574712643678161	0.945273631840796	189	592	200	1.0
CG	loss	GO:0009144	purine nucleoside triphosphate metabolic process	5	AT2G36460;AT3G22960;AT4G26520;AT4G32840;AT5G61580	7.865	2.739849448418652	0.6357279084551811	0.9104477611940298	182	592	200	1.0
CG	loss	GO:0009150	purine ribonucleotide metabolic process	7	AT2G02220;AT2G36460;AT3G22960;AT4G12440;AT4G26520;AT4G32840;AT5G61580	11.87	3.198921693321049	0.5897219882055603	0.9552238805970149	191	592	200	1.0
CG	loss	GO:0009154	purine ribonucleotide catabolic process	5	AT2G36460;AT3G22960;AT4G26520;AT4G32840;AT5G61580	5.51	2.19086740812857	0.9074410163339384	0.6716417910447762	134	592	200	1.0
CG	loss	GO:0009166	nucleotide catabolic process	5	AT2G36460;AT3G22960;AT4G26520;AT4G32840;AT5G61580	5.785	2.2357940423929934	0.8643042350907519	0.7114427860696517	142	592	200	1.0
CG	loss	GO:0009179	purine ribonucleoside diphosphate metabolic process	5	AT2G36460;AT3G22960;AT4G26520;AT4G32840;AT5G61580	5.755	2.259419173150481	0.8688097306689835	0.7014925373134329	140	592	200	1.0
CG	loss	GO:0009181	purine ribonucleoside diphosphate catabolic process	5	AT2G36460;AT3G22960;AT4G26520;AT4G32840;AT5G61580	5.51	2.19086740812857	0.9074410163339384	0.6716417910447762	134	592	200	1.0
CG	loss	GO:0009185	ribonucleoside diphosphate metabolic process	5	AT2G36460;AT3G22960;AT4G26520;AT4G32840;AT5G61580	5.755	2.259419173150481	0.8688097306689835	0.7014925373134329	140	592	200	1.0
CG	loss	GO:0009191	ribonucleoside diphosphate catabolic process	5	AT2G36460;AT3G22960;AT4G26520;AT4G32840;AT5G61580	5.51	2.19086740812857	0.9074410163339384	0.6716417910447762	134	592	200	1.0
CG	loss	GO:0009205	purine ribonucleoside triphosphate metabolic process	5	AT2G36460;AT3G22960;AT4G26520;AT4G32840;AT5G61580	7.865	2.739849448418652	0.6357279084551811	0.9104477611940298	182	592	200	1.0
CG	loss	GO:0009250	glucan biosynthetic process	6	AT1G05570;AT3G07160;AT3G14570;AT3G59100;AT4G24010;AT5G16910	16.8	3.479942528261065	0.35714285714285715	1.0	200	592	200	1.0
CG	loss	GO:0009259	ribonucleotide metabolic process	7	AT2G02220;AT2G36460;AT3G22960;AT4G12440;AT4G26520;AT4G32840;AT5G61580	13.54	3.386502620698828	0.5169867060561301	0.9900497512437811	198	592	200	1.0
CG	loss	GO:0009261	ribonucleotide catabolic process	5	AT2G36460;AT3G22960;AT4G26520;AT4G32840;AT5G61580	5.51	2.19086740812857	0.9074410163339384	0.6716417910447762	134	592	200	1.0
CG	loss	GO:0009266	response to temperature stimulus	21	AT1G03190;AT1G20620;AT1G53240;AT1G59870;AT1G66730;AT2G17690;AT2G22840;AT2G32120;AT2G33380;AT2G37230;AT3G15840;AT3G16840;AT3G48360;AT4G01370;AT4G08920;AT4G19020;AT4G24770;AT4G36020;AT5G04590;AT5G16910;AT5G37500	61.49	6.6947666128103345	0.341518946170109	1.0	200	592	200	1.0
CG	loss	GO:0009267	cellular response to starvation	6	AT1G20620;AT1G53310;AT2G01830;AT3G06850;AT3G59410;AT4G00550	14.82	3.5577520992896585	0.4048582995951417	1.0	200	592	200	1.0
CG	loss	GO:0009308	amine metabolic process	4	AT4G14940;AT4G29740;AT5G38450;AT5G53120	7.985	2.676709733983121	0.5009392611145899	0.9601990049751243	192	592	200	1.0
CG	loss	GO:0009314	response to radiation	22	AT1G03190;AT1G20620;AT1G27940;AT1G30040;AT1G54830;AT1G66730;AT2G36750;AT2G39260;AT3G02540;AT3G06850;AT3G15354;AT3G15840;AT3G19040;AT3G46610;AT4G08920;AT4G11110;AT4G20940;AT5G02810;AT5G23150;AT5G38150;AT5G41990;AT5G57160	78.365	7.8212387126337415	0.2807375741721432	1.0	200	592	200	1.0
CG	loss	GO:0009408	response to heat	6	AT1G03190;AT1G59870;AT2G17690;AT2G32120;AT3G15840;AT4G19020	25.83	4.461064895291275	0.23228803716608595	1.0	200	592	200	1.0
CG	loss	GO:0009409	response to cold	14	AT1G20620;AT1G53240;AT1G66730;AT2G22840;AT2G33380;AT2G37230;AT3G16840;AT3G48360;AT4G01370;AT4G24770;AT4G36020;AT5G04590;AT5G16910;AT5G37500	36.865	5.841812646773237	0.37976400379764	1.0	200	592	200	1.0
CG	loss	GO:0009411	response to UV	6	AT1G03190;AT1G27940;AT1G66730;AT2G36750;AT3G02540;AT5G23150	12.395	3.0998346730108066	0.48406615570794675	0.9900497512437811	198	592	200	1.0
CG	loss	GO:0009414	response to water deprivation	11	AT1G59870;AT2G01830;AT2G25170;AT2G33380;AT2G40130;AT3G45140;AT3G61050;AT4G08920;AT4G36020;AT5G24030;AT5G37500	39.55	5.987278179607165	0.2781289506953224	1.0	200	592	200	1.0
CG	loss	GO:0009415	response to water	11	AT1G59870;AT2G01830;AT2G25170;AT2G33380;AT2G40130;AT3G45140;AT3G61050;AT4G08920;AT4G36020;AT5G24030;AT5G37500	40.49	6.028258454976837	0.27167201778216843	1.0	200	592	200	1.0
CG	loss	GO:0009416	response to light stimulus	21	AT1G03190;AT1G20620;AT1G27940;AT1G30040;AT1G54830;AT1G66730;AT2G36750;AT2G39260;AT3G02540;AT3G06850;AT3G15354;AT3G15840;AT3G19040;AT3G46610;AT4G08920;AT4G11110;AT4G20940;AT5G02810;AT5G23150;AT5G38150;AT5G41990	74.29	7.458947646953913	0.2826759994615695	1.0	200	592	200	1.0
CG	loss	GO:0009451	RNA modification	6	AT1G10490;AT1G74230;AT2G39140;AT2G39620;AT4G24770;AT5G13230	30.485	5.390711919589106	0.19681810726586846	1.0	200	592	200	1.0
CG	loss	GO:0009553	embryo sac development	4	AT3G11964;AT3G48360;AT5G45140;AT5G57790	18.385	3.8712756295567443	0.21756867011150394	1.0	200	592	200	1.0
CG	loss	GO:0009555	pollen development	11	AT1G27940;AT1G77980;AT2G38195;AT3G07160;AT3G48360;AT3G57390;AT4G01370;AT4G01810;AT4G21060;AT4G29380;AT5G57790	43.28	5.724648460822729	0.2541589648798521	1.0	200	592	200	1.0
CG	loss	GO:0009605	response to external stimulus	40	AT1G21835;AT1G27940;AT1G52940;AT1G58390;AT1G59870;AT1G66730;AT1G68110;AT1G71930;AT2G01830;AT2G02220;AT2G05940;AT2G22840;AT2G30110;AT2G33380;AT2G39260;AT3G43920;AT3G45140;AT3G46510;AT3G61050;AT4G01370;AT4G03110;AT4G08920;AT4G14276;AT4G16860;AT4G16890;AT4G22470;AT4G24770;AT5G08055;AT5G08315;AT5G20320;AT5G21100;AT5G23150;AT5G42340;AT5G45900;AT5G52605;AT5G53120;AT5G53550;AT5G54610;AT5G55860;AT5G64120	133.2	10.322305943925656	0.3003003003003003	1.0	200	592	200	1.0
CG	loss	GO:0009606	tropism	3	AT1G27940;AT3G61050;AT4G08920	12.665	3.103671213256973	0.23687327279905251	1.0	200	592	200	1.0
CG	loss	GO:0009607	response to biotic stimulus	35	AT1G21835;AT1G52940;AT1G58390;AT1G59870;AT1G66730;AT1G68110;AT1G71930;AT2G01830;AT2G02220;AT2G05940;AT2G22840;AT2G30110;AT2G33380;AT2G39260;AT3G43920;AT3G45140;AT3G46510;AT4G01370;AT4G03110;AT4G14276;AT4G16860;AT4G16890;AT4G22470;AT4G24770;AT5G08055;AT5G08315;AT5G20320;AT5G21100;AT5G42340;AT5G45900;AT5G52605;AT5G53120;AT5G53550;AT5G54610;AT5G64120	113.49	9.718019345525159	0.3083972156137105	1.0	200	592	200	1.0
CG	loss	GO:0009611	response to wounding	7	AT1G76690;AT2G39260;AT2G42430;AT3G45140;AT3G48360;AT4G01370;AT5G04230	24.76	4.238207168131342	0.28271405492730206	1.0	200	592	200	1.0
CG	loss	GO:0009615	response to virus	3	AT3G43920;AT5G20320;AT5G21100	11.76	3.0955451862313375	0.25510204081632654	1.0	200	592	200	1.0
CG	loss	GO:0009617	response to bacterium	12	AT1G52940;AT1G59870;AT1G66730;AT2G01830;AT2G02220;AT2G05940;AT2G39260;AT3G45140;AT3G46510;AT4G16890;AT5G42340;AT5G53120	51.105	6.703280913105192	0.23481068388611684	1.0	200	592	200	1.0
CG	loss	GO:0009620	response to fungus	15	AT1G52940;AT1G59870;AT1G68110;AT1G71930;AT2G05940;AT2G33380;AT3G45140;AT4G01370;AT4G14276;AT4G16860;AT5G08055;AT5G08315;AT5G45900;AT5G52605;AT5G64120	34.09	5.32934329913169	0.44001173364623053	1.0	200	592	200	1.0
CG	loss	GO:0009624	response to nematode	3	AT1G21835;AT2G22840;AT5G53550	9.82	2.669756543207639	0.30549898167006106	1.0	200	592	200	1.0
CG	loss	GO:0009627	systemic acquired resistance	3	AT1G59870;AT4G01370;AT4G16890	7.21	2.4568068707165414	0.4160887656033287	0.9900497512437811	198	592	200	1.0
CG	loss	GO:0009628	response to abiotic stimulus	61	AT1G03190;AT1G15020;AT1G20620;AT1G20780;AT1G27940;AT1G30040;AT1G49300;AT1G53240;AT1G53840;AT1G54830;AT1G55870;AT1G59870;AT1G66730;AT2G01830;AT2G01900;AT2G17690;AT2G22840;AT2G25170;AT2G32120;AT2G33380;AT2G36460;AT2G36750;AT2G37230;AT2G39260;AT2G40130;AT2G43430;AT3G02540;AT3G06850;AT3G15354;AT3G15840;AT3G16840;AT3G19040;AT3G45140;AT3G46610;AT3G47450;AT3G48360;AT3G61050;AT4G01370;AT4G04340;AT4G04920;AT4G08920;AT4G11110;AT4G19020;AT4G19520;AT4G20940;AT4G24770;AT4G26520;AT4G36020;AT5G02810;AT5G04590;AT5G16910;AT5G21100;AT5G23150;AT5G24030;AT5G24270;AT5G37500;AT5G38150;AT5G41990;AT5G53450;AT5G55860;AT5G57160	207.125	12.138755084439177	0.29450814725407365	1.0	200	592	200	1.0
CG	loss	GO:0009636	response to toxic substance	15	AT1G20620;AT1G30870;AT1G59870;AT1G65990;AT1G71870;AT2G43430;AT3G03620;AT3G09270;AT3G59410;AT4G11600;AT4G35970;AT5G06730;AT5G24655;AT5G51890;AT5G64120	25.495	4.705313485837042	0.588350656991567	0.9950248756218906	199	592	200	1.0
CG	loss	GO:0009637	response to blue light	3	AT1G27940;AT4G08920;AT5G38150	9.94	2.6450708875188975	0.3018108651911469	1.0	200	592	200	1.0
CG	loss	GO:0009639	response to red or far red light	6	AT1G27940;AT1G30040;AT3G15354;AT4G08920;AT4G11110;AT5G02810	21.645	4.331163238669263	0.2772002772002772	1.0	200	592	200	1.0
CG	loss	GO:0009640	photomorphogenesis	4	AT1G27940;AT3G15354;AT4G08920;AT4G11110	8.705	2.6529182045438193	0.4595060310166571	0.9850746268656716	197	592	200	1.0
CG	loss	GO:0009642	response to light intensity	3	AT3G06850;AT4G08920;AT4G20940	14.835	3.49825313549491	0.20222446916076844	1.0	200	592	200	1.0
CG	loss	GO:0009646	response to absence of light	3	AT3G06850;AT4G08920;AT4G20940	5.14	2.0833626664601645	0.5836575875486382	0.9104477611940298	182	592	200	1.0
CG	loss	GO:0009648	photoperiodism	3	AT1G54830;AT2G39260;AT5G41990	9.77	2.9828006973312866	0.3070624360286592	0.9950248756218906	199	592	200	1.0
CG	loss	GO:0009651	response to salt stress	15	AT1G15020;AT1G49300;AT1G55870;AT1G59870;AT2G01900;AT2G33380;AT2G43430;AT3G47450;AT3G48360;AT3G61050;AT4G01370;AT4G36020;AT5G21100;AT5G24030;AT5G24270	44.4	6.0365553091146325	0.33783783783783783	1.0	200	592	200	1.0
CG	loss	GO:0009653	anatomical structure morphogenesis	26	AT1G04950;AT1G17580;AT1G27940;AT1G28560;AT1G59870;AT1G63450;AT1G71866;AT1G72560;AT1G73360;AT2G01830;AT2G04160;AT2G25420;AT2G42430;AT3G05840;AT3G09840;AT3G23380;AT3G26870;AT3G55500;AT4G01810;AT4G04920;AT4G12420;AT4G14880;AT4G21060;AT4G23640;AT5G16910;AT5G24740	105.7	8.525843066817528	0.24597918637653737	1.0	200	592	200	1.0
CG	loss	GO:0009657	plastid organization	8	AT1G20830;AT1G24490;AT1G64810;AT2G39140;AT3G46610;AT3G47450;AT5G23120;AT5G38150	26.885	4.938802992628876	0.29756369722893805	1.0	200	592	200	1.0
CG	loss	GO:0009658	chloroplast organization	4	AT1G20830;AT1G24490;AT1G64810;AT5G38150	20.12	4.41085025817018	0.19880715705765406	1.0	200	592	200	1.0
CG	loss	GO:0009664	plant-type cell wall organization	8	AT1G23720;AT1G73360;AT2G27380;AT3G28550;AT3G54580;AT3G54590;AT3G55500;AT5G11420	14.39	3.598319052001921	0.5559416261292565	0.9751243781094527	195	592	200	1.0
CG	loss	GO:0009698	phenylpropanoid metabolic process	9	AT1G59870;AT1G61810;AT1G67990;AT2G28470;AT2G30210;AT4G30210;AT4G34230;AT5G04230;AT5G64120	12.75	3.1539657575820303	0.7058823529411765	0.9054726368159204	181	592	200	1.0
CG	loss	GO:0009699	phenylpropanoid biosynthetic process	5	AT1G61810;AT1G67990;AT2G28470;AT4G34230;AT5G04230	8.455	2.564756323707965	0.5913660555884093	0.9502487562189055	190	592	200	1.0
CG	loss	GO:0009719	response to endogenous stimulus	35	AT1G27940;AT1G28560;AT1G34170;AT1G34310;AT1G34390;AT1G34410;AT1G35540;AT1G49190;AT1G54830;AT1G55870;AT1G59870;AT1G71930;AT2G01830;AT2G01950;AT2G04160;AT2G22840;AT2G25170;AT2G33380;AT2G39260;AT3G28970;AT3G45140;AT3G48360;AT3G57040;AT4G00970;AT4G01370;AT4G04920;AT4G14940;AT4G16890;AT4G20940;AT4G21410;AT4G30080;AT5G02810;AT5G20990;AT5G37020;AT5G37500	122.945	11.637524436064705	0.28468014152669896	1.0	200	592	200	1.0
CG	loss	GO:0009725	response to hormone	35	AT1G27940;AT1G28560;AT1G34170;AT1G34310;AT1G34390;AT1G34410;AT1G35540;AT1G49190;AT1G54830;AT1G55870;AT1G59870;AT1G71930;AT2G01830;AT2G01950;AT2G04160;AT2G22840;AT2G25170;AT2G33380;AT2G39260;AT3G28970;AT3G45140;AT3G48360;AT3G57040;AT4G00970;AT4G01370;AT4G04920;AT4G14940;AT4G16890;AT4G20940;AT4G21410;AT4G30080;AT5G02810;AT5G20990;AT5G37020;AT5G37500	122.695	11.664560643247663	0.28526019805208036	1.0	200	592	200	1.0
CG	loss	GO:0009733	response to auxin	14	AT1G27940;AT1G28560;AT1G59870;AT1G71930;AT2G01950;AT2G04160;AT2G25170;AT3G28970;AT3G48360;AT4G04920;AT4G16890;AT4G30080;AT5G20990;AT5G37020	31.46	5.245798318654647	0.4450095359186268	1.0	200	592	200	1.0
CG	loss	GO:0009734	auxin-activated signaling pathway	5	AT2G01950;AT3G28970;AT3G48360;AT4G04920;AT5G20990	7.275	2.557220170419434	0.6872852233676976	0.845771144278607	169	592	200	1.0
CG	loss	GO:0009735	response to cytokinin	7	AT1G28560;AT1G49190;AT1G71930;AT2G01830;AT2G25170;AT3G57040;AT5G02810	10.565	2.9942904000781234	0.6625650733554189	0.9253731343283582	185	592	200	1.0
CG	loss	GO:0009736	cytokinin-activated signaling pathway	5	AT1G49190;AT2G01830;AT2G25170;AT3G57040;AT5G02810	5.985	2.3674406011556015	0.835421888053467	0.7313432835820896	146	592	200	1.0
CG	loss	GO:0009737	response to abscisic acid	11	AT1G54830;AT1G55870;AT1G71930;AT2G33380;AT3G48360;AT4G00970;AT4G01370;AT4G04920;AT4G20940;AT4G21410;AT5G37500	49.09	7.171603725806387	0.2240782236708087	1.0	200	592	200	1.0
CG	loss	GO:0009738	abscisic acid-activated signaling pathway	3	AT1G54830;AT3G48360;AT4G04920	10.535	3.255575985904797	0.28476506881822494	1.0	200	592	200	1.0
CG	loss	GO:0009739	response to gibberellin	3	AT1G54830;AT2G22840;AT2G25170	9.845	2.900168098576353	0.3047232097511427	1.0	200	592	200	1.0
CG	loss	GO:0009741	response to brassinosteroid	3	AT1G27940;AT1G71930;AT2G01950	9.795	2.8658288504375133	0.30627871362940273	1.0	200	592	200	1.0
CG	loss	GO:0009743	response to carbohydrate	5	AT1G27595;AT1G59870;AT2G01830;AT3G06850;AT3G48360	22.325	4.416941815328789	0.22396416573348266	1.0	200	592	200	1.0
CG	loss	GO:0009751	response to salicylic acid	7	AT1G55870;AT2G33380;AT2G39260;AT3G48360;AT4G01370;AT4G16890;AT5G54610	15.775	3.5755244370581476	0.4437400950871632	0.9950248756218906	199	592	200	1.0
CG	loss	GO:0009753	response to jasmonic acid	6	AT2G39260;AT3G45140;AT3G48360;AT4G01370;AT4G14940;AT5G37500	19.59	4.379714602574007	0.30627871362940273	1.0	200	592	200	1.0
CG	loss	GO:0009755	hormone-mediated signaling pathway	14	AT1G49190;AT1G54830;AT2G01830;AT2G01950;AT2G25170;AT2G39260;AT3G28970;AT3G48360;AT3G57040;AT4G01370;AT4G04920;AT4G14940;AT5G02810;AT5G20990	42.31	6.38857574111788	0.33089104230678323	1.0	200	592	200	1.0
CG	loss	GO:0009791	post-embryonic development	40	AT1G17110;AT1G17580;AT1G27940;AT1G28420;AT1G28560;AT1G54830;AT1G59870;AT1G66730;AT1G67990;AT1G71866;AT1G72560;AT1G75390;AT2G02240;AT2G04160;AT2G25420;AT2G27380;AT2G41670;AT2G42430;AT2G48130;AT3G15354;AT3G22760;AT3G22960;AT3G46330;AT4G01810;AT4G08920;AT4G09960;AT4G11110;AT4G13610;AT4G23640;AT4G24660;AT4G30580;AT4G31160;AT5G11420;AT5G12350;AT5G20320;AT5G23150;AT5G37020;AT5G41990;AT5G49030;AT5G53550	152.755	11.432190297576495	0.2618572223495139	1.0	200	592	200	1.0
CG	loss	GO:0009793	embryo development ending in seed dormancy	10	AT1G28560;AT1G59870;AT2G02240;AT2G25420;AT3G46330;AT4G13610;AT4G23640;AT4G24660;AT4G30580;AT4G31160	49.57	6.650947300948931	0.20173492031470647	1.0	200	592	200	1.0
CG	loss	GO:0009798	axis specification	3	AT1G28560;AT5G20320;AT5G55250	7.335	2.510532811974382	0.40899795501022496	0.9701492537313433	194	592	200	1.0
CG	loss	GO:0009808	lignin metabolic process	4	AT1G61810;AT2G30210;AT4G34230;AT5G64120	5.56	2.146252548047412	0.7194244604316548	0.8308457711442786	166	592	200	1.0
CG	loss	GO:0009812	flavonoid metabolic process	3	AT3G58110;AT4G08920;AT4G27570	5.29	2.1203537440719638	0.5671077504725898	0.9402985074626866	188	592	200	1.0
CG	loss	GO:0009826	unidimensional cell growth	9	AT1G04950;AT1G17580;AT3G09840;AT3G23380;AT3G26870;AT3G55500;AT4G12420;AT4G14880;AT4G23640	31.785	4.983851422343963	0.2831524303916942	1.0	200	592	200	1.0
CG	loss	GO:0009827	plant-type cell wall modification	3	AT1G73360;AT2G27380;AT3G55500	5.625	2.187321421282203	0.5333333333333333	0.9303482587064676	186	592	200	1.0
CG	loss	GO:0009832	plant-type cell wall biogenesis	4	AT1G77130;AT2G37090;AT4G33330;AT5G12150	14.865	3.446269722468046	0.2690884628321561	1.0	200	592	200	1.0
CG	loss	GO:0009834	plant-type secondary cell wall biogenesis	3	AT1G77130;AT2G37090;AT4G33330	4.305	2.0203898138725607	0.6968641114982579	0.7960199004975125	159	592	200	1.0
CG	loss	GO:0009845	seed germination	5	AT1G66730;AT1G75390;AT2G27380;AT2G48130;AT5G11420	12.09	3.3409429806568087	0.41356492969396197	0.9950248756218906	199	592	200	1.0
CG	loss	GO:0009846	pollen germination	3	AT3G07160;AT3G09840;AT4G29380	7.855	2.2414225393709204	0.3819223424570337	1.0	200	592	200	1.0
CG	loss	GO:0009856	pollination	10	AT1G04950;AT3G07160;AT3G09840;AT3G23380;AT3G26870;AT4G01370;AT4G14880;AT4G16295;AT4G29380;AT5G11410	29.68	4.957580054825144	0.33692722371967654	1.0	200	592	200	1.0
CG	loss	GO:0009860	pollen tube growth	5	AT1G04950;AT3G09840;AT3G23380;AT3G26870;AT4G14880	14.68	3.6066050518458486	0.34059945504087197	1.0	200	592	200	1.0
CG	loss	GO:0009863	salicylic acid mediated signaling pathway	3	AT2G39260;AT4G01370;AT4G16890	4.915	2.001942806375846	0.6103763987792472	0.900497512437811	180	592	200	1.0
CG	loss	GO:0009867	jasmonic acid mediated signaling pathway	3	AT2G39260;AT4G01370;AT4G14940	7.96	2.7565195446432065	0.3768844221105528	0.9800995024875622	196	592	200	1.0
CG	loss	GO:0009889	regulation of biosynthetic process	67	AT1G04950;AT1G05490;AT1G09060;AT1G16710;AT1G19510;AT1G20780;AT1G28420;AT1G31640;AT1G34170;AT1G34310;AT1G34390;AT1G34410;AT1G35540;AT1G49190;AT1G55950;AT1G61040;AT1G62975;AT1G64810;AT1G67140;AT1G67220;AT1G71930;AT1G73360;AT1G75390;AT1G77680;AT1G77980;AT1G78540;AT2G05940;AT2G10440;AT2G16485;AT2G22840;AT2G25170;AT2G25420;AT2G39260;AT2G42430;AT3G03260;AT3G22760;AT3G43920;AT3G46610;AT3G47450;AT3G48360;AT3G57040;AT3G57390;AT3G58110;AT3G59410;AT3G61050;AT4G00540;AT4G03110;AT4G04030;AT4G04920;AT4G08920;AT4G09960;AT4G10920;AT4G24770;AT4G25210;AT4G25400;AT4G25530;AT4G30080;AT4G34110;AT5G02810;AT5G04590;AT5G14580;AT5G20320;AT5G23150;AT5G23880;AT5G37020;AT5G39690;AT5G52040	225.83	12.124401016132468	0.29668334587964396	1.0	200	592	200	1.0
CG	loss	GO:0009890	negative regulation of biosynthetic process	20	AT1G05490;AT1G09060;AT1G20780;AT1G28420;AT1G77680;AT2G16485;AT2G25170;AT2G39260;AT3G43920;AT3G58110;AT3G61050;AT4G03110;AT4G04030;AT4G25530;AT5G02810;AT5G04590;AT5G14580;AT5G20320;AT5G23880;AT5G52040	57.845	6.182311460934347	0.3457515774915723	1.0	200	592	200	1.0
CG	loss	GO:0009891	positive regulation of biosynthetic process	15	AT1G04950;AT1G09060;AT1G31640;AT1G61040;AT1G71930;AT1G77980;AT2G05940;AT2G10440;AT2G42430;AT3G46610;AT3G57390;AT4G04920;AT4G09960;AT4G10920;AT4G34110	45.73	6.329067861857736	0.3280122457905095	1.0	200	592	200	1.0
CG	loss	GO:0009892	negative regulation of metabolic process	22	AT1G05490;AT1G09060;AT1G20780;AT1G28420;AT1G77680;AT2G16485;AT2G25170;AT2G39260;AT3G43920;AT3G58110;AT3G61050;AT4G03110;AT4G04030;AT4G24770;AT4G25530;AT4G34110;AT5G02810;AT5G04590;AT5G14580;AT5G20320;AT5G23880;AT5G52040	65.755	6.666706458214606	0.3345753174663524	1.0	200	592	200	1.0
CG	loss	GO:0009893	positive regulation of metabolic process	17	AT1G04950;AT1G09060;AT1G31640;AT1G61040;AT1G71930;AT1G77680;AT1G77980;AT2G05940;AT2G10440;AT2G42430;AT3G46610;AT3G57390;AT4G04920;AT4G09960;AT4G10920;AT4G32970;AT4G34110	55.37	6.855880687409923	0.30702546505327794	1.0	200	592	200	1.0
CG	loss	GO:0009894	regulation of catabolic process	4	AT1G20780;AT1G77680;AT4G24770;AT4G34110	12.925	3.2694609647463273	0.3094777562862669	1.0	200	592	200	1.0
CG	loss	GO:0009908	flower development	11	AT1G17110;AT1G17580;AT1G27940;AT1G72560;AT2G41670;AT4G01810;AT4G09960;AT4G31160;AT5G23150;AT5G37020;AT5G49030	39.62	6.016277919112468	0.27763755678950025	1.0	200	592	200	1.0
CG	loss	GO:0009909	regulation of flower development	6	AT1G61040;AT3G57390;AT4G25530;AT5G23150;AT5G24655;AT5G41990	17.975	4.013025666501517	0.33379694019471484	1.0	200	592	200	1.0
CG	loss	GO:0009910	negative regulation of flower development	3	AT1G61040;AT3G57390;AT5G23150	6.19	2.129295658193102	0.4846526655896607	0.9601990049751243	192	592	200	1.0
CG	loss	GO:0009914	hormone transport	4	AT1G27940;AT1G28560;AT1G59870;AT4G08920	14.1	3.4481879299133316	0.28368794326241137	1.0	200	592	200	1.0
CG	loss	GO:0009926	auxin polar transport	3	AT1G27940;AT1G28560;AT1G59870	9.46	2.624576156258373	0.3171247357293869	1.0	200	592	200	1.0
CG	loss	GO:0009932	cell tip growth	7	AT1G04950;AT3G09840;AT3G23380;AT3G26870;AT4G12420;AT4G14880;AT4G23640	18.475	4.126666330102297	0.37889039242219213	1.0	200	592	200	1.0
CG	loss	GO:0009933	meristem structural organization	4	AT1G28560;AT1G72560;AT2G25420;AT3G05840	8.045	2.5967238975293467	0.49720323182100684	0.9800995024875622	196	592	200	1.0
CG	loss	GO:0009966	regulation of signal transduction	8	AT1G27940;AT1G59870;AT2G05940;AT2G25170;AT3G26940;AT4G03110;AT4G04920;AT4G20940	35.72	5.798413576143043	0.22396416573348266	1.0	200	592	200	1.0
CG	loss	GO:0009967	positive regulation of signal transduction	4	AT1G27940;AT3G26940;AT4G03110;AT4G20940	9.515	2.9932883255710587	0.42038885969521805	0.9900497512437811	198	592	200	1.0
CG	loss	GO:0009987	cellular process	357	AT1G03190;AT1G03475;AT1G03930;AT1G04390;AT1G04950;AT1G05490;AT1G05570;AT1G06670;AT1G08200;AT1G09060;AT1G10490;AT1G11410;AT1G11590;AT1G13060;AT1G14110;AT1G15080;AT1G16710;AT1G16900;AT1G17110;AT1G17150;AT1G17580;AT1G20620;AT1G20780;AT1G20830;AT1G21230;AT1G23720;AT1G23780;AT1G24490;AT1G27595;AT1G27940;AT1G28010;AT1G28560;AT1G30040;AT1G30420;AT1G30450;AT1G30870;AT1G31740;AT1G32450;AT1G44090;AT1G49190;AT1G52360;AT1G53240;AT1G53310;AT1G53840;AT1G54115;AT1G54830;AT1G56610;AT1G58370;AT1G59870;AT1G61810;AT1G62020;AT1G62910;AT1G62920;AT1G62930;AT1G63450;AT1G63770;AT1G64480;AT1G64740;AT1G64810;AT1G65130;AT1G65350;AT1G65990;AT1G66345;AT1G66730;AT1G67140;AT1G67930;AT1G67990;AT1G68110;AT1G70610;AT1G71866;AT1G71870;AT1G71930;AT1G72250;AT1G72560;AT1G73220;AT1G73360;AT1G74090;AT1G74230;AT1G74770;AT1G76690;AT1G77130;AT1G77320;AT1G77680;AT1G78500;AT1G78540;AT2G01830;AT2G01900;AT2G01950;AT2G02220;AT2G04160;AT2G05117;AT2G05940;AT2G07200;AT2G07681;AT2G07695;AT2G07715;AT2G07718;AT2G13650;AT2G15090;AT2G15470;AT2G16485;AT2G16980;AT2G17900;AT2G19800;AT2G22840;AT2G23460;AT2G25170;AT2G27380;AT2G27920;AT2G28170;AT2G28470;AT2G29080;AT2G30110;AT2G30210;AT2G30920;AT2G32120;AT2G32860;AT2G33380;AT2G34660;AT2G34770;AT2G36460;AT2G36710;AT2G37090;AT2G38195;AT2G39090;AT2G39140;AT2G39260;AT2G39620;AT2G40130;AT2G41670;AT2G42600;AT2G43430;AT2G44470;AT2G44570;AT3G02540;AT3G03620;AT3G05840;AT3G06580;AT3G06650;AT3G06850;AT3G07160;AT3G09270;AT3G09840;AT3G10370;AT3G10900;AT3G10950;AT3G11964;AT3G13710;AT3G14570;AT3G15840;AT3G16060;AT3G16310;AT3G16680;AT3G16840;AT3G17850;AT3G19040;AT3G19840;AT3G22110;AT3G22760;AT3G22960;AT3G23100;AT3G23110;AT3G23380;AT3G23410;AT3G24200;AT3G25110;AT3G25170;AT3G26380;AT3G26870;AT3G27980;AT3G28345;AT3G28550;AT3G28970;AT3G29110;AT3G29190;AT3G29740;AT3G30842;AT3G42550;AT3G43220;AT3G43920;AT3G44890;AT3G45140;AT3G45940;AT3G46000;AT3G46510;AT3G46610;AT3G47450;AT3G48360;AT3G54580;AT3G54590;AT3G55500;AT3G55740;AT3G57040;AT3G58110;AT3G59100;AT3G59410;AT3G60140;AT3G60750;AT4G00550;AT4G01370;AT4G01810;AT4G02130;AT4G02510;AT4G03110;AT4G03415;AT4G03930;AT4G04340;AT4G04810;AT4G04920;AT4G05490;AT4G07400;AT4G08300;AT4G08630;AT4G08920;AT4G08990;AT4G09740;AT4G09960;AT4G10955;AT4G11600;AT4G12420;AT4G12440;AT4G13210;AT4G13370;AT4G13590;AT4G13760;AT4G14140;AT4G14365;AT4G14880;AT4G14940;AT4G15735;AT4G16295;AT4G16860;AT4G16890;AT4G18550;AT4G19020;AT4G19510;AT4G19520;AT4G20170;AT4G20940;AT4G21060;AT4G21270;AT4G21280;AT4G21630;AT4G23560;AT4G23640;AT4G24010;AT4G24715;AT4G24770;AT4G26455;AT4G26520;AT4G27030;AT4G27040;AT4G27570;AT4G28850;AT4G29060;AT4G29380;AT4G29740;AT4G30080;AT4G30210;AT4G30350;AT4G30580;AT4G31160;AT4G31480;AT4G32200;AT4G32370;AT4G32840;AT4G33010;AT4G33330;AT4G34110;AT4G34230;AT4G35970;AT4G36020;AT4G38440;AT4G39280;AT5G01770;AT5G02810;AT5G04230;AT5G04590;AT5G05460;AT5G06730;AT5G11410;AT5G11420;AT5G12150;AT5G12350;AT5G13230;AT5G13550;AT5G14580;AT5G16910;AT5G17410;AT5G19980;AT5G20320;AT5G20330;AT5G20990;AT5G21100;AT5G21990;AT5G23120;AT5G23150;AT5G23610;AT5G23880;AT5G24030;AT5G24270;AT5G24350;AT5G24655;AT5G26290;AT5G27360;AT5G27410;AT5G27640;AT5G27870;AT5G27950;AT5G28030;AT5G28550;AT5G35200;AT5G35630;AT5G35790;AT5G36180;AT5G37500;AT5G37630;AT5G38150;AT5G38450;AT5G38830;AT5G39770;AT5G39920;AT5G41610;AT5G41800;AT5G41990;AT5G42260;AT5G42340;AT5G43710;AT5G44530;AT5G45140;AT5G45240;AT5G45900;AT5G48180;AT5G48360;AT5G49010;AT5G49030;AT5G49630;AT5G51070;AT5G51890;AT5G52040;AT5G52270;AT5G53120;AT5G53300;AT5G53550;AT5G54790;AT5G55250;AT5G55860;AT5G57035;AT5G57160;AT5G57790;AT5G58180;AT5G58870;AT5G61580;AT5G62290;AT5G64120;AT5G64140;AT5G64760	1067.7	17.59403307942913	0.33436358527676313	1.0	200	592	200	1.0
CG	loss	GO:0010014	meristem initiation	3	AT1G28560;AT1G72560;AT2G25420	5.425	2.0746987733162614	0.5529953917050692	0.9104477611940298	182	592	200	1.0
CG	loss	GO:0010015	root morphogenesis	9	AT1G28560;AT1G59870;AT1G63450;AT2G01830;AT2G04160;AT2G42430;AT4G21060;AT5G16910;AT5G24740	35.515	5.53983528636006	0.25341405040123893	1.0	200	592	200	1.0
CG	loss	GO:0010016	shoot system morphogenesis	3	AT1G27940;AT1G71866;AT2G25420	20.545	4.150659586138076	0.14602092966658553	1.0	200	592	200	1.0
CG	loss	GO:0010026	trichome differentiation	3	AT1G17580;AT1G73360;AT4G04920	9.965	2.6445746349838566	0.3010536879076769	1.0	200	592	200	1.0
CG	loss	GO:0010029	regulation of seed germination	3	AT1G54830;AT2G01830;AT4G18550	9.64	2.6363611285254507	0.3112033195020747	1.0	200	592	200	1.0
CG	loss	GO:0010038	response to metal ion	9	AT4G14880;AT4G33010;AT5G20990;AT5G24270;AT5G28030;AT5G35630;AT5G37500;AT5G39020;AT5G45900	24.19	4.428758290988564	0.3720545680033071	1.0	200	592	200	1.0
CG	loss	GO:0010053	root epidermal cell differentiation	4	AT1G59870;AT1G63450;AT4G21060;AT5G16910	16.2	3.9127995093027708	0.2469135802469136	1.0	200	592	200	1.0
CG	loss	GO:0010054	trichoblast differentiation	4	AT1G59870;AT1G63450;AT4G21060;AT5G16910	14.48	3.7442756308797565	0.27624309392265195	1.0	200	592	200	1.0
CG	loss	GO:0010073	meristem maintenance	4	AT4G08920;AT5G01770;AT5G20320;AT5G24740	19.88	3.933903913417312	0.2012072434607646	1.0	200	592	200	1.0
CG	loss	GO:0010087	phloem or xylem histogenesis	3	AT1G71930;AT4G14940;AT5G54790	12.705	3.3731254053177437	0.2361275088547816	1.0	200	592	200	1.0
CG	loss	GO:0010089	xylem development	3	AT1G71930;AT4G14940;AT5G54790	4.845	1.9159788620963443	0.6191950464396285	0.900497512437811	180	592	200	1.0
CG	loss	GO:0010090	trichome morphogenesis	3	AT1G17580;AT1G73360;AT4G04920	8.57	2.568092677455392	0.3500583430571762	1.0	200	592	200	1.0
CG	loss	GO:0010101	post-embryonic root morphogenesis	3	AT1G28560;AT2G04160;AT2G42430	8.435	2.579878873125634	0.3556609365737996	0.9950248756218906	199	592	200	1.0
CG	loss	GO:0010102	lateral root morphogenesis	3	AT1G28560;AT2G04160;AT2G42430	8.335	2.5656919144745336	0.3599280143971205	0.9950248756218906	199	592	200	1.0
CG	loss	GO:0010118	stomatal movement	3	AT2G33380;AT4G08920;AT5G37500	7.66	2.518809242479468	0.391644908616188	0.9900497512437811	198	592	200	1.0
CG	loss	GO:0010119	regulation of stomatal movement	3	AT4G01370;AT4G20940;AT5G37500	12.785	3.402759909250134	0.23464998044583496	0.9950248756218906	199	592	200	1.0
CG	loss	GO:0010150	leaf senescence	5	AT1G20780;AT1G32450;AT1G54115;AT1G73220;AT5G45900	11.315	2.857582019820253	0.44189129474149363	0.9900497512437811	198	592	200	1.0
CG	loss	GO:0010154	fruit development	19	AT1G17110;AT1G17580;AT1G28560;AT1G59870;AT1G66730;AT1G67990;AT2G02240;AT2G25420;AT2G48130;AT3G22960;AT3G46330;AT4G09960;AT4G13610;AT4G23640;AT4G24660;AT4G30580;AT4G31160;AT5G37020;AT5G53550	72.375	8.363873205638656	0.26252158894645944	1.0	200	592	200	1.0
CG	loss	GO:0010167	response to nitrate	3	AT1G32450;AT3G48360;AT4G24715	2.39	1.4099290762304322	1.2552301255230125	0.43781094527363185	87	592	200	1.0
CG	loss	GO:0010228	vegetative to reproductive phase transition of meristem	3	AT1G28420;AT1G54830;AT5G41990	20.88	4.431207510374578	0.14367816091954025	1.0	200	592	200	1.0
CG	loss	GO:0010374	stomatal complex development	3	AT1G71866;AT3G22760;AT5G12350	6.965	2.248060274992644	0.43072505384063176	0.9950248756218906	199	592	200	1.0
CG	loss	GO:0010383	cell wall polysaccharide metabolic process	3	AT1G77130;AT2G37090;AT4G33330	7.115	2.5341221359674035	0.42164441321152496	0.9900497512437811	198	592	200	1.0
CG	loss	GO:0010467	gene expression	41	AT1G04950;AT1G05490;AT1G10490;AT1G28560;AT1G62910;AT1G62930;AT1G64810;AT1G66345;AT2G07715;AT2G22840;AT2G32120;AT2G39140;AT2G40130;AT3G10950;AT3G11964;AT3G16680;AT3G16840;AT3G19040;AT3G19840;AT3G43920;AT3G44890;AT3G46610;AT4G24770;AT4G29060;AT4G30350;AT4G34110;AT4G39280;AT5G14580;AT5G20320;AT5G23150;AT5G23880;AT5G24350;AT5G27640;AT5G38830;AT5G39920;AT5G45140;AT5G49030;AT5G51070;AT5G52040;AT5G62290;AT5G64140	137.115	10.147500923872743	0.29901907158224844	1.0	200	592	200	1.0
CG	loss	GO:0010468	regulation of gene expression	63	AT1G04950;AT1G05490;AT1G09060;AT1G16710;AT1G19510;AT1G28420;AT1G31640;AT1G34170;AT1G34310;AT1G34390;AT1G34410;AT1G35540;AT1G49190;AT1G55950;AT1G61040;AT1G62975;AT1G64810;AT1G67220;AT1G71930;AT1G73360;AT1G75390;AT1G77680;AT1G77980;AT1G78540;AT2G10440;AT2G16485;AT2G22840;AT2G25170;AT2G25420;AT2G39260;AT2G42430;AT3G03260;AT3G22760;AT3G43920;AT3G46610;AT3G48360;AT3G57040;AT3G57390;AT3G58110;AT3G59410;AT3G61050;AT4G00540;AT4G03110;AT4G04030;AT4G04920;AT4G08920;AT4G09960;AT4G10920;AT4G24770;AT4G25210;AT4G25400;AT4G25530;AT4G30080;AT4G34110;AT5G02810;AT5G04590;AT5G14580;AT5G20320;AT5G23150;AT5G23880;AT5G37020;AT5G39690;AT5G52040	208.83	11.736315435433388	0.301680792989513	1.0	200	592	200	1.0
CG	loss	GO:0010498	proteasomal protein catabolic process	6	AT1G09060;AT1G16900;AT1G74770;AT3G02540;AT3G09840;AT5G43710	8.15	2.6697378148424984	0.7361963190184049	0.8407960199004975	168	592	200	1.0
CG	loss	GO:0010556	regulation of macromolecule biosynthetic process	63	AT1G04950;AT1G05490;AT1G09060;AT1G16710;AT1G19510;AT1G28420;AT1G31640;AT1G34170;AT1G34310;AT1G34390;AT1G34410;AT1G35540;AT1G49190;AT1G55950;AT1G61040;AT1G62975;AT1G64810;AT1G67220;AT1G71930;AT1G73360;AT1G75390;AT1G77680;AT1G77980;AT1G78540;AT2G10440;AT2G16485;AT2G22840;AT2G25170;AT2G25420;AT2G39260;AT2G42430;AT3G03260;AT3G22760;AT3G43920;AT3G46610;AT3G48360;AT3G57040;AT3G57390;AT3G58110;AT3G59410;AT3G61050;AT4G00540;AT4G03110;AT4G04030;AT4G04920;AT4G08920;AT4G09960;AT4G10920;AT4G24770;AT4G25210;AT4G25400;AT4G25530;AT4G30080;AT4G34110;AT5G02810;AT5G04590;AT5G14580;AT5G20320;AT5G23150;AT5G23880;AT5G37020;AT5G39690;AT5G52040	213.915	11.96193023721506	0.2945095014374869	1.0	200	592	200	1.0
CG	loss	GO:0010557	positive regulation of macromolecule biosynthetic process	14	AT1G04950;AT1G09060;AT1G31640;AT1G61040;AT1G71930;AT1G77980;AT2G10440;AT2G42430;AT3G46610;AT3G57390;AT4G04920;AT4G09960;AT4G10920;AT4G34110	39.69	6.136277373131062	0.35273368606701944	1.0	200	592	200	1.0
CG	loss	GO:0010558	negative regulation of macromolecule biosynthetic process	19	AT1G05490;AT1G09060;AT1G28420;AT1G77680;AT2G16485;AT2G25170;AT2G39260;AT3G43920;AT3G58110;AT3G61050;AT4G03110;AT4G04030;AT4G25530;AT5G02810;AT5G04590;AT5G14580;AT5G20320;AT5G23880;AT5G52040	56.34	6.165581886569958	0.3372381966631168	1.0	200	592	200	1.0
CG	loss	GO:0010604	positive regulation of macromolecule metabolic process	16	AT1G04950;AT1G09060;AT1G31640;AT1G61040;AT1G71930;AT1G77680;AT1G77980;AT2G10440;AT2G42430;AT3G46610;AT3G57390;AT4G04920;AT4G09960;AT4G10920;AT4G32970;AT4G34110	47.25	6.672892925860578	0.3386243386243386	1.0	200	592	200	1.0
CG	loss	GO:0010605	negative regulation of macromolecule metabolic process	21	AT1G05490;AT1G09060;AT1G28420;AT1G77680;AT2G16485;AT2G25170;AT2G39260;AT3G43920;AT3G58110;AT3G61050;AT4G03110;AT4G04030;AT4G24770;AT4G25530;AT4G34110;AT5G02810;AT5G04590;AT5G14580;AT5G20320;AT5G23880;AT5G52040	60.72	6.3954358725578775	0.3458498023715415	1.0	200	592	200	1.0
CG	loss	GO:0010608	post-transcriptional regulation of gene expression	9	AT1G77680;AT3G43920;AT3G46610;AT3G58110;AT3G59410;AT4G24770;AT4G34110;AT5G20320;AT5G23880	15.795	3.5373683721094147	0.5698005698005698	0.9850746268656716	197	592	200	1.0
CG	loss	GO:0010628	positive regulation of gene expression	4	AT1G09060;AT1G71930;AT3G46610;AT4G34110	8.72	2.8463309716194267	0.4587155963302752	0.9751243781094527	195	592	200	1.0
CG	loss	GO:0010629	negative regulation of gene expression	13	AT1G05490;AT1G09060;AT1G77680;AT2G16485;AT2G39260;AT3G43920;AT3G58110;AT4G03110;AT4G25530;AT5G14580;AT5G20320;AT5G23880;AT5G52040	38.02	5.149718438905143	0.34192530247238295	1.0	200	592	200	1.0
CG	loss	GO:0010646	regulation of cell communication	8	AT1G27940;AT1G59870;AT2G05940;AT2G25170;AT3G26940;AT4G03110;AT4G04920;AT4G20940	35.935	5.769815854947187	0.22262418255182967	1.0	200	592	200	1.0
CG	loss	GO:0010647	positive regulation of cell communication	4	AT1G27940;AT3G26940;AT4G03110;AT4G20940	9.515	2.9932883255710587	0.42038885969521805	0.9900497512437811	198	592	200	1.0
CG	loss	GO:0010817	regulation of hormone levels	7	AT1G27940;AT1G28560;AT1G59870;AT4G08920;AT4G29740;AT5G38450;AT5G55250	28.48	4.876433122683009	0.24578651685393257	1.0	200	592	200	1.0
CG	loss	GO:0010927	cellular component assembly involved in morphogenesis	3	AT4G01810;AT4G04920;AT4G21060	6.42	2.3267144216684614	0.4672897196261682	0.9751243781094527	195	592	200	1.0
CG	loss	GO:0010959	regulation of metal ion transport	3	AT1G15020;AT1G74770;AT4G04340	2.09	1.3608453255238087	1.4354066985645935	0.35323383084577115	70	592	200	1.0
CG	loss	GO:0012501	programmed cell death	3	AT1G59870;AT4G03110;AT4G08920	10.8	3.192177939902471	0.27777777777777773	0.9950248756218906	199	592	200	1.0
CG	loss	GO:0015031	protein transport	8	AT1G52360;AT1G62020;AT2G19710;AT2G25350;AT4G01810;AT4G02510;AT4G31480;AT5G24350	38.815	5.3870933721256575	0.20610588689939457	1.0	200	592	200	1.0
CG	loss	GO:0015698	inorganic anion transport	7	AT1G30450;AT1G32450;AT2G01830;AT4G24715;AT5G13550;AT5G24030;AT5G62290	10.68	3.0606535249844944	0.6554307116104869	0.9104477611940298	182	592	200	1.0
CG	loss	GO:0015748	organophosphate ester transport	3	AT2G13650;AT5G19980;AT5G24740	10.905	2.982612110214804	0.27510316368638243	1.0	200	592	200	1.0
CG	loss	GO:0015849	organic acid transport	3	AT2G48130;AT3G55740;AT5G49630	9.38	2.775896251663594	0.3198294243070362	1.0	200	592	200	1.0
CG	loss	GO:0015931	nucleobase-containing compound transport	3	AT1G72560;AT2G13650;AT5G19980	11.485	3.255729564936256	0.261210274270788	1.0	200	592	200	1.0
CG	loss	GO:0015977	carbon fixation	3	AT1G53310;AT2G42600;AT3G60750	2.3	1.407124727947029	1.3043478260869565	0.43781094527363185	87	592	200	1.0
CG	loss	GO:0015979	photosynthesis	4	AT1G64810;AT3G46610;AT3G60750;AT4G21280	12.805	3.4200840632943525	0.31237797735259665	1.0	200	592	200	1.0
CG	loss	GO:0015980	energy derivation by oxidation of organic compounds	10	AT1G53240;AT1G53310;AT2G07718;AT2G36460;AT2G42600;AT3G15840;AT3G22960;AT4G26520;AT4G32840;AT5G61580	16.25	3.7346351896805117	0.6153846153846154	0.9552238805970149	191	592	200	1.0
CG	loss	GO:0016036	cellular response to phosphate starvation	4	AT1G20620;AT1G53310;AT2G01830;AT4G00550	8.505	2.586498598491789	0.47031158142269247	0.9900497512437811	198	592	200	1.0
CG	loss	GO:0016043	cellular component organization	63	AT1G05490;AT1G09060;AT1G11590;AT1G16710;AT1G17580;AT1G20830;AT1G23720;AT1G24490;AT1G27940;AT1G53310;AT1G53840;AT1G59870;AT1G62920;AT1G64740;AT1G64810;AT1G66345;AT1G68110;AT1G73360;AT1G77320;AT2G07681;AT2G16485;AT2G17900;AT2G25170;AT2G27380;AT2G36710;AT2G39140;AT3G07160;AT3G19040;AT3G27980;AT3G28550;AT3G43920;AT3G46000;AT3G46610;AT3G47450;AT3G54580;AT3G54590;AT3G55500;AT4G01370;AT4G01810;AT4G03930;AT4G04340;AT4G04920;AT4G13370;AT4G21060;AT4G21270;AT4G26455;AT4G32200;AT5G11420;AT5G12150;AT5G17410;AT5G20320;AT5G23120;AT5G23610;AT5G27640;AT5G27870;AT5G35200;AT5G37630;AT5G38150;AT5G39770;AT5G48360;AT5G51070;AT5G58180;AT5G62290	221.645	11.985365034073698	0.28423830900764735	1.0	200	592	200	1.0
CG	loss	GO:0016049	cell growth	12	AT1G04950;AT1G17580;AT1G63450;AT3G09840;AT3G23380;AT3G26870;AT3G55500;AT4G12420;AT4G14880;AT4G23640;AT5G16910;AT5G54790	42.3	5.672741841473159	0.28368794326241137	1.0	200	592	200	1.0
CG	loss	GO:0016051	carbohydrate biosynthetic process	14	AT1G05570;AT1G63450;AT1G77130;AT2G36460;AT2G37090;AT3G07160;AT3G14570;AT3G59100;AT3G60750;AT4G02130;AT4G24010;AT4G26520;AT4G33330;AT5G16910	35.68	5.232360843825665	0.3923766816143498	1.0	200	592	200	1.0
CG	loss	GO:0016052	carbohydrate catabolic process	16	AT1G11590;AT1G53840;AT1G58370;AT2G36460;AT2G36710;AT3G10370;AT3G10900;AT3G22960;AT3G27980;AT4G03930;AT4G13210;AT4G26520;AT4G32840;AT5G21100;AT5G27870;AT5G61580	21.04	4.724235387869666	0.7604562737642586	0.8805970149253731	176	592	200	1.0
CG	loss	GO:0016070	RNA metabolic process	34	AT1G04950;AT1G05490;AT1G10490;AT1G28560;AT1G62910;AT1G62930;AT1G64810;AT1G66345;AT1G74230;AT1G77680;AT2G22840;AT2G39140;AT2G39260;AT2G39620;AT3G11964;AT3G16680;AT3G16840;AT3G19040;AT3G19840;AT3G43920;AT4G03110;AT4G24770;AT4G39280;AT5G13230;AT5G14580;AT5G20320;AT5G23150;AT5G23880;AT5G38830;AT5G39920;AT5G45140;AT5G49030;AT5G52040;AT5G62290	119.56	9.000355548532525	0.28437604550016726	1.0	200	592	200	1.0
CG	loss	GO:0016071	mRNA metabolic process	13	AT1G62910;AT1G62930;AT1G74230;AT1G77680;AT2G39260;AT2G39620;AT4G03110;AT5G14580;AT5G23150;AT5G23880;AT5G39920;AT5G52040;AT5G62290	33.625	4.362840244611296	0.38661710037174724	1.0	200	592	200	1.0
CG	loss	GO:0016072	rRNA metabolic process	3	AT1G10490;AT2G39140;AT3G11964	13.005	3.0091485506701035	0.23068050749711647	1.0	200	592	200	1.0
CG	loss	GO:0016101	diterpenoid metabolic process	4	AT1G30040;AT1G44090;AT3G29110;AT3G29190	5.085	1.994436010505226	0.7866273352999017	0.7562189054726368	151	592	200	1.0
CG	loss	GO:0016102	diterpenoid biosynthetic process	4	AT1G30040;AT1G44090;AT3G29110;AT3G29190	4.43	1.7421538393609226	0.9029345372460498	0.6417910447761194	128	592	200	1.0
CG	loss	GO:0016114	terpenoid biosynthetic process	5	AT1G30040;AT1G44090;AT1G78500;AT3G29110;AT3G29190	11.515	2.963068510851546	0.4342162396873643	1.0	200	592	200	1.0
CG	loss	GO:0016192	vesicle-mediated transport	14	AT1G52360;AT1G62020;AT1G67930;AT1G68110;AT3G13710;AT4G01810;AT4G27040;AT4G29380;AT4G31480;AT5G12350;AT5G24350;AT5G35200;AT5G52270;AT5G58180	40.875	6.047261777035954	0.3425076452599388	1.0	200	592	200	1.0
CG	loss	GO:0016310	phosphorylation	10	AT2G01830;AT2G05940;AT3G05840;AT3G06580;AT3G17850;AT3G59410;AT4G01370;AT4G08920;AT4G20940;AT5G41990	19.525	4.215373648918929	0.5121638924455826	1.0	200	592	200	1.0
CG	loss	GO:0016311	dephosphorylation	3	AT2G01900;AT3G43220;AT4G03415	6.605	2.3619853936889603	0.4542013626040878	0.9701492537313433	194	592	200	1.0
CG	loss	GO:0016441	post-transcriptional gene silencing	3	AT3G43920;AT5G20320;AT5G23880	6.825	2.2747252581355837	0.43956043956043955	0.9850746268656716	197	592	200	1.0
CG	loss	GO:0016567	protein ubiquitination	16	AT1G04390;AT1G20780;AT1G23780;AT1G56610;AT1G74770;AT2G30110;AT2G38195;AT2G39090;AT3G29740;AT3G46510;AT3G48360;AT4G14365;AT4G31160;AT5G42340;AT5G53300;AT5G57035	52.655	6.597421844933031	0.3038647801728231	1.0	200	592	200	1.0
CG	loss	GO:0019219	regulation of nucleobase-containing compound metabolic process	49	AT1G04950;AT1G16710;AT1G19510;AT1G28420;AT1G31640;AT1G34170;AT1G34310;AT1G34390;AT1G34410;AT1G35540;AT1G49190;AT1G55950;AT1G61040;AT1G62975;AT1G67220;AT1G71930;AT1G73360;AT1G75390;AT1G77680;AT1G77980;AT1G78540;AT2G10440;AT2G22840;AT2G25170;AT2G25420;AT2G42430;AT3G03260;AT3G22760;AT3G48360;AT3G57040;AT3G57390;AT3G61050;AT4G00540;AT4G04030;AT4G04920;AT4G09960;AT4G10920;AT4G24770;AT4G25210;AT4G25400;AT4G25530;AT4G30080;AT4G32970;AT4G34110;AT5G02810;AT5G04590;AT5G23150;AT5G37020;AT5G39690	174.275	10.712580221403144	0.28116482570649837	1.0	200	592	200	1.0
CG	loss	GO:0019222	regulation of metabolic process	74	AT1G04950;AT1G05490;AT1G09060;AT1G16710;AT1G19510;AT1G20780;AT1G28420;AT1G31640;AT1G34170;AT1G34310;AT1G34390;AT1G34410;AT1G35540;AT1G49190;AT1G55950;AT1G61040;AT1G62975;AT1G64810;AT1G67140;AT1G67220;AT1G71930;AT1G73360;AT1G75390;AT1G77680;AT1G77980;AT1G78540;AT2G01900;AT2G05940;AT2G10440;AT2G16485;AT2G22840;AT2G25170;AT2G25420;AT2G33380;AT2G39260;AT2G42430;AT3G03260;AT3G09840;AT3G22760;AT3G23590;AT3G25800;AT3G43920;AT3G46610;AT3G47450;AT3G48360;AT3G57040;AT3G57390;AT3G58110;AT3G59410;AT3G61050;AT4G00540;AT4G01370;AT4G03110;AT4G04030;AT4G04920;AT4G08920;AT4G09960;AT4G10920;AT4G24770;AT4G25210;AT4G25400;AT4G25530;AT4G30080;AT4G32970;AT4G34110;AT5G02810;AT5G04590;AT5G14580;AT5G20320;AT5G23150;AT5G23880;AT5G37020;AT5G39690;AT5G52040	254.13	12.787224092820292	0.2911895486561996	1.0	200	592	200	1.0
CG	loss	GO:0019318	hexose metabolic process	4	AT2G36460;AT3G06580;AT4G26520;AT5G35790	7.82	2.491505568928152	0.5115089514066496	0.9751243781094527	195	592	200	1.0
CG	loss	GO:0019364	pyridine nucleotide catabolic process	5	AT2G36460;AT3G22960;AT4G26520;AT4G32840;AT5G61580	5.6	2.2158519806160353	0.8928571428571429	0.6766169154228856	135	592	200	1.0
CG	loss	GO:0019538	protein metabolic process	76	AT1G04390;AT1G09060;AT1G13060;AT1G16710;AT1G16900;AT1G17110;AT1G20620;AT1G20780;AT1G23780;AT1G56610;AT1G63450;AT1G63770;AT1G65130;AT1G65350;AT1G74770;AT2G01830;AT2G04160;AT2G05940;AT2G07200;AT2G07715;AT2G27920;AT2G29080;AT2G30110;AT2G32120;AT2G38195;AT2G39090;AT2G39140;AT2G40130;AT3G02540;AT3G05840;AT3G09840;AT3G10950;AT3G17850;AT3G22110;AT3G26380;AT3G29740;AT3G42550;AT3G44890;AT3G46510;AT3G46610;AT3G48360;AT3G59410;AT4G01370;AT4G03415;AT4G04810;AT4G05490;AT4G07400;AT4G08920;AT4G14365;AT4G20940;AT4G21060;AT4G21630;AT4G29060;AT4G30350;AT4G31160;AT4G34110;AT4G39280;AT5G05460;AT5G20990;AT5G24350;AT5G27640;AT5G28550;AT5G36180;AT5G38830;AT5G41990;AT5G42340;AT5G43710;AT5G44530;AT5G45900;AT5G49030;AT5G51070;AT5G53300;AT5G57035;AT5G58870;AT5G64140;AT5G64760	201.275	11.619783775957115	0.37759284560924106	1.0	200	592	200	1.0
CG	loss	GO:0019637	organophosphate metabolic process	18	AT1G08200;AT1G15080;AT2G01900;AT2G02220;AT2G36460;AT3G06650;AT3G10370;AT3G22960;AT3G43220;AT4G08920;AT4G12440;AT4G26520;AT4G27030;AT4G30580;AT4G32840;AT5G20990;AT5G35790;AT5G61580	58.45	6.9114036201049585	0.30795551753635586	1.0	200	592	200	1.0
CG	loss	GO:0019693	ribose phosphate metabolic process	7	AT2G02220;AT2G36460;AT3G22960;AT4G12440;AT4G26520;AT4G32840;AT5G61580	13.54	3.386502620698828	0.5169867060561301	0.9900497512437811	198	592	200	1.0
CG	loss	GO:0019722	calcium-mediated signaling	4	AT1G64480;AT3G25170;AT4G13590;AT5G24270	6.48	2.3978323544401503	0.6172839506172839	0.8756218905472637	175	592	200	1.0
CG	loss	GO:0019725	cellular homeostasis	9	AT1G27595;AT1G74770;AT2G25170;AT4G08920;AT5G24030;AT5G24270;AT5G28030;AT5G35630;AT5G62290	22.94	4.7724626766481855	0.39232781168265035	1.0	200	592	200	1.0
CG	loss	GO:0019748	secondary metabolic process	11	AT1G59870;AT1G61810;AT1G67990;AT2G28470;AT2G30210;AT3G09270;AT4G30210;AT4G34230;AT5G04230;AT5G36180;AT5G64120	17.7	3.549647869859773	0.6214689265536724	0.9751243781094527	195	592	200	1.0
CG	loss	GO:0019752	carboxylic acid metabolic process	22	AT1G30040;AT1G44090;AT1G53240;AT1G76690;AT2G15090;AT2G33380;AT2G34770;AT2G36460;AT3G22960;AT3G25110;AT3G45140;AT4G14880;AT4G26520;AT4G27030;AT4G32840;AT4G33010;AT5G04230;AT5G21100;AT5G27410;AT5G28030;AT5G35630;AT5G61580	72.27	7.631978773555421	0.30441400304414007	1.0	200	592	200	1.0
CG	loss	GO:0019760	glucosinolate metabolic process	4	AT1G59870;AT1G74090;AT2G22840;AT5G48180	7.535	2.4471973765922512	0.53085600530856	0.9552238805970149	191	592	200	1.0
CG	loss	GO:0019941	modification-dependent protein catabolic process	12	AT1G09060;AT1G13060;AT1G65350;AT1G74770;AT2G30110;AT3G02540;AT3G09840;AT3G22110;AT4G05490;AT4G07400;AT5G53300;AT5G64760	24.145	4.367376214616737	0.4969973079312487	1.0	200	592	200	1.0
CG	loss	GO:0019953	sexual reproduction	10	AT1G77320;AT3G07160;AT4G01370;AT4G14880;AT4G21270;AT4G32200;AT5G23610;AT5G26290;AT5G39770;AT5G57790	25.73	4.4358877352791515	0.388651379712398	1.0	200	592	200	1.0
CG	loss	GO:0021700	developmental maturation	6	AT1G59870;AT1G63450;AT1G77980;AT3G22960;AT4G21060;AT5G16910	22.82	4.68162364997444	0.26292725679228746	1.0	200	592	200	1.0
CG	loss	GO:0022402	cell cycle process	14	AT1G28560;AT1G77320;AT2G41670;AT3G07160;AT4G01370;AT4G08630;AT4G21270;AT4G32200;AT5G12150;AT5G23610;AT5G26290;AT5G37630;AT5G39770;AT5G57790	42.34	5.476714343472719	0.33065658951346244	1.0	200	592	200	1.0
CG	loss	GO:0022414	reproductive process	46	AT1G04950;AT1G17110;AT1G17580;AT1G27940;AT1G28420;AT1G28560;AT1G54830;AT1G59870;AT1G66730;AT1G67990;AT1G72560;AT1G77320;AT2G02240;AT2G25420;AT2G41670;AT2G48130;AT3G07160;AT3G09840;AT3G22960;AT3G23380;AT3G26870;AT3G46330;AT4G01370;AT4G01810;AT4G09960;AT4G13610;AT4G14880;AT4G16295;AT4G21270;AT4G23640;AT4G24660;AT4G29380;AT4G30580;AT4G31160;AT4G32200;AT5G11410;AT5G20320;AT5G23150;AT5G23610;AT5G26290;AT5G37020;AT5G39770;AT5G41990;AT5G49030;AT5G53550;AT5G57790	170.06	11.70411893309351	0.2704927672586146	1.0	200	592	200	1.0
CG	loss	GO:0022603	regulation of anatomical structure morphogenesis	4	AT1G27940;AT1G77980;AT3G07160;AT4G08920	17.695	3.6717809030496404	0.22605255721955353	1.0	200	592	200	1.0
CG	loss	GO:0022604	regulation of cell morphogenesis	4	AT1G27940;AT1G77980;AT3G07160;AT4G08920	11.28	2.803854489805063	0.3546099290780142	1.0	200	592	200	1.0
CG	loss	GO:0022607	cellular component assembly	22	AT1G05490;AT1G09060;AT1G53310;AT1G62920;AT1G66345;AT1G68110;AT2G07681;AT2G16485;AT3G46610;AT4G01810;AT4G04340;AT4G04920;AT4G21060;AT4G21270;AT4G32200;AT5G12150;AT5G17410;AT5G23120;AT5G27640;AT5G35200;AT5G51070;AT5G62290	64.115	7.604720573433356	0.34313343211416986	1.0	200	592	200	1.0
CG	loss	GO:0022613	ribonucleoprotein complex biogenesis	5	AT1G10490;AT2G39140;AT3G11964;AT5G27640;AT5G62290	17.975	3.7688691938033574	0.27816411682892905	1.0	200	592	200	1.0
CG	loss	GO:0022622	root system development	14	AT1G17110;AT1G28560;AT1G59870;AT1G63450;AT2G01830;AT2G04160;AT2G22840;AT2G25170;AT2G42430;AT4G04920;AT4G21060;AT4G30080;AT5G16910;AT5G24740	62.92	7.1388794638934465	0.2225047679593134	1.0	200	592	200	1.0
CG	loss	GO:0022900	electron transport chain	3	AT2G07695;AT2G07718;AT3G15840	5.545	2.244543383407858	0.5410279531109108	0.9353233830845771	187	592	200	1.0
CG	loss	GO:0023051	regulation of signaling	8	AT1G27940;AT1G59870;AT2G05940;AT2G25170;AT3G26940;AT4G03110;AT4G04920;AT4G20940	36.035	5.796876314016047	0.22200638268350217	1.0	200	592	200	1.0
CG	loss	GO:0023052	signaling	39	AT1G03930;AT1G21230;AT1G49190;AT1G54830;AT1G59870;AT1G64480;AT1G78540;AT2G01830;AT2G01950;AT2G05117;AT2G23460;AT2G25170;AT2G36460;AT2G39260;AT3G23110;AT3G25170;AT3G28970;AT3G46510;AT3G48360;AT3G57040;AT4G01370;AT4G02510;AT4G04920;AT4G08920;AT4G13590;AT4G14940;AT4G15735;AT4G16860;AT4G16890;AT4G19510;AT4G19520;AT4G20940;AT5G01770;AT5G02810;AT5G12150;AT5G20990;AT5G24270;AT5G42340;AT5G45240	114.6	9.94685880064668	0.3403141361256545	1.0	200	592	200	1.0
CG	loss	GO:0023056	positive regulation of signaling	4	AT1G27940;AT3G26940;AT4G03110;AT4G20940	9.615	3.0342667977618567	0.4160166406656266	0.9900497512437811	198	592	200	1.0
CG	loss	GO:0030001	metal ion transport	7	AT1G32450;AT1G59870;AT1G74770;AT2G07681;AT4G13590;AT4G23640;AT5G37500	28.385	5.407104123280775	0.2466091245376079	1.0	200	592	200	1.0
CG	loss	GO:0030003	intracellular monoatomic cation homeostasis	3	AT1G74770;AT4G08920;AT5G24270	12.63	3.56273771136748	0.2375296912114014	1.0	200	592	200	1.0
CG	loss	GO:0030029	actin filament-based process	3	AT1G17580;AT3G46000;AT5G48360	15.735	3.360770001056308	0.19065776930409914	1.0	200	592	200	1.0
CG	loss	GO:0030036	actin cytoskeleton organization	3	AT1G17580;AT3G46000;AT5G48360	13.18	2.984560269118384	0.2276176024279211	1.0	200	592	200	1.0
CG	loss	GO:0030154	cell differentiation	16	AT1G04950;AT1G17580;AT1G27940;AT1G59870;AT1G63450;AT1G71866;AT1G71930;AT1G73360;AT3G09840;AT3G23380;AT3G26870;AT4G04920;AT4G14880;AT4G21060;AT4G38440;AT5G16910	60.605	7.451105622657647	0.2640046200808514	1.0	200	592	200	1.0
CG	loss	GO:0030163	protein catabolic process	14	AT1G09060;AT1G13060;AT1G16900;AT1G65350;AT1G74770;AT2G30110;AT3G02540;AT3G09840;AT3G22110;AT4G05490;AT4G07400;AT5G43710;AT5G53300;AT5G64760	29.58	4.792035058302491	0.4732927653820149	1.0	200	592	200	1.0
CG	loss	GO:0030258	lipid modification	3	AT2G01900;AT3G43220;AT3G45140	8.955	2.4130841261754634	0.3350083752093802	1.0	200	592	200	1.0
CG	loss	GO:0031047	regulatory ncRNA-mediated gene silencing	7	AT1G05490;AT2G16485;AT3G43920;AT4G25530;AT5G20320;AT5G23880;AT5G52040	18.135	3.6258481766339767	0.38599393438103113	1.0	200	592	200	1.0
CG	loss	GO:0031347	regulation of defense response	7	AT1G59870;AT2G02220;AT2G05940;AT3G09840;AT4G04920;AT4G08920;AT5G21100	29.99	5.161385472913258	0.2334111370456819	1.0	200	592	200	1.0
CG	loss	GO:0031348	negative regulation of defense response	3	AT1G59870;AT3G09840;AT5G21100	7.955	2.478502572118898	0.3771213073538655	0.9850746268656716	197	592	200	1.0
CG	loss	GO:0031349	positive regulation of defense response	3	AT1G59870;AT4G04920;AT4G08920	13.865	3.574461497904263	0.21637216011539848	1.0	200	592	200	1.0
CG	loss	GO:0031407	oxylipin metabolic process	3	AT1G76690;AT2G33380;AT3G45140	2.385	1.3735992865461168	1.257861635220126	0.4577114427860697	91	592	200	1.0
CG	loss	GO:0031507	heterochromatin formation	3	AT1G05490;AT1G09060;AT2G16485	11.28	2.9447580545776613	0.26595744680851063	1.0	200	592	200	1.0
CG	loss	GO:0031667	response to nutrient levels	7	AT1G20620;AT1G53310;AT2G01830;AT3G06850;AT3G59410;AT4G00550;AT5G35630	24.515	4.506636772583291	0.28553946563328575	1.0	200	592	200	1.0
CG	loss	GO:0031669	cellular response to nutrient levels	6	AT1G20620;AT1G53310;AT2G01830;AT3G06850;AT3G59410;AT4G00550	16.675	3.782773453433339	0.35982008995502246	1.0	200	592	200	1.0
CG	loss	GO:0032101	regulation of response to external stimulus	5	AT1G59870;AT2G05940;AT4G04920;AT4G08920;AT5G21100	22.71	4.497321425026237	0.22016732716864817	1.0	200	592	200	1.0
CG	loss	GO:0032103	positive regulation of response to external stimulus	3	AT1G59870;AT4G04920;AT4G08920	12.56	3.317589486359032	0.23885350318471338	1.0	200	592	200	1.0
CG	loss	GO:0032446	protein modification by small protein conjugation	16	AT1G04390;AT1G20780;AT1G23780;AT1G56610;AT1G74770;AT2G30110;AT2G38195;AT2G39090;AT3G29740;AT3G46510;AT3G48360;AT4G14365;AT4G31160;AT5G42340;AT5G53300;AT5G57035	55.515	6.649795109625561	0.28821039358731876	1.0	200	592	200	1.0
CG	loss	GO:0032501	multicellular organismal process	79	AT1G04950;AT1G17110;AT1G17580;AT1G20780;AT1G27940;AT1G28420;AT1G28560;AT1G32450;AT1G53310;AT1G54115;AT1G54830;AT1G59870;AT1G63450;AT1G66730;AT1G67990;AT1G71866;AT1G72560;AT1G73220;AT1G75390;AT1G77980;AT2G01830;AT2G01950;AT2G02240;AT2G04160;AT2G22840;AT2G25170;AT2G25420;AT2G27380;AT2G38195;AT2G41670;AT2G42430;AT2G42600;AT2G48130;AT3G07160;AT3G09840;AT3G11964;AT3G15354;AT3G22760;AT3G22960;AT3G23380;AT3G26870;AT3G46330;AT3G47450;AT3G48360;AT3G57390;AT4G01370;AT4G01810;AT4G04920;AT4G08920;AT4G09960;AT4G11110;AT4G13610;AT4G14880;AT4G16295;AT4G21060;AT4G23640;AT4G24660;AT4G29380;AT4G30080;AT4G30580;AT4G31160;AT5G01770;AT5G11410;AT5G11420;AT5G12350;AT5G16910;AT5G17410;AT5G20320;AT5G23150;AT5G24740;AT5G26290;AT5G37020;AT5G41990;AT5G45140;AT5G45900;AT5G49030;AT5G53550;AT5G55250;AT5G57790	284.175	13.67312601419246	0.2779977126770476	1.0	200	592	200	1.0
CG	loss	GO:0032502	developmental process	85	AT1G04950;AT1G17110;AT1G17580;AT1G20780;AT1G27940;AT1G28420;AT1G28560;AT1G32450;AT1G53310;AT1G54115;AT1G54830;AT1G59870;AT1G63450;AT1G66730;AT1G67990;AT1G71866;AT1G71930;AT1G72560;AT1G73220;AT1G73360;AT1G75390;AT1G77980;AT2G01830;AT2G01950;AT2G02240;AT2G04160;AT2G22840;AT2G25170;AT2G25420;AT2G27380;AT2G38195;AT2G41670;AT2G42430;AT2G42600;AT2G48130;AT3G05840;AT3G07160;AT3G09840;AT3G11964;AT3G15354;AT3G22760;AT3G22960;AT3G23380;AT3G26870;AT3G46330;AT3G47450;AT3G48360;AT3G55500;AT3G57390;AT4G01370;AT4G01810;AT4G04920;AT4G08920;AT4G09960;AT4G11110;AT4G12420;AT4G13610;AT4G14880;AT4G14940;AT4G21060;AT4G23640;AT4G24660;AT4G29380;AT4G30080;AT4G30580;AT4G31160;AT4G38440;AT5G01770;AT5G11420;AT5G12350;AT5G16910;AT5G17410;AT5G20320;AT5G23150;AT5G24740;AT5G26290;AT5G37020;AT5G41990;AT5G45140;AT5G45900;AT5G49030;AT5G53550;AT5G54790;AT5G55250;AT5G57790	304.755	13.639830460823077	0.27891256911289397	1.0	200	592	200	1.0
CG	loss	GO:0032535	regulation of cellular component size	3	AT1G27940;AT2G25170;AT5G62290	6.19	2.205425129085092	0.4846526655896607	0.9751243781094527	195	592	200	1.0
CG	loss	GO:0032774	RNA biosynthetic process	25	AT1G04950;AT1G05490;AT1G10490;AT1G28560;AT1G62910;AT1G62930;AT1G64810;AT1G66345;AT2G22840;AT2G39140;AT3G11964;AT3G16680;AT3G16840;AT3G19040;AT3G19840;AT3G43920;AT4G24770;AT5G14580;AT5G20320;AT5G23150;AT5G23880;AT5G39920;AT5G45140;AT5G52040;AT5G62290	83.75	7.757415806826381	0.29850746268656714	1.0	200	592	200	1.0
CG	loss	GO:0032787	monocarboxylic acid metabolic process	13	AT1G76690;AT2G15090;AT2G33380;AT2G34770;AT2G36460;AT3G22960;AT3G25110;AT3G45140;AT4G26520;AT4G27030;AT4G32840;AT5G04230;AT5G61580	38.125	5.474429193989077	0.34098360655737703	1.0	200	592	200	1.0
CG	loss	GO:0032870	cellular response to hormone stimulus	17	AT1G28560;AT1G49190;AT1G54830;AT1G59870;AT1G71930;AT2G01830;AT2G01950;AT2G25170;AT2G39260;AT3G28970;AT3G48360;AT3G57040;AT4G01370;AT4G04920;AT4G14940;AT5G02810;AT5G20990	50.79	7.133435357525869	0.33471155739318764	1.0	200	592	200	1.0
CG	loss	GO:0032879	regulation of localization	6	AT1G15020;AT1G59870;AT1G74770;AT2G01900;AT4G04340;AT4G08920	14.7	3.7828560638755517	0.40816326530612246	0.9950248756218906	199	592	200	1.0
CG	loss	GO:0032989	cellular anatomical entity morphogenesis	3	AT4G01810;AT4G04920;AT4G21060	6.42	2.3267144216684614	0.4672897196261682	0.9751243781094527	195	592	200	1.0
CG	loss	GO:0033036	macromolecule localization	15	AT1G24490;AT1G52360;AT1G59870;AT1G62020;AT1G72560;AT2G19710;AT2G25350;AT2G48130;AT3G07160;AT4G01810;AT4G02510;AT4G31480;AT5G17410;AT5G24350;AT5G24740	68.575	7.429964670171679	0.21873860736419978	1.0	200	592	200	1.0
CG	loss	GO:0033554	cellular response to stress	30	AT1G03190;AT1G16900;AT1G20620;AT1G30040;AT1G53310;AT1G53840;AT1G59870;AT1G65990;AT1G66730;AT1G77320;AT2G01830;AT2G01900;AT2G36460;AT3G02540;AT3G06850;AT3G09840;AT3G15840;AT3G23100;AT3G59410;AT4G00550;AT4G03110;AT4G04340;AT4G08920;AT4G19020;AT4G19520;AT4G35970;AT5G24270;AT5G39770;AT5G43710;AT5G57160	96.335	8.652327721486364	0.31141329734779677	1.0	200	592	200	1.0
CG	loss	GO:0033993	response to lipid	21	AT1G27940;AT1G54830;AT1G55870;AT1G71930;AT2G01950;AT2G22840;AT2G25170;AT2G33380;AT2G39260;AT2G40130;AT3G45140;AT3G48360;AT4G00970;AT4G01370;AT4G04920;AT4G08920;AT4G14940;AT4G20940;AT4G21410;AT4G30350;AT5G37500	83.16	9.232247830295734	0.25252525252525254	1.0	200	592	200	1.0
CG	loss	GO:0034220	monoatomic ion transmembrane transport	12	AT1G30450;AT1G32450;AT1G59870;AT1G74770;AT2G07695;AT2G28170;AT4G04340;AT4G13590;AT4G23640;AT5G24030;AT5G37500;AT5G41610	45.425	6.285250591662991	0.26417171161254815	1.0	200	592	200	1.0
CG	loss	GO:0034293	sexual sporulation	3	AT3G07160;AT5G26290;AT5G57790	6.15	2.0994046775216995	0.4878048780487805	0.9751243781094527	195	592	200	1.0
CG	loss	GO:0034599	cellular response to oxidative stress	4	AT1G65990;AT3G09840;AT4G08920;AT4G35970	6.54	2.412135982899804	0.6116207951070336	0.9054726368159204	181	592	200	1.0
CG	loss	GO:0034654	nucleobase-containing compound biosynthetic process	31	AT1G04950;AT1G05490;AT1G08200;AT1G10490;AT1G28560;AT1G62910;AT1G62930;AT1G64810;AT1G66345;AT1G66730;AT2G02220;AT2G22840;AT2G39140;AT3G06650;AT3G11964;AT3G16680;AT3G16840;AT3G19040;AT3G19840;AT3G43920;AT4G12440;AT4G24770;AT5G14580;AT5G20320;AT5G23150;AT5G23880;AT5G39920;AT5G45140;AT5G52040;AT5G57160;AT5G62290	107.67	8.829558312848976	0.2879167827621436	1.0	200	592	200	1.0
CG	loss	GO:0034655	nucleobase-containing compound catabolic process	10	AT1G77680;AT2G36460;AT2G39260;AT3G22960;AT4G03110;AT4G26520;AT4G32840;AT5G14580;AT5G39770;AT5G61580	16.6	3.8418745424597005	0.6024096385542168	0.9751243781094527	195	592	200	1.0
CG	loss	GO:0035194	regulatory ncRNA-mediated post-transcriptional gene silencing	3	AT3G43920;AT5G20320;AT5G23880	5.315	1.904146790560013	0.5644402634054562	0.9353233830845771	187	592	200	1.0
CG	loss	GO:0035556	intracellular signal transduction	12	AT1G49190;AT1G64480;AT2G01830;AT2G36460;AT3G25170;AT3G57040;AT4G01370;AT4G08920;AT4G13590;AT5G01770;AT5G02810;AT5G24270	37.205	5.726515083364427	0.32253729337454645	1.0	200	592	200	1.0
CG	loss	GO:0035670	plant-type ovary development	3	AT2G41670;AT4G09960;AT5G49030	7.435	2.4567814310597518	0.4034969737726967	0.9950248756218906	199	592	200	1.0
CG	loss	GO:0036211	protein modification process	33	AT1G04390;AT1G16710;AT1G17110;AT1G20620;AT1G20780;AT1G23780;AT1G56610;AT1G65130;AT1G74770;AT2G01830;AT2G05940;AT2G30110;AT2G38195;AT2G39090;AT3G05840;AT3G17850;AT3G29740;AT3G46510;AT3G48360;AT3G59410;AT4G01370;AT4G03415;AT4G08920;AT4G14365;AT4G20940;AT4G31160;AT5G05460;AT5G41990;AT5G42340;AT5G43710;AT5G45900;AT5G53300;AT5G57035	93.385	9.049131173764641	0.3533758098195641	1.0	200	592	200	1.0
CG	loss	GO:0036293	response to decreased oxygen levels	6	AT1G30040;AT1G53840;AT2G36460;AT2G43430;AT4G19520;AT4G26520	17.485	3.613831069654482	0.3431512725193023	1.0	200	592	200	1.0
CG	loss	GO:0036294	cellular response to decreased oxygen levels	4	AT1G30040;AT1G53840;AT2G36460;AT4G19520	13.505	3.2572956574434553	0.29618659755646054	1.0	200	592	200	1.0
CG	loss	GO:0040007	growth	13	AT1G04950;AT1G17580;AT1G63450;AT3G07160;AT3G09840;AT3G23380;AT3G26870;AT3G55500;AT4G12420;AT4G14880;AT4G23640;AT5G16910;AT5G54790	50.56	6.330592389342365	0.25712025316455694	1.0	200	592	200	1.0
CG	loss	GO:0040008	regulation of growth	5	AT1G27940;AT1G77980;AT3G07160;AT4G08920;AT5G24740	28.125	4.832119100353386	0.17777777777777778	1.0	200	592	200	1.0
CG	loss	GO:0040029	epigenetic regulation of gene expression	5	AT1G05490;AT1G09060;AT2G16485;AT3G43920;AT5G20320	28.865	4.561444398433475	0.17322016282695307	1.0	200	592	200	1.0
CG	loss	GO:0042180	ketone metabolic process	3	AT2G30920;AT2G43430;AT3G24200	4.45	1.9332614929181198	0.6741573033707865	0.8656716417910447	173	592	200	1.0
CG	loss	GO:0042221	response to chemical	80	AT1G16900;AT1G20620;AT1G27595;AT1G27940;AT1G28560;AT1G30040;AT1G30870;AT1G32450;AT1G34170;AT1G34310;AT1G34390;AT1G34410;AT1G35540;AT1G49190;AT1G53840;AT1G54830;AT1G55870;AT1G59870;AT1G65990;AT1G66730;AT1G71870;AT1G71930;AT2G01830;AT2G01900;AT2G01950;AT2G04160;AT2G05940;AT2G22840;AT2G25170;AT2G33380;AT2G36460;AT2G39260;AT2G40130;AT2G43430;AT3G03620;AT3G06850;AT3G09270;AT3G09840;AT3G28970;AT3G45140;AT3G47450;AT3G48360;AT3G57040;AT3G59410;AT3G61050;AT4G00970;AT4G01370;AT4G04340;AT4G04920;AT4G08920;AT4G11600;AT4G14880;AT4G14940;AT4G16890;AT4G19520;AT4G20940;AT4G21410;AT4G24715;AT4G30080;AT4G30350;AT4G33010;AT4G35970;AT4G36020;AT5G02810;AT5G06730;AT5G20990;AT5G21100;AT5G24030;AT5G24270;AT5G24655;AT5G28030;AT5G35630;AT5G37020;AT5G37500;AT5G39020;AT5G43710;AT5G45900;AT5G51890;AT5G54610;AT5G64120	246.29	14.459802903221243	0.32482033375289293	1.0	200	592	200	1.0
CG	loss	GO:0042254	ribosome biogenesis	3	AT1G10490;AT2G39140;AT3G11964	15.35	3.4478254016118606	0.19543973941368079	1.0	200	592	200	1.0
CG	loss	GO:0042440	pigment metabolic process	4	AT1G03475;AT3G58110;AT4G08920;AT4G27570	11.79	3.1946674318307395	0.3392705682782019	1.0	200	592	200	1.0
CG	loss	GO:0042445	hormone metabolic process	3	AT4G29740;AT5G38450;AT5G55250	8.93	2.7667851380257202	0.335946248600224	1.0	200	592	200	1.0
CG	loss	GO:0042545	cell wall modification	11	AT1G11590;AT1G53840;AT1G59870;AT1G73360;AT2G27380;AT2G36710;AT3G07160;AT3G27980;AT3G55500;AT4G03930;AT5G27870	16.425	3.9031237489989916	0.669710806697108	0.9353233830845771	187	592	200	1.0
CG	loss	GO:0042546	cell wall biogenesis	8	AT1G14110;AT1G63450;AT1G77130;AT2G37090;AT4G20170;AT4G28850;AT4G33330;AT5G12150	20.535	4.049540097344389	0.38957876795714635	1.0	200	592	200	1.0
CG	loss	GO:0042592	homeostatic process	13	AT1G27595;AT1G32450;AT1G59870;AT1G74770;AT2G01830;AT2G25170;AT4G08920;AT5G24030;AT5G24270;AT5G28030;AT5G35630;AT5G41610;AT5G62290	36.32	6.014781791553205	0.3579295154185022	1.0	200	592	200	1.0
CG	loss	GO:0042594	response to starvation	6	AT1G20620;AT1G53310;AT2G01830;AT3G06850;AT3G59410;AT4G00550	19.82	4.187791780879274	0.30272452068617556	1.0	200	592	200	1.0
CG	loss	GO:0042742	defense response to bacterium	9	AT1G52940;AT1G59870;AT2G01830;AT2G05940;AT2G39260;AT3G46510;AT4G16890;AT5G42340;AT5G53120	38.295	5.755690662292396	0.23501762632197415	1.0	200	592	200	1.0
CG	loss	GO:0042743	hydrogen peroxide metabolic process	5	AT1G20620;AT1G30870;AT5G06730;AT5G51890;AT5G64120	7.08	2.5007198963498487	0.7062146892655368	0.835820895522388	167	592	200	1.0
CG	loss	GO:0042744	hydrogen peroxide catabolic process	5	AT1G20620;AT1G30870;AT5G06730;AT5G51890;AT5G64120	6.02	2.282454818829939	0.8305647840531563	0.7562189054726368	151	592	200	1.0
CG	loss	GO:0042759	long-chain fatty acid biosynthetic process	3	AT1G76690;AT2G33380;AT3G45140	3.025	1.5409007106234978	0.9917355371900827	0.6169154228855721	123	592	200	1.0
CG	loss	GO:0042908	xenobiotic transport	4	AT1G30420;AT1G71870;AT2G34660;AT3G03620	9.545	2.6015332017869786	0.41906757464641176	0.9900497512437811	198	592	200	1.0
CG	loss	GO:0043038	amino acid activation	3	AT4G39280;AT5G38830;AT5G49030	7.43	2.3989789494699627	0.4037685060565276	0.9800995024875622	196	592	200	1.0
CG	loss	GO:0043039	tRNA aminoacylation	3	AT4G39280;AT5G38830;AT5G49030	7.43	2.3989789494699627	0.4037685060565276	0.9800995024875622	196	592	200	1.0
CG	loss	GO:0043161	proteasome-mediated ubiquitin-dependent protein catabolic process	3	AT1G09060;AT1G74770;AT3G02540	5.16	2.1574058496258877	0.5813953488372093	0.8955223880597015	179	592	200	1.0
CG	loss	GO:0043170	macromolecule metabolic process	136	AT1G03190;AT1G04390;AT1G04950;AT1G05490;AT1G05570;AT1G06670;AT1G09060;AT1G10490;AT1G11590;AT1G13060;AT1G16710;AT1G16900;AT1G17110;AT1G20620;AT1G20780;AT1G23780;AT1G28560;AT1G53840;AT1G56610;AT1G58370;AT1G62910;AT1G62930;AT1G63450;AT1G63770;AT1G64810;AT1G65130;AT1G65350;AT1G66345;AT1G66730;AT1G67140;AT1G71930;AT1G74230;AT1G74770;AT1G77130;AT1G77680;AT2G01830;AT2G04160;AT2G05940;AT2G07200;AT2G07715;AT2G22840;AT2G27920;AT2G29080;AT2G30110;AT2G32120;AT2G36710;AT2G37090;AT2G38195;AT2G39090;AT2G39140;AT2G39260;AT2G39620;AT2G40130;AT3G02540;AT3G05840;AT3G07160;AT3G09840;AT3G10900;AT3G10950;AT3G11964;AT3G14570;AT3G16680;AT3G16840;AT3G17850;AT3G19040;AT3G19840;AT3G22110;AT3G23100;AT3G26380;AT3G27980;AT3G29740;AT3G42550;AT3G43920;AT3G44890;AT3G46510;AT3G46610;AT3G48360;AT3G59100;AT3G59410;AT4G01370;AT4G02130;AT4G03110;AT4G03415;AT4G03930;AT4G04810;AT4G05490;AT4G07400;AT4G08920;AT4G13210;AT4G14365;AT4G20940;AT4G21060;AT4G21630;AT4G24010;AT4G24770;AT4G28850;AT4G29060;AT4G30350;AT4G31160;AT4G33330;AT4G34110;AT4G39280;AT5G05460;AT5G13230;AT5G14580;AT5G16910;AT5G20320;AT5G20990;AT5G23150;AT5G23610;AT5G23880;AT5G24350;AT5G27640;AT5G27870;AT5G28550;AT5G36180;AT5G38830;AT5G39770;AT5G39920;AT5G41990;AT5G42340;AT5G43710;AT5G44530;AT5G45140;AT5G45900;AT5G49010;AT5G49030;AT5G51070;AT5G52040;AT5G53300;AT5G57035;AT5G57160;AT5G58870;AT5G62290;AT5G64140;AT5G64760	399.93	14.909899396038787	0.3400595104143225	1.0	200	592	200	1.0
CG	loss	GO:0043207	response to external biotic stimulus	35	AT1G21835;AT1G52940;AT1G58390;AT1G59870;AT1G66730;AT1G68110;AT1G71930;AT2G01830;AT2G02220;AT2G05940;AT2G22840;AT2G30110;AT2G33380;AT2G39260;AT3G43920;AT3G45140;AT3G46510;AT4G01370;AT4G03110;AT4G14276;AT4G16860;AT4G16890;AT4G22470;AT4G24770;AT5G08055;AT5G08315;AT5G20320;AT5G21100;AT5G42340;AT5G45900;AT5G52605;AT5G53120;AT5G53550;AT5G54610;AT5G64120	113.105	9.731082930486119	0.3094469740506609	1.0	200	592	200	1.0
CG	loss	GO:0043269	regulation of monoatomic ion transport	4	AT1G15020;AT1G74770;AT4G04340;AT4G08920	3.14	1.7001176429882727	1.2738853503184713	0.40298507462686567	80	592	200	1.0
CG	loss	GO:0043412	macromolecule modification	39	AT1G04390;AT1G10490;AT1G16710;AT1G17110;AT1G20620;AT1G20780;AT1G23780;AT1G56610;AT1G65130;AT1G74230;AT1G74770;AT2G01830;AT2G05940;AT2G30110;AT2G38195;AT2G39090;AT2G39140;AT2G39620;AT3G05840;AT3G17850;AT3G29740;AT3G46510;AT3G48360;AT3G59410;AT4G01370;AT4G03415;AT4G08920;AT4G14365;AT4G20940;AT4G24770;AT4G31160;AT5G05460;AT5G13230;AT5G41990;AT5G42340;AT5G43710;AT5G45900;AT5G53300;AT5G57035	123.55	10.281415272227868	0.31566167543504653	1.0	200	592	200	1.0
CG	loss	GO:0043436	oxoacid metabolic process	26	AT1G30040;AT1G44090;AT1G53240;AT1G59870;AT1G74090;AT1G76690;AT2G15090;AT2G22840;AT2G33380;AT2G34770;AT2G36460;AT3G22960;AT3G25110;AT3G45140;AT4G14880;AT4G26520;AT4G27030;AT4G32840;AT4G33010;AT5G04230;AT5G21100;AT5G27410;AT5G28030;AT5G35630;AT5G48180;AT5G61580	80.0	8.129575634681071	0.325	1.0	200	592	200	1.0
CG	loss	GO:0043487	regulation of RNA stability	3	AT1G77680;AT4G24770;AT4G34110	5.855	2.343922993615616	0.5123825789923142	0.945273631840796	189	592	200	1.0
CG	loss	GO:0043632	modification-dependent macromolecule catabolic process	13	AT1G09060;AT1G13060;AT1G65350;AT1G74770;AT1G77680;AT2G30110;AT3G02540;AT3G09840;AT3G22110;AT4G05490;AT4G07400;AT5G53300;AT5G64760	24.535	4.49652921707398	0.5298553087426126	1.0	200	592	200	1.0
CG	loss	GO:0043687	post-translational protein modification	18	AT1G04390;AT1G17110;AT1G20780;AT1G23780;AT1G56610;AT1G65130;AT1G74770;AT2G30110;AT2G38195;AT2G39090;AT3G29740;AT3G46510;AT3G48360;AT4G14365;AT4G31160;AT5G42340;AT5G53300;AT5G57035	65.28	6.985814197357369	0.2757352941176471	1.0	200	592	200	1.0
CG	loss	GO:0043933	protein-containing complex organization	14	AT1G53310;AT1G62920;AT1G66345;AT1G68110;AT2G07681;AT3G46000;AT3G46610;AT4G04340;AT5G17410;AT5G23120;AT5G27640;AT5G35200;AT5G51070;AT5G62290	32.635	5.403866671190176	0.42898728359123645	1.0	200	592	200	1.0
CG	loss	GO:0043934	sporulation	3	AT3G07160;AT5G26290;AT5G57790	6.15	2.0994046775216995	0.4878048780487805	0.9751243781094527	195	592	200	1.0
CG	loss	GO:0044036	cell wall macromolecule metabolic process	5	AT1G77130;AT2G37090;AT3G26380;AT4G21060;AT4G33330	9.4	2.9154759474226477	0.5319148936170213	0.9701492537313433	194	592	200	1.0
CG	loss	GO:0044038	cell wall macromolecule biosynthetic process	3	AT1G77130;AT2G37090;AT4G33330	6.45	2.3382685902179845	0.46511627906976744	0.9751243781094527	195	592	200	1.0
CG	loss	GO:0044042	glucan metabolic process	8	AT1G05570;AT1G67140;AT3G07160;AT3G14570;AT3G59100;AT4G24010;AT4G28850;AT5G16910	24.0	4.5639894828976155	0.3333333333333333	1.0	200	592	200	1.0
CG	loss	GO:0044085	cellular component biogenesis	32	AT1G05490;AT1G09060;AT1G10490;AT1G14110;AT1G53310;AT1G62920;AT1G63450;AT1G66345;AT1G68110;AT1G77130;AT2G07681;AT2G16485;AT2G37090;AT2G39140;AT3G11964;AT3G46610;AT4G01810;AT4G04340;AT4G04920;AT4G20170;AT4G21060;AT4G21270;AT4G28850;AT4G32200;AT4G33330;AT5G12150;AT5G17410;AT5G23120;AT5G27640;AT5G35200;AT5G51070;AT5G62290	94.855	8.83651373563124	0.33735701860734807	1.0	200	592	200	1.0
CG	loss	GO:0044087	regulation of cellular component biogenesis	3	AT4G04920;AT4G08920;AT5G17410	8.295	2.7088696904797764	0.3616636528028933	0.9950248756218906	199	592	200	1.0
CG	loss	GO:0044238	primary metabolic process	194	AT1G03190;AT1G04390;AT1G04950;AT1G05490;AT1G05570;AT1G06670;AT1G08200;AT1G09060;AT1G10490;AT1G11590;AT1G13060;AT1G15080;AT1G16710;AT1G16900;AT1G17110;AT1G17150;AT1G20620;AT1G20780;AT1G23780;AT1G28560;AT1G30040;AT1G31740;AT1G44090;AT1G53240;AT1G53310;AT1G53840;AT1G56610;AT1G58370;AT1G59870;AT1G61810;AT1G62910;AT1G62930;AT1G63450;AT1G63770;AT1G64810;AT1G65130;AT1G65350;AT1G66345;AT1G66730;AT1G67140;AT1G71930;AT1G74230;AT1G74770;AT1G76690;AT1G77130;AT1G77680;AT1G78500;AT2G01830;AT2G01900;AT2G02220;AT2G04160;AT2G05940;AT2G07200;AT2G07715;AT2G15090;AT2G15470;AT2G22840;AT2G27920;AT2G28470;AT2G29080;AT2G30110;AT2G32120;AT2G32860;AT2G33380;AT2G34770;AT2G36460;AT2G36710;AT2G37090;AT2G38195;AT2G39090;AT2G39140;AT2G39260;AT2G39620;AT2G40130;AT2G42600;AT2G44470;AT2G44570;AT3G02540;AT3G05840;AT3G06580;AT3G06650;AT3G07160;AT3G09840;AT3G10370;AT3G10900;AT3G10950;AT3G11964;AT3G14570;AT3G16680;AT3G16840;AT3G17850;AT3G19040;AT3G19840;AT3G22110;AT3G22960;AT3G23100;AT3G25110;AT3G26380;AT3G27980;AT3G29110;AT3G29190;AT3G29740;AT3G42550;AT3G43220;AT3G43920;AT3G44890;AT3G45140;AT3G45940;AT3G46510;AT3G46610;AT3G48360;AT3G59100;AT3G59410;AT3G60140;AT3G60750;AT4G00550;AT4G01370;AT4G02130;AT4G03110;AT4G03415;AT4G03930;AT4G04810;AT4G05490;AT4G07400;AT4G08920;AT4G09740;AT4G10955;AT4G12440;AT4G13210;AT4G13760;AT4G14365;AT4G14880;AT4G18550;AT4G20940;AT4G21060;AT4G21630;AT4G23560;AT4G24010;AT4G24770;AT4G26520;AT4G27030;AT4G28850;AT4G29060;AT4G30350;AT4G30580;AT4G31160;AT4G32370;AT4G32840;AT4G33010;AT4G33330;AT4G34110;AT4G39280;AT5G04230;AT5G05460;AT5G13230;AT5G14580;AT5G16910;AT5G20320;AT5G20330;AT5G20990;AT5G21100;AT5G23150;AT5G23610;AT5G23880;AT5G24350;AT5G27640;AT5G27870;AT5G28030;AT5G28550;AT5G35630;AT5G35790;AT5G36180;AT5G38830;AT5G39770;AT5G39920;AT5G41990;AT5G42260;AT5G42340;AT5G43710;AT5G44530;AT5G45140;AT5G45900;AT5G49010;AT5G49030;AT5G51070;AT5G52040;AT5G53300;AT5G57035;AT5G57160;AT5G58870;AT5G61580;AT5G62290;AT5G64140;AT5G64760	563.25	16.31831792802116	0.3444296493564137	1.0	200	592	200	1.0
CG	loss	GO:0044272	sulfur compound biosynthetic process	4	AT1G74090;AT3G06650;AT4G14880;AT5G28030	14.07	3.3279272828594064	0.2842928216062544	1.0	200	592	200	1.0
CG	loss	GO:0044281	small molecule metabolic process	39	AT1G08200;AT1G30040;AT1G44090;AT1G53240;AT1G59870;AT1G74090;AT1G76690;AT2G02220;AT2G15090;AT2G19800;AT2G22840;AT2G30920;AT2G33380;AT2G34770;AT2G36460;AT2G43430;AT3G06580;AT3G06650;AT3G10370;AT3G22960;AT3G23410;AT3G24200;AT3G25110;AT3G45140;AT4G08920;AT4G12440;AT4G14880;AT4G26520;AT4G27030;AT4G32840;AT4G33010;AT5G04230;AT5G21100;AT5G27410;AT5G28030;AT5G35630;AT5G35790;AT5G48180;AT5G61580	121.68	9.99587915093009	0.3205128205128205	1.0	200	592	200	1.0
CG	loss	GO:0044282	small molecule catabolic process	7	AT1G30040;AT2G19800;AT2G43430;AT3G10370;AT4G33010;AT5G04230;AT5G21100	16.715	3.762150315976223	0.4187855219862399	0.9950248756218906	199	592	200	1.0
CG	loss	GO:0044283	small molecule biosynthetic process	16	AT1G30040;AT1G44090;AT1G76690;AT2G15090;AT2G30920;AT2G33380;AT2G36460;AT3G24200;AT3G25110;AT3G45140;AT4G14880;AT4G26520;AT4G27030;AT5G04230;AT5G27410;AT5G28030	52.09	6.304910784459979	0.3071606834325206	1.0	200	592	200	1.0
CG	loss	GO:0044419	biological process involved in interspecies interaction between organisms	35	AT1G21835;AT1G52940;AT1G58390;AT1G59870;AT1G66730;AT1G68110;AT1G71930;AT2G01830;AT2G02220;AT2G05940;AT2G22840;AT2G30110;AT2G33380;AT2G39260;AT3G43920;AT3G45140;AT3G46510;AT4G01370;AT4G03110;AT4G14276;AT4G16860;AT4G16890;AT4G22470;AT4G24770;AT5G08055;AT5G08315;AT5G20320;AT5G21100;AT5G42340;AT5G45900;AT5G52605;AT5G53120;AT5G53550;AT5G54610;AT5G64120	114.38	9.881072816248317	0.30599755201958384	1.0	200	592	200	1.0
CG	loss	GO:0044550	secondary metabolite biosynthetic process	5	AT1G61810;AT1G67990;AT2G28470;AT4G34230;AT5G04230	9.885	2.828740885977365	0.5058168942842691	0.9751243781094527	195	592	200	1.0
CG	loss	GO:0044706	multi-multicellular organism process	10	AT1G04950;AT3G07160;AT3G09840;AT3G23380;AT3G26870;AT4G01370;AT4G14880;AT4G16295;AT4G29380;AT5G11410	29.68	4.957580054825144	0.33692722371967654	1.0	200	592	200	1.0
CG	loss	GO:0045087	innate immune response	7	AT1G59870;AT2G02220;AT3G43920;AT4G03110;AT4G24770;AT5G20320;AT5G54610	18.035	3.9917132913073767	0.38813418353202106	1.0	200	592	200	1.0
CG	loss	GO:0045184	establishment of protein localization	8	AT1G52360;AT1G62020;AT2G19710;AT2G25350;AT4G01810;AT4G02510;AT4G31480;AT5G24350	42.7	5.599107071667759	0.18735362997658078	1.0	200	592	200	1.0
CG	loss	GO:0045229	external encapsulating structure organization	18	AT1G11590;AT1G23720;AT1G53840;AT1G59870;AT1G73360;AT2G27380;AT2G36710;AT3G07160;AT3G27980;AT3G28550;AT3G54580;AT3G54590;AT3G55500;AT4G01810;AT4G03930;AT4G21060;AT5G11420;AT5G27870	32.94	5.46227059014842	0.546448087431694	0.9950248756218906	199	592	200	1.0
CG	loss	GO:0045333	cellular respiration	10	AT1G53240;AT1G53310;AT2G07718;AT2G36460;AT2G42600;AT3G15840;AT3G22960;AT4G26520;AT4G32840;AT5G61580	14.805	3.5856624213665187	0.6754474839581223	0.9353233830845771	187	592	200	1.0
CG	loss	GO:0045488	pectin metabolic process	8	AT1G11590;AT1G53840;AT2G36710;AT3G27980;AT4G02130;AT4G03930;AT4G13210;AT5G27870	14.64	3.8471287995074936	0.5464480874316939	0.9800995024875622	196	592	200	1.0
CG	loss	GO:0045490	pectin catabolic process	7	AT1G11590;AT1G53840;AT2G36710;AT3G27980;AT4G03930;AT4G13210;AT5G27870	7.855	2.695176246556057	0.8911521323997453	0.6666666666666666	133	592	200	1.0
CG	loss	GO:0045491	xylan metabolic process	5	AT1G58370;AT1G71930;AT1G77130;AT2G37090;AT4G33330	5.64	2.3367498796405246	0.8865248226950355	0.6517412935323383	130	592	200	1.0
CG	loss	GO:0045492	xylan biosynthetic process	3	AT1G77130;AT2G37090;AT4G33330	3.325	1.7802738553379922	0.9022556390977443	0.6368159203980099	127	592	200	1.0
CG	loss	GO:0045814	negative regulation of gene expression, epigenetic	5	AT1G05490;AT1G09060;AT2G16485;AT3G43920;AT5G20320	17.655	3.651845423891866	0.28320589068252616	1.0	200	592	200	1.0
CG	loss	GO:0045892	negative regulation of DNA-templated transcription	6	AT1G28420;AT2G25170;AT3G61050;AT4G04030;AT5G02810;AT5G04590	20.75	4.180610003336836	0.2891566265060241	1.0	200	592	200	1.0
CG	loss	GO:0045893	positive regulation of DNA-templated transcription	10	AT1G04950;AT1G31640;AT1G61040;AT1G71930;AT1G77980;AT2G10440;AT2G42430;AT3G57390;AT4G09960;AT4G10920	30.8	5.2820450584976895	0.3246753246753247	1.0	200	592	200	1.0
CG	loss	GO:0045934	negative regulation of nucleobase-containing compound metabolic process	8	AT1G28420;AT2G25170;AT3G61050;AT4G04030;AT4G24770;AT4G34110;AT5G02810;AT5G04590	24.48	4.506617356732214	0.32679738562091504	1.0	200	592	200	1.0
CG	loss	GO:0045944	positive regulation of transcription by RNA polymerase II	5	AT1G31640;AT1G77980;AT3G57390;AT4G09960;AT4G10920	6.72	2.193535958219059	0.7440476190476191	0.8507462686567164	170	592	200	1.0
CG	loss	GO:0046031	ADP metabolic process	5	AT2G36460;AT3G22960;AT4G26520;AT4G32840;AT5G61580	5.51	2.19086740812857	0.9074410163339384	0.6716417910447762	134	592	200	1.0
CG	loss	GO:0046032	ADP catabolic process	5	AT2G36460;AT3G22960;AT4G26520;AT4G32840;AT5G61580	5.51	2.19086740812857	0.9074410163339384	0.6716417910447762	134	592	200	1.0
CG	loss	GO:0046034	ATP metabolic process	5	AT2G36460;AT3G22960;AT4G26520;AT4G32840;AT5G61580	7.455	2.620682163101814	0.670690811535882	0.8756218905472637	175	592	200	1.0
CG	loss	GO:0046283	anthocyanin-containing compound metabolic process	3	AT3G58110;AT4G08920;AT4G27570	2.31	1.433143398268296	1.2987012987012987	0.4228855721393035	84	592	200	1.0
CG	loss	GO:0046394	carboxylic acid biosynthetic process	12	AT1G30040;AT1G44090;AT1G76690;AT2G15090;AT2G33380;AT3G25110;AT3G45140;AT4G14880;AT4G27030;AT5G04230;AT5G27410;AT5G28030	40.885	5.411263715621348	0.29350617585911704	1.0	200	592	200	1.0
CG	loss	GO:0046395	carboxylic acid catabolic process	4	AT1G30040;AT4G33010;AT5G04230;AT5G21100	12.44	3.101032086257739	0.3215434083601286	0.9950248756218906	199	592	200	1.0
CG	loss	GO:0046434	organophosphate catabolic process	5	AT2G36460;AT3G22960;AT4G26520;AT4G32840;AT5G61580	6.98	2.3957462303006962	0.7163323782234956	0.8407960199004975	168	592	200	1.0
CG	loss	GO:0046486	glycerolipid metabolic process	5	AT2G01900;AT3G43220;AT4G18550;AT4G27030;AT4G30580	21.675	4.127877784043516	0.2306805074971165	1.0	200	592	200	1.0
CG	loss	GO:0046496	nicotinamide nucleotide metabolic process	7	AT2G36460;AT3G10370;AT3G22960;AT4G26520;AT4G32840;AT5G35790;AT5G61580	9.495	2.7073926571518987	0.7372301211163771	0.8805970149253731	176	592	200	1.0
CG	loss	GO:0046686	response to cadmium ion	5	AT4G14880;AT4G33010;AT5G28030;AT5G35630;AT5G45900	7.765	2.683239646397617	0.6439150032195751	0.8805970149253731	176	592	200	1.0
CG	loss	GO:0046777	protein autophosphorylation	4	AT3G05840;AT3G17850;AT4G08920;AT5G41990	12.89	3.606646641965356	0.3103180760279286	1.0	200	592	200	1.0
CG	loss	GO:0046907	intracellular transport	10	AT1G52360;AT1G62020;AT1G72560;AT3G16310;AT4G01810;AT4G29380;AT4G31480;AT5G21990;AT5G24350;AT5G52270	46.38	6.505812785501875	0.21561017680034497	1.0	200	592	200	1.0
CG	loss	GO:0046942	carboxylic acid transport	3	AT2G48130;AT3G55740;AT5G49630	9.38	2.775896251663594	0.3198294243070362	1.0	200	592	200	1.0
CG	loss	GO:0048193	Golgi vesicle transport	6	AT1G62020;AT1G67930;AT4G01810;AT5G12350;AT5G24350;AT5G52270	11.125	3.334572686267311	0.5393258426966292	0.9402985074626866	188	592	200	1.0
CG	loss	GO:0048229	gametophyte development	15	AT1G27940;AT1G77980;AT2G38195;AT3G07160;AT3G11964;AT3G48360;AT3G57390;AT4G01370;AT4G01810;AT4G21060;AT4G29380;AT5G17410;AT5G26290;AT5G45140;AT5G57790	56.13	6.21474858703064	0.2672367717797969	1.0	200	592	200	1.0
CG	loss	GO:0048232	male gamete generation	3	AT3G07160;AT4G01370;AT4G21270	6.83	2.1774067144197025	0.43923865300146414	0.9850746268656716	197	592	200	1.0
CG	loss	GO:0048236	plant-type sporogenesis	3	AT3G07160;AT5G26290;AT5G57790	6.15	2.0994046775216995	0.4878048780487805	0.9751243781094527	195	592	200	1.0
CG	loss	GO:0048285	organelle fission	10	AT1G20830;AT1G77320;AT3G07160;AT4G01370;AT4G21270;AT4G32200;AT5G12150;AT5G23610;AT5G37630;AT5G39770	20.64	3.8549189355938434	0.4844961240310077	1.0	200	592	200	1.0
CG	loss	GO:0048316	seed development	16	AT1G28560;AT1G59870;AT1G66730;AT1G67990;AT2G02240;AT2G25420;AT2G48130;AT3G22960;AT3G46330;AT4G09960;AT4G13610;AT4G23640;AT4G24660;AT4G30580;AT4G31160;AT5G53550	69.08	8.13717395660189	0.23161551823972207	1.0	200	592	200	1.0
CG	loss	GO:0048364	root development	14	AT1G17110;AT1G28560;AT1G59870;AT1G63450;AT2G01830;AT2G04160;AT2G22840;AT2G25170;AT2G42430;AT4G04920;AT4G21060;AT4G30080;AT5G16910;AT5G24740	62.665	7.092444924001885	0.22341019707970958	1.0	200	592	200	1.0
CG	loss	GO:0048366	leaf development	13	AT1G17110;AT1G17580;AT1G20780;AT1G32450;AT1G53310;AT1G54115;AT1G59870;AT1G73220;AT2G42600;AT3G47450;AT4G23640;AT4G31160;AT5G45900	35.68	5.32893985704474	0.36434977578475336	1.0	200	592	200	1.0
CG	loss	GO:0048367	shoot system development	23	AT1G17110;AT1G17580;AT1G20780;AT1G27940;AT1G32450;AT1G53310;AT1G54115;AT1G59870;AT1G71866;AT1G72560;AT1G73220;AT2G25420;AT2G41670;AT2G42600;AT3G47450;AT4G01810;AT4G09960;AT4G23640;AT4G31160;AT5G23150;AT5G37020;AT5G45900;AT5G49030	78.3	7.996874389409948	0.2937420178799489	1.0	200	592	200	1.0
CG	loss	GO:0048437	floral organ development	6	AT1G27940;AT2G41670;AT4G01810;AT4G09960;AT5G23150;AT5G49030	27.295	4.863946442961708	0.21982047994138118	1.0	200	592	200	1.0
CG	loss	GO:0048438	floral whorl development	6	AT1G17580;AT1G27940;AT2G41670;AT4G01810;AT4G09960;AT5G49030	23.04	4.291666343042062	0.2604166666666667	1.0	200	592	200	1.0
CG	loss	GO:0048440	carpel development	3	AT2G41670;AT4G09960;AT5G49030	9.655	2.902753003615707	0.31071983428275507	1.0	200	592	200	1.0
CG	loss	GO:0048467	gynoecium development	4	AT1G17580;AT2G41670;AT4G09960;AT5G49030	11.98	3.0967079293985718	0.333889816360601	1.0	200	592	200	1.0
CG	loss	GO:0048468	cell development	10	AT1G04950;AT1G17580;AT1G59870;AT1G63450;AT3G09840;AT3G23380;AT3G26870;AT4G14880;AT4G21060;AT5G16910	29.48	5.606210841557775	0.33921302578018997	1.0	200	592	200	1.0
CG	loss	GO:0048469	cell maturation	4	AT1G59870;AT1G63450;AT4G21060;AT5G16910	14.225	3.695182674780777	0.281195079086116	1.0	200	592	200	1.0
CG	loss	GO:0048481	plant ovule development	3	AT2G41670;AT4G09960;AT5G49030	7.29	2.4260873850708675	0.411522633744856	0.9950248756218906	199	592	200	1.0
CG	loss	GO:0048507	meristem development	8	AT1G28560;AT1G72560;AT2G25420;AT3G05840;AT4G08920;AT5G01770;AT5G20320;AT5G24740	29.765	4.637863193325132	0.26877204770703844	1.0	200	592	200	1.0
CG	loss	GO:0048509	regulation of meristem development	3	AT1G28420;AT2G01830;AT5G23150	7.775	2.3862889598705337	0.3858520900321543	1.0	200	592	200	1.0
CG	loss	GO:0048511	rhythmic process	6	AT3G48360;AT3G57040;AT4G04920;AT4G08920;AT4G30350;AT5G02810	13.335	3.3380795376982815	0.44994375703037115	0.9950248756218906	199	592	200	1.0
CG	loss	GO:0048518	positive regulation of biological process	30	AT1G04950;AT1G09060;AT1G15020;AT1G27940;AT1G31640;AT1G54830;AT1G59870;AT1G61040;AT1G66730;AT1G71930;AT1G77680;AT1G77980;AT2G05940;AT2G10440;AT2G42430;AT3G26940;AT3G46610;AT3G57390;AT4G03110;AT4G04920;AT4G08920;AT4G09960;AT4G10920;AT4G20940;AT4G25530;AT4G32970;AT4G34110;AT5G17410;AT5G37500;AT5G41990	104.335	9.400147605224156	0.2875353428858964	1.0	200	592	200	1.0
CG	loss	GO:0048519	negative regulation of biological process	34	AT1G05490;AT1G09060;AT1G20780;AT1G28420;AT1G59870;AT1G61040;AT1G77680;AT2G16485;AT2G25170;AT2G39260;AT3G09840;AT3G43920;AT3G46510;AT3G57390;AT3G58110;AT3G61050;AT4G03110;AT4G04030;AT4G08920;AT4G14880;AT4G18550;AT4G24770;AT4G25530;AT4G34110;AT5G02810;AT5G04590;AT5G14580;AT5G20320;AT5G21100;AT5G23150;AT5G23880;AT5G42340;AT5G45900;AT5G52040	110.85	8.815185760946973	0.30672079386558415	1.0	200	592	200	1.0
CG	loss	GO:0048522	positive regulation of cellular process	25	AT1G04950;AT1G09060;AT1G27940;AT1G31640;AT1G61040;AT1G66730;AT1G71930;AT1G77680;AT1G77980;AT2G05940;AT2G10440;AT2G42430;AT3G26940;AT3G46610;AT3G57390;AT4G03110;AT4G04920;AT4G08920;AT4G09960;AT4G10920;AT4G20940;AT4G32970;AT4G34110;AT5G17410;AT5G37500	80.47	8.401136827834666	0.31067478563439793	1.0	200	592	200	1.0
CG	loss	GO:0048523	negative regulation of cellular process	24	AT1G05490;AT1G09060;AT1G20780;AT1G28420;AT1G77680;AT2G16485;AT2G25170;AT2G39260;AT3G43920;AT3G46510;AT3G58110;AT3G61050;AT4G03110;AT4G04030;AT4G24770;AT4G25530;AT4G34110;AT5G02810;AT5G04590;AT5G14580;AT5G20320;AT5G23150;AT5G23880;AT5G52040	87.78	8.170777196815479	0.2734107997265892	1.0	200	592	200	1.0
CG	loss	GO:0048527	lateral root development	3	AT1G28560;AT2G04160;AT2G42430	12.495	3.226449286754714	0.24009603841536617	1.0	200	592	200	1.0
CG	loss	GO:0048528	post-embryonic root development	3	AT1G28560;AT2G04160;AT2G42430	13.68	3.470965283606279	0.2192982456140351	1.0	200	592	200	1.0
CG	loss	GO:0048532	anatomical structure arrangement	5	AT1G27940;AT1G28560;AT1G72560;AT2G25420;AT3G05840	10.135	2.8786759109007054	0.493339911198816	0.9800995024875622	196	592	200	1.0
CG	loss	GO:0048580	regulation of post-embryonic development	13	AT1G54830;AT1G59870;AT1G61040;AT2G01830;AT2G22840;AT2G25170;AT3G57390;AT4G08920;AT4G18550;AT4G25530;AT5G23150;AT5G24655;AT5G41990	41.175	6.152590917654132	0.315725561627201	1.0	200	592	200	1.0
CG	loss	GO:0048581	negative regulation of post-embryonic development	5	AT1G61040;AT3G57390;AT4G08920;AT4G18550;AT5G23150	13.515	3.271051054324892	0.36995930447650754	1.0	200	592	200	1.0
CG	loss	GO:0048582	positive regulation of post-embryonic development	3	AT1G54830;AT4G25530;AT5G41990	9.72	2.7895519353473235	0.30864197530864196	1.0	200	592	200	1.0
CG	loss	GO:0048583	regulation of response to stimulus	19	AT1G27940;AT1G54830;AT1G59870;AT1G66730;AT2G02220;AT2G05940;AT2G25170;AT3G09840;AT3G26940;AT3G46510;AT3G57390;AT4G03110;AT4G04920;AT4G08920;AT4G20940;AT4G32970;AT5G21100;AT5G24655;AT5G42340	88.775	9.247398282760386	0.21402421852999154	1.0	200	592	200	1.0
CG	loss	GO:0048584	positive regulation of response to stimulus	10	AT1G27940;AT1G54830;AT1G59870;AT1G66730;AT3G26940;AT4G03110;AT4G04920;AT4G08920;AT4G20940;AT4G32970	30.815	5.522750673351095	0.324517280545189	1.0	200	592	200	1.0
CG	loss	GO:0048585	negative regulation of response to stimulus	7	AT1G59870;AT2G25170;AT3G09840;AT3G46510;AT3G57390;AT5G21100;AT5G42340	24.74	4.216918306061911	0.2829426030719483	1.0	200	592	200	1.0
CG	loss	GO:0048588	developmental cell growth	7	AT1G04950;AT1G63450;AT3G09840;AT3G23380;AT3G26870;AT4G14880;AT5G16910	22.125	4.549656580446482	0.3163841807909605	1.0	200	592	200	1.0
CG	loss	GO:0048589	developmental growth	12	AT1G04950;AT1G17580;AT1G63450;AT3G07160;AT3G09840;AT3G23380;AT3G26870;AT3G55500;AT4G12420;AT4G14880;AT4G23640;AT5G16910	44.155	6.0291769753424935	0.2717699014834107	1.0	200	592	200	1.0
CG	loss	GO:0048608	reproductive structure development	29	AT1G17110;AT1G17580;AT1G27940;AT1G28420;AT1G28560;AT1G54830;AT1G59870;AT1G66730;AT1G67990;AT1G72560;AT2G02240;AT2G25420;AT2G41670;AT2G48130;AT3G22960;AT3G46330;AT4G01810;AT4G09960;AT4G13610;AT4G23640;AT4G24660;AT4G30580;AT4G31160;AT5G20320;AT5G23150;AT5G37020;AT5G41990;AT5G49030;AT5G53550	124.225	10.316219026368165	0.2334473737170457	1.0	200	592	200	1.0
CG	loss	GO:0048609	multicellular organismal reproductive process	5	AT1G77320;AT3G07160;AT3G22960;AT4G01370;AT4G21270	19.35	3.939225812263106	0.25839793281653745	1.0	200	592	200	1.0
CG	loss	GO:0048638	regulation of developmental growth	5	AT1G27940;AT1G77980;AT3G07160;AT4G08920;AT5G24740	20.895	3.9892323823011355	0.23929169657812874	1.0	200	592	200	1.0
CG	loss	GO:0048646	anatomical structure formation involved in morphogenesis	5	AT1G28560;AT2G42430;AT4G01810;AT4G04920;AT4G21060	22.205	4.231190730751809	0.22517451024544025	1.0	200	592	200	1.0
CG	loss	GO:0048731	system development	50	AT1G17110;AT1G17580;AT1G20780;AT1G27940;AT1G28420;AT1G28560;AT1G32450;AT1G53310;AT1G54115;AT1G54830;AT1G59870;AT1G63450;AT1G66730;AT1G67990;AT1G71866;AT1G72560;AT1G73220;AT2G01830;AT2G02240;AT2G04160;AT2G22840;AT2G25170;AT2G25420;AT2G41670;AT2G42430;AT2G42600;AT2G48130;AT3G22960;AT3G46330;AT3G47450;AT4G01810;AT4G04920;AT4G08920;AT4G09960;AT4G13610;AT4G21060;AT4G23640;AT4G24660;AT4G30080;AT4G30580;AT4G31160;AT5G16910;AT5G20320;AT5G23150;AT5G24740;AT5G37020;AT5G41990;AT5G45900;AT5G49030;AT5G53550	197.775	12.181312531906986	0.2528125395019593	1.0	200	592	200	1.0
CG	loss	GO:0048764	trichoblast maturation	4	AT1G59870;AT1G63450;AT4G21060;AT5G16910	14.225	3.695182674780777	0.281195079086116	1.0	200	592	200	1.0
CG	loss	GO:0048765	root hair cell differentiation	4	AT1G59870;AT1G63450;AT4G21060;AT5G16910	14.225	3.695182674780777	0.281195079086116	1.0	200	592	200	1.0
CG	loss	GO:0048827	phyllome development	18	AT1G17110;AT1G17580;AT1G20780;AT1G27940;AT1G32450;AT1G53310;AT1G54115;AT1G59870;AT1G73220;AT2G41670;AT2G42600;AT3G47450;AT4G01810;AT4G09960;AT4G23640;AT4G31160;AT5G45900;AT5G49030	54.18	6.476696688899363	0.33222591362126247	1.0	200	592	200	1.0
CG	loss	GO:0048831	regulation of shoot system development	7	AT1G61040;AT2G01830;AT3G57390;AT4G25530;AT5G23150;AT5G24655;AT5G41990	19.305	4.218053461017302	0.3626003626003626	1.0	200	592	200	1.0
CG	loss	GO:0048856	anatomical structure development	84	AT1G04950;AT1G17110;AT1G17580;AT1G20780;AT1G27940;AT1G28420;AT1G28560;AT1G32450;AT1G53310;AT1G54115;AT1G54830;AT1G59870;AT1G63450;AT1G66730;AT1G67990;AT1G71866;AT1G71930;AT1G72560;AT1G73220;AT1G73360;AT1G75390;AT1G77980;AT2G01830;AT2G01950;AT2G02240;AT2G04160;AT2G22840;AT2G25170;AT2G25420;AT2G27380;AT2G38195;AT2G41670;AT2G42430;AT2G42600;AT2G48130;AT3G05840;AT3G07160;AT3G09840;AT3G11964;AT3G15354;AT3G22760;AT3G22960;AT3G23380;AT3G26870;AT3G46330;AT3G47450;AT3G48360;AT3G55500;AT3G57390;AT4G01370;AT4G01810;AT4G04920;AT4G08920;AT4G09960;AT4G11110;AT4G12420;AT4G13610;AT4G14880;AT4G14940;AT4G21060;AT4G23640;AT4G24660;AT4G29380;AT4G30080;AT4G30580;AT4G31160;AT5G01770;AT5G11420;AT5G12350;AT5G16910;AT5G17410;AT5G20320;AT5G23150;AT5G24740;AT5G26290;AT5G37020;AT5G41990;AT5G45140;AT5G45900;AT5G49030;AT5G53550;AT5G54790;AT5G55250;AT5G57790	297.55	13.538371393930337	0.28230549487481094	1.0	200	592	200	1.0
CG	loss	GO:0048868	pollen tube development	6	AT1G04950;AT3G09840;AT3G23380;AT3G26870;AT4G01370;AT4G14880	21.3	4.3543082114154394	0.28169014084507044	1.0	200	592	200	1.0
CG	loss	GO:0048869	cellular developmental process	21	AT1G04950;AT1G17580;AT1G27940;AT1G28560;AT1G59870;AT1G63450;AT1G71866;AT1G71930;AT1G73360;AT3G07160;AT3G09840;AT3G22760;AT3G23380;AT3G26870;AT4G04920;AT4G14880;AT4G21060;AT4G38440;AT5G16910;AT5G26290;AT5G57790	67.64	7.959924622758659	0.31046717918391487	1.0	200	592	200	1.0
CG	loss	GO:0048878	chemical homeostasis	12	AT1G27595;AT1G32450;AT1G59870;AT1G74770;AT2G01830;AT2G25170;AT4G08920;AT5G24030;AT5G24270;AT5G28030;AT5G35630;AT5G41610	32.975	5.70126082546659	0.3639120545868082	1.0	200	592	200	1.0
CG	loss	GO:0050776	regulation of immune response	4	AT1G59870;AT2G05940;AT3G46510;AT5G42340	13.94	3.6573761086330716	0.28694404591104733	1.0	200	592	200	1.0
CG	loss	GO:0050789	regulation of biological process	122	AT1G03930;AT1G04950;AT1G05490;AT1G09060;AT1G15020;AT1G16710;AT1G19510;AT1G20780;AT1G21230;AT1G27940;AT1G28420;AT1G31640;AT1G34170;AT1G34310;AT1G34390;AT1G34410;AT1G35540;AT1G49190;AT1G54830;AT1G55950;AT1G59870;AT1G61040;AT1G62975;AT1G64480;AT1G64810;AT1G66730;AT1G67140;AT1G67220;AT1G71930;AT1G73360;AT1G74770;AT1G75390;AT1G77680;AT1G77980;AT1G78540;AT2G01830;AT2G01900;AT2G01950;AT2G02220;AT2G05117;AT2G05940;AT2G10440;AT2G16485;AT2G22840;AT2G23460;AT2G25170;AT2G25420;AT2G33380;AT2G36460;AT2G39260;AT2G42430;AT3G03260;AT3G07160;AT3G09840;AT3G16060;AT3G22760;AT3G23110;AT3G23590;AT3G25170;AT3G25800;AT3G26940;AT3G28970;AT3G43920;AT3G46510;AT3G46610;AT3G47450;AT3G48360;AT3G57040;AT3G57390;AT3G58110;AT3G59410;AT3G61050;AT4G00540;AT4G01370;AT4G02510;AT4G03110;AT4G04030;AT4G04340;AT4G04920;AT4G08920;AT4G09960;AT4G10920;AT4G13590;AT4G14880;AT4G14940;AT4G15735;AT4G16860;AT4G16890;AT4G18550;AT4G19510;AT4G19520;AT4G20940;AT4G24770;AT4G25210;AT4G25400;AT4G25530;AT4G30080;AT4G32970;AT4G34110;AT5G01770;AT5G02810;AT5G04590;AT5G12150;AT5G14580;AT5G17410;AT5G20320;AT5G20990;AT5G21100;AT5G23150;AT5G23880;AT5G24270;AT5G24655;AT5G24740;AT5G26700;AT5G37020;AT5G37500;AT5G39690;AT5G41990;AT5G42340;AT5G45240;AT5G45900;AT5G52040	433.66	16.270660711845313	0.28132638472536087	1.0	200	592	200	1.0
CG	loss	GO:0050793	regulation of developmental process	22	AT1G27940;AT1G28420;AT1G54830;AT1G59870;AT1G61040;AT1G67140;AT1G77980;AT2G01830;AT2G22840;AT2G25170;AT3G07160;AT3G57390;AT4G08920;AT4G14880;AT4G18550;AT4G25530;AT5G23150;AT5G24655;AT5G24740;AT5G26700;AT5G41990;AT5G45900	90.445	8.834419901725308	0.24324174912930513	1.0	200	592	200	1.0
CG	loss	GO:0050794	regulation of cellular process	110	AT1G03930;AT1G04950;AT1G05490;AT1G09060;AT1G16710;AT1G19510;AT1G20780;AT1G21230;AT1G27940;AT1G28420;AT1G31640;AT1G34170;AT1G34310;AT1G34390;AT1G34410;AT1G35540;AT1G49190;AT1G54830;AT1G55950;AT1G59870;AT1G61040;AT1G62975;AT1G64480;AT1G64810;AT1G66730;AT1G67140;AT1G67220;AT1G71930;AT1G73360;AT1G75390;AT1G77680;AT1G77980;AT1G78540;AT2G01830;AT2G01900;AT2G01950;AT2G05117;AT2G05940;AT2G10440;AT2G16485;AT2G22840;AT2G23460;AT2G25170;AT2G25420;AT2G33380;AT2G36460;AT2G39260;AT2G42430;AT3G03260;AT3G07160;AT3G09840;AT3G16060;AT3G22760;AT3G23110;AT3G23590;AT3G25170;AT3G25800;AT3G26940;AT3G28970;AT3G43920;AT3G46510;AT3G46610;AT3G47450;AT3G48360;AT3G57040;AT3G57390;AT3G58110;AT3G59410;AT3G61050;AT4G00540;AT4G01370;AT4G02510;AT4G03110;AT4G04030;AT4G04920;AT4G08920;AT4G09960;AT4G10920;AT4G13590;AT4G14940;AT4G15735;AT4G16860;AT4G16890;AT4G19510;AT4G19520;AT4G20940;AT4G24770;AT4G25210;AT4G25400;AT4G25530;AT4G30080;AT4G32970;AT4G34110;AT5G01770;AT5G02810;AT5G04590;AT5G12150;AT5G14580;AT5G17410;AT5G20320;AT5G20990;AT5G23150;AT5G23880;AT5G24270;AT5G37020;AT5G37500;AT5G39690;AT5G42340;AT5G45240;AT5G52040	392.68	15.727924211414479	0.28012631150045836	1.0	200	592	200	1.0
CG	loss	GO:0050801	monoatomic ion homeostasis	7	AT1G32450;AT1G59870;AT1G74770;AT4G08920;AT5G24030;AT5G24270;AT5G41610	20.515	4.629230497609727	0.3412137460394833	1.0	200	592	200	1.0
CG	loss	GO:0050832	defense response to fungus	13	AT1G52940;AT1G59870;AT1G68110;AT1G71930;AT2G05940;AT2G33380;AT4G14276;AT4G16860;AT5G08055;AT5G08315;AT5G45900;AT5G52605;AT5G64120	25.5	4.733920151417847	0.5098039215686274	0.9950248756218906	199	592	200	1.0
CG	loss	GO:0050896	response to stimulus	152	AT1G03190;AT1G03930;AT1G15020;AT1G16900;AT1G20620;AT1G20780;AT1G21230;AT1G21835;AT1G27595;AT1G27940;AT1G28560;AT1G30040;AT1G30870;AT1G32450;AT1G34170;AT1G34310;AT1G34390;AT1G34410;AT1G35540;AT1G49190;AT1G49300;AT1G52940;AT1G53240;AT1G53310;AT1G53840;AT1G54830;AT1G55870;AT1G58390;AT1G59870;AT1G64480;AT1G65990;AT1G66730;AT1G68110;AT1G70840;AT1G71870;AT1G71930;AT1G76690;AT1G77320;AT1G78540;AT2G01830;AT2G01900;AT2G01950;AT2G02220;AT2G04160;AT2G05117;AT2G05940;AT2G13650;AT2G17690;AT2G22840;AT2G23460;AT2G25170;AT2G30110;AT2G32120;AT2G33380;AT2G36460;AT2G36750;AT2G37230;AT2G39260;AT2G40130;AT2G42430;AT2G43430;AT3G02540;AT3G03620;AT3G06850;AT3G09270;AT3G09840;AT3G15354;AT3G15840;AT3G16840;AT3G19040;AT3G23100;AT3G23110;AT3G25170;AT3G28970;AT3G43920;AT3G45140;AT3G46510;AT3G46610;AT3G47450;AT3G48360;AT3G57040;AT3G59410;AT3G61050;AT4G00550;AT4G00970;AT4G01370;AT4G02510;AT4G03110;AT4G04340;AT4G04810;AT4G04920;AT4G08920;AT4G11110;AT4G11600;AT4G13590;AT4G14276;AT4G14880;AT4G14940;AT4G15735;AT4G16860;AT4G16890;AT4G19020;AT4G19510;AT4G19520;AT4G20940;AT4G21410;AT4G22470;AT4G24715;AT4G24770;AT4G26520;AT4G30080;AT4G30350;AT4G33010;AT4G35970;AT4G36020;AT5G01770;AT5G02810;AT5G04230;AT5G04590;AT5G06730;AT5G08055;AT5G08315;AT5G12150;AT5G16910;AT5G20320;AT5G20990;AT5G21100;AT5G23150;AT5G24030;AT5G24270;AT5G24655;AT5G28030;AT5G35630;AT5G37020;AT5G37500;AT5G38150;AT5G39020;AT5G39770;AT5G41990;AT5G42340;AT5G43710;AT5G45240;AT5G45900;AT5G51890;AT5G52605;AT5G53120;AT5G53450;AT5G53550;AT5G54610;AT5G55860;AT5G57160;AT5G64120	491.48	16.450215804055464	0.3092699601204525	1.0	200	592	200	1.0
CG	loss	GO:0051049	regulation of transport	5	AT1G15020;AT1G74770;AT2G01900;AT4G04340;AT4G08920	12.46	3.472520698282442	0.40128410914927765	0.9950248756218906	199	592	200	1.0
CG	loss	GO:0051093	negative regulation of developmental process	7	AT1G61040;AT3G57390;AT4G08920;AT4G14880;AT4G18550;AT5G23150;AT5G45900	18.925	3.867735125367295	0.36988110964332893	1.0	200	592	200	1.0
CG	loss	GO:0051094	positive regulation of developmental process	3	AT1G54830;AT4G25530;AT5G41990	16.055	3.394403482204208	0.18685767673621925	1.0	200	592	200	1.0
CG	loss	GO:0051128	regulation of cellular component organization	8	AT1G09060;AT1G27940;AT1G77980;AT2G01900;AT3G07160;AT3G48360;AT4G08920;AT5G17410	28.125	4.449648862550848	0.28444444444444444	1.0	200	592	200	1.0
CG	loss	GO:0051179	localization	68	AT1G17580;AT1G24490;AT1G27940;AT1G28010;AT1G28560;AT1G30420;AT1G30450;AT1G32450;AT1G52360;AT1G54115;AT1G59870;AT1G62020;AT1G67930;AT1G68110;AT1G70610;AT1G71870;AT1G72560;AT1G73220;AT1G74770;AT2G01830;AT2G01950;AT2G07681;AT2G07695;AT2G13650;AT2G16980;AT2G19710;AT2G25350;AT2G28170;AT2G34660;AT2G48130;AT3G03620;AT3G07160;AT3G13710;AT3G16310;AT3G28345;AT3G30842;AT3G55740;AT4G01810;AT4G02510;AT4G04340;AT4G08300;AT4G08920;AT4G13590;AT4G23640;AT4G24715;AT4G27040;AT4G29380;AT4G31480;AT5G12350;AT5G13550;AT5G17410;AT5G19980;AT5G21990;AT5G24030;AT5G24350;AT5G24740;AT5G26700;AT5G27360;AT5G35200;AT5G37500;AT5G38150;AT5G41610;AT5G41800;AT5G49630;AT5G52270;AT5G53550;AT5G58180;AT5G62290	239.035	13.021665600068308	0.28447716861547473	1.0	200	592	200	1.0
CG	loss	GO:0051234	establishment of localization	64	AT1G27940;AT1G28010;AT1G28560;AT1G30420;AT1G30450;AT1G32450;AT1G52360;AT1G54115;AT1G59870;AT1G62020;AT1G67930;AT1G68110;AT1G70610;AT1G71870;AT1G72560;AT1G73220;AT1G74770;AT2G01830;AT2G01950;AT2G07681;AT2G07695;AT2G13650;AT2G16980;AT2G19710;AT2G25350;AT2G28170;AT2G34660;AT2G48130;AT3G03620;AT3G13710;AT3G16310;AT3G28345;AT3G30842;AT3G55740;AT4G01810;AT4G02510;AT4G04340;AT4G08300;AT4G08920;AT4G13590;AT4G23640;AT4G24715;AT4G27040;AT4G29380;AT4G31480;AT5G12350;AT5G13550;AT5G19980;AT5G21990;AT5G24030;AT5G24350;AT5G24740;AT5G26700;AT5G27360;AT5G35200;AT5G37500;AT5G38150;AT5G41610;AT5G41800;AT5G49630;AT5G52270;AT5G53550;AT5G58180;AT5G62290	225.89	12.859545093043222	0.28332374164416313	1.0	200	592	200	1.0
CG	loss	GO:0051239	regulation of multicellular organismal process	15	AT1G54830;AT1G59870;AT1G61040;AT1G77980;AT2G01830;AT2G22840;AT2G25170;AT3G07160;AT3G57390;AT4G08920;AT4G18550;AT4G25530;AT5G23150;AT5G24655;AT5G41990	52.965	6.525624491188533	0.28320589068252616	1.0	200	592	200	1.0
CG	loss	GO:0051240	positive regulation of multicellular organismal process	3	AT1G54830;AT4G25530;AT5G41990	11.475	2.8843326784544128	0.26143790849673204	1.0	200	592	200	1.0
CG	loss	GO:0051241	negative regulation of multicellular organismal process	5	AT1G61040;AT3G57390;AT4G08920;AT4G18550;AT5G23150	15.04	3.3284230500343575	0.3324468085106383	1.0	200	592	200	1.0
CG	loss	GO:0051246	regulation of protein metabolic process	6	AT3G09840;AT3G46610;AT3G47450;AT3G58110;AT3G59410;AT4G34110	10.9	2.6739483914241857	0.5504587155963303	0.9800995024875622	196	592	200	1.0
CG	loss	GO:0051252	regulation of RNA metabolic process	48	AT1G04950;AT1G16710;AT1G19510;AT1G28420;AT1G31640;AT1G34170;AT1G34310;AT1G34390;AT1G34410;AT1G35540;AT1G49190;AT1G55950;AT1G61040;AT1G62975;AT1G67220;AT1G71930;AT1G73360;AT1G75390;AT1G77680;AT1G77980;AT1G78540;AT2G10440;AT2G22840;AT2G25170;AT2G25420;AT2G42430;AT3G03260;AT3G22760;AT3G48360;AT3G57040;AT3G57390;AT3G61050;AT4G00540;AT4G04030;AT4G04920;AT4G09960;AT4G10920;AT4G24770;AT4G25210;AT4G25400;AT4G25530;AT4G30080;AT4G34110;AT5G02810;AT5G04590;AT5G23150;AT5G37020;AT5G39690	165.375	10.692257712943517	0.29024943310657597	1.0	200	592	200	1.0
CG	loss	GO:0051253	negative regulation of RNA metabolic process	8	AT1G28420;AT2G25170;AT3G61050;AT4G04030;AT4G24770;AT4G34110;AT5G02810;AT5G04590	22.45	4.411065630887858	0.35634743875278396	1.0	200	592	200	1.0
CG	loss	GO:0051254	positive regulation of RNA metabolic process	11	AT1G04950;AT1G31640;AT1G61040;AT1G71930;AT1G77680;AT1G77980;AT2G10440;AT2G42430;AT3G57390;AT4G09960;AT4G10920	35.43	5.693426033593496	0.31047135196161446	1.0	200	592	200	1.0
CG	loss	GO:0051273	beta-glucan metabolic process	6	AT1G05570;AT3G07160;AT3G14570;AT3G59100;AT4G24010;AT5G16910	12.05	2.8561337503695445	0.49792531120331945	0.9900497512437811	198	592	200	1.0
CG	loss	GO:0051274	beta-glucan biosynthetic process	6	AT1G05570;AT3G07160;AT3G14570;AT3G59100;AT4G24010;AT5G16910	11.575	2.809693043732718	0.5183585313174947	0.9900497512437811	198	592	200	1.0
CG	loss	GO:0051276	chromosome organization	3	AT4G32200;AT5G23610;AT5G37630	18.985	3.881336754263929	0.15801948907031868	1.0	200	592	200	1.0
CG	loss	GO:0051301	cell division	9	AT1G17110;AT1G17580;AT2G25170;AT2G41670;AT3G09840;AT4G01370;AT4G08630;AT4G30080;AT5G12150	26.285	4.410643377104985	0.34240060871219324	1.0	200	592	200	1.0
CG	loss	GO:0051321	meiotic cell cycle	9	AT1G77320;AT3G07160;AT4G01370;AT4G21270;AT4G32200;AT5G23610;AT5G26290;AT5G39770;AT5G57790	19.865	3.5981627256142903	0.45305814246161596	1.0	200	592	200	1.0
CG	loss	GO:0051510	regulation of unidimensional cell growth	4	AT1G27940;AT1G77980;AT3G07160;AT4G08920	9.275	2.6266661379018066	0.43126684636118595	1.0	200	592	200	1.0
CG	loss	GO:0051604	protein maturation	5	AT2G32120;AT2G40130;AT4G30350;AT5G24350;AT5G51070	22.93	4.511662664694691	0.21805494984736154	1.0	200	592	200	1.0
CG	loss	GO:0051606	detection of stimulus	3	AT2G05940;AT4G08920;AT5G24270	7.27	2.5410824465176276	0.4126547455295736	0.9900497512437811	198	592	200	1.0
CG	loss	GO:0051641	cellular localization	13	AT1G52360;AT1G62020;AT1G72560;AT1G74770;AT3G16310;AT4G01810;AT4G29380;AT4G31480;AT5G12350;AT5G21990;AT5G24350;AT5G38150;AT5G52270	54.83	6.929004257467314	0.2370964800291811	1.0	200	592	200	1.0
CG	loss	GO:0051649	establishment of localization in cell	12	AT1G52360;AT1G62020;AT1G72560;AT1G74770;AT3G16310;AT4G01810;AT4G29380;AT4G31480;AT5G21990;AT5G24350;AT5G38150;AT5G52270	49.73	6.6563578629758515	0.24130303639654133	1.0	200	592	200	1.0
CG	loss	GO:0051707	response to other organism	35	AT1G21835;AT1G52940;AT1G58390;AT1G59870;AT1G66730;AT1G68110;AT1G71930;AT2G01830;AT2G02220;AT2G05940;AT2G22840;AT2G30110;AT2G33380;AT2G39260;AT3G43920;AT3G45140;AT3G46510;AT4G01370;AT4G03110;AT4G14276;AT4G16860;AT4G16890;AT4G22470;AT4G24770;AT5G08055;AT5G08315;AT5G20320;AT5G21100;AT5G42340;AT5G45900;AT5G52605;AT5G53120;AT5G53550;AT5G54610;AT5G64120	113.105	9.731082930486119	0.3094469740506609	1.0	200	592	200	1.0
CG	loss	GO:0051716	cellular response to stimulus	74	AT1G03190;AT1G03930;AT1G16900;AT1G20620;AT1G21230;AT1G27595;AT1G28560;AT1G30040;AT1G30870;AT1G49190;AT1G53310;AT1G53840;AT1G54830;AT1G59870;AT1G64480;AT1G65990;AT1G66730;AT1G71930;AT1G77320;AT1G78540;AT2G01830;AT2G01900;AT2G01950;AT2G05117;AT2G23460;AT2G25170;AT2G36460;AT2G39260;AT2G43430;AT3G02540;AT3G06850;AT3G09840;AT3G15840;AT3G23100;AT3G23110;AT3G25170;AT3G28970;AT3G46510;AT3G48360;AT3G57040;AT3G59410;AT4G00550;AT4G01370;AT4G02510;AT4G03110;AT4G04340;AT4G04920;AT4G08920;AT4G11600;AT4G13590;AT4G14940;AT4G15735;AT4G16860;AT4G16890;AT4G19020;AT4G19510;AT4G19520;AT4G20940;AT4G35970;AT5G01770;AT5G02810;AT5G06730;AT5G12150;AT5G20990;AT5G24270;AT5G24655;AT5G39770;AT5G42340;AT5G43710;AT5G45240;AT5G51890;AT5G55860;AT5G57160;AT5G64120	222.84	12.784928627098484	0.3320768264225453	1.0	200	592	200	1.0
CG	loss	GO:0055080	monoatomic cation homeostasis	6	AT1G32450;AT1G59870;AT1G74770;AT4G08920;AT5G24270;AT5G41610	19.63	4.62742909183923	0.3056546102903719	1.0	200	592	200	1.0
CG	loss	GO:0055082	intracellular chemical homeostasis	8	AT1G27595;AT1G74770;AT2G25170;AT4G08920;AT5G24030;AT5G24270;AT5G28030;AT5G35630	20.715	4.4680840412866	0.38619357953174027	1.0	200	592	200	1.0
CG	loss	GO:0055085	transmembrane transport	37	AT1G27940;AT1G28010;AT1G30420;AT1G30450;AT1G32450;AT1G54115;AT1G59870;AT1G70610;AT1G71870;AT1G73220;AT1G74770;AT2G01830;AT2G07695;AT2G13650;AT2G16980;AT2G28170;AT2G34660;AT3G03620;AT3G28345;AT3G30842;AT3G55740;AT4G02510;AT4G04340;AT4G08300;AT4G13590;AT4G23640;AT4G24715;AT5G13550;AT5G19980;AT5G21990;AT5G24030;AT5G27360;AT5G37500;AT5G41610;AT5G41800;AT5G49630;AT5G53550	129.41	9.534773201288155	0.2859129897225871	1.0	200	592	200	1.0
CG	loss	GO:0055086	nucleobase-containing small molecule metabolic process	13	AT1G08200;AT1G59870;AT2G02220;AT2G36460;AT3G06650;AT3G10370;AT3G22960;AT4G08920;AT4G12440;AT4G26520;AT4G32840;AT5G35790;AT5G61580	34.295	5.212290763186552	0.37906400349905234	1.0	200	592	200	1.0
CG	loss	GO:0060255	regulation of macromolecule metabolic process	66	AT1G04950;AT1G05490;AT1G09060;AT1G16710;AT1G19510;AT1G28420;AT1G31640;AT1G34170;AT1G34310;AT1G34390;AT1G34410;AT1G35540;AT1G49190;AT1G55950;AT1G61040;AT1G62975;AT1G64810;AT1G67220;AT1G71930;AT1G73360;AT1G75390;AT1G77680;AT1G77980;AT1G78540;AT2G10440;AT2G16485;AT2G22840;AT2G25170;AT2G25420;AT2G39260;AT2G42430;AT3G03260;AT3G09840;AT3G22760;AT3G43920;AT3G46610;AT3G47450;AT3G48360;AT3G57040;AT3G57390;AT3G58110;AT3G59410;AT3G61050;AT4G00540;AT4G03110;AT4G04030;AT4G04920;AT4G08920;AT4G09960;AT4G10920;AT4G24770;AT4G25210;AT4G25400;AT4G25530;AT4G30080;AT4G32970;AT4G34110;AT5G02810;AT5G04590;AT5G14580;AT5G20320;AT5G23150;AT5G23880;AT5G37020;AT5G39690;AT5G52040	226.86	12.12437214869248	0.29092832583972494	1.0	200	592	200	1.0
CG	loss	GO:0060560	developmental growth involved in morphogenesis	11	AT1G04950;AT1G17580;AT1G63450;AT3G09840;AT3G23380;AT3G26870;AT3G55500;AT4G12420;AT4G14880;AT4G23640;AT5G16910	36.705	5.379402847900504	0.2996866911864869	1.0	200	592	200	1.0
CG	loss	GO:0060918	auxin transport	4	AT1G27940;AT1G28560;AT1G59870;AT4G08920	13.86	3.4044676529525164	0.28860028860028863	1.0	200	592	200	1.0
CG	loss	GO:0061458	reproductive system development	29	AT1G17110;AT1G17580;AT1G27940;AT1G28420;AT1G28560;AT1G54830;AT1G59870;AT1G66730;AT1G67990;AT1G72560;AT2G02240;AT2G25420;AT2G41670;AT2G48130;AT3G22960;AT3G46330;AT4G01810;AT4G09960;AT4G13610;AT4G23640;AT4G24660;AT4G30580;AT4G31160;AT5G20320;AT5G23150;AT5G37020;AT5G41990;AT5G49030;AT5G53550	124.225	10.316219026368165	0.2334473737170457	1.0	200	592	200	1.0
CG	loss	GO:0061982	meiosis I cell cycle process	3	AT4G32200;AT5G23610;AT5G39770	8.05	2.432591211034026	0.37267080745341613	0.9850746268656716	197	592	200	1.0
CG	loss	GO:0062197	cellular response to chemical stress	8	AT1G65990;AT2G01830;AT2G01900;AT3G09840;AT4G04340;AT4G08920;AT4G35970;AT5G24270	11.785	2.9049569704214195	0.6788290199406024	0.9203980099502488	184	592	200	1.0
CG	loss	GO:0065003	protein-containing complex assembly	13	AT1G53310;AT1G62920;AT1G66345;AT1G68110;AT2G07681;AT3G46610;AT4G04340;AT5G17410;AT5G23120;AT5G27640;AT5G35200;AT5G51070;AT5G62290	30.065	5.116715254926731	0.432396474305671	1.0	200	592	200	1.0
CG	loss	GO:0065007	biological regulation	129	AT1G03930;AT1G04950;AT1G05490;AT1G09060;AT1G15020;AT1G16710;AT1G19510;AT1G20780;AT1G21230;AT1G27940;AT1G28420;AT1G28560;AT1G31640;AT1G34170;AT1G34310;AT1G34390;AT1G34410;AT1G35540;AT1G49190;AT1G54830;AT1G55950;AT1G59870;AT1G61040;AT1G62975;AT1G64480;AT1G64810;AT1G66730;AT1G67140;AT1G67220;AT1G71930;AT1G73360;AT1G74770;AT1G75390;AT1G77680;AT1G77980;AT1G78540;AT2G01830;AT2G01900;AT2G01950;AT2G02220;AT2G05117;AT2G05940;AT2G10440;AT2G16485;AT2G22840;AT2G23460;AT2G25170;AT2G25420;AT2G33380;AT2G36460;AT2G39260;AT2G42430;AT3G03260;AT3G07160;AT3G09840;AT3G16060;AT3G22760;AT3G23110;AT3G23590;AT3G25170;AT3G25800;AT3G26940;AT3G28970;AT3G43920;AT3G46510;AT3G46610;AT3G47450;AT3G48360;AT3G57040;AT3G57390;AT3G58110;AT3G59410;AT3G61050;AT4G00540;AT4G01370;AT4G02510;AT4G03110;AT4G04030;AT4G04340;AT4G04920;AT4G08920;AT4G09960;AT4G10920;AT4G13590;AT4G14880;AT4G14940;AT4G15735;AT4G16860;AT4G16890;AT4G18550;AT4G19510;AT4G19520;AT4G20940;AT4G24770;AT4G25210;AT4G25400;AT4G25530;AT4G29740;AT4G30080;AT4G32970;AT4G34110;AT5G01770;AT5G02810;AT5G04590;AT5G12150;AT5G14580;AT5G17410;AT5G20320;AT5G20990;AT5G21100;AT5G23150;AT5G23880;AT5G24270;AT5G24655;AT5G24740;AT5G26700;AT5G37020;AT5G37500;AT5G38450;AT5G39690;AT5G41610;AT5G41990;AT5G42340;AT5G45240;AT5G45900;AT5G49030;AT5G52040;AT5G55250;AT5G62290	453.02	17.126575839904984	0.284755639927597	1.0	200	592	200	1.0
CG	loss	GO:0065008	regulation of biological quality	14	AT1G27940;AT1G28560;AT1G59870;AT1G77680;AT2G25170;AT3G09840;AT4G08920;AT4G24770;AT4G29740;AT4G34110;AT5G38450;AT5G49030;AT5G55250;AT5G62290	47.87	6.195409590979475	0.2924587424274076	1.0	200	592	200	1.0
CG	loss	GO:0070482	response to oxygen levels	6	AT1G30040;AT1G53840;AT2G36460;AT2G43430;AT4G19520;AT4G26520	17.855	3.6897120483853456	0.33604032483898066	1.0	200	592	200	1.0
CG	loss	GO:0070542	response to fatty acid	6	AT2G39260;AT3G45140;AT3G48360;AT4G01370;AT4G14940;AT5G37500	19.875	4.379426332295132	0.3018867924528302	1.0	200	592	200	1.0
CG	loss	GO:0070592	cell wall polysaccharide biosynthetic process	3	AT1G77130;AT2G37090;AT4G33330	6.34	2.3525305524052174	0.47318611987381703	0.9701492537313433	194	592	200	1.0
CG	loss	GO:0070647	protein modification by small protein conjugation or removal	18	AT1G04390;AT1G17110;AT1G20780;AT1G23780;AT1G56610;AT1G65130;AT1G74770;AT2G30110;AT2G38195;AT2G39090;AT3G29740;AT3G46510;AT3G48360;AT4G14365;AT4G31160;AT5G42340;AT5G53300;AT5G57035	64.32	6.915027114914389	0.27985074626865675	1.0	200	592	200	1.0
CG	loss	GO:0070828	heterochromatin organization	3	AT1G05490;AT1G09060;AT2G16485	11.45	3.0012497396917874	0.26200873362445415	1.0	200	592	200	1.0
CG	loss	GO:0070887	cellular response to chemical stimulus	39	AT1G20620;AT1G27595;AT1G28560;AT1G30040;AT1G30870;AT1G49190;AT1G53840;AT1G54830;AT1G59870;AT1G65990;AT1G71930;AT2G01830;AT2G01900;AT2G01950;AT2G25170;AT2G36460;AT2G39260;AT2G43430;AT3G09840;AT3G28970;AT3G48360;AT3G57040;AT4G01370;AT4G04340;AT4G04920;AT4G08920;AT4G11600;AT4G14940;AT4G16890;AT4G19520;AT4G20940;AT4G35970;AT5G02810;AT5G06730;AT5G20990;AT5G24270;AT5G24655;AT5G51890;AT5G64120	106.725	9.607256372138744	0.365425158116655	1.0	200	592	200	1.0
CG	loss	GO:0070918	regulatory ncRNA processing	3	AT3G43920;AT5G20320;AT5G52040	7.745	2.383269812673338	0.38734667527437056	0.9950248756218906	199	592	200	1.0
CG	loss	GO:0071214	cellular response to abiotic stimulus	8	AT2G01830;AT2G01900;AT4G04340;AT4G08920;AT4G20940;AT5G02810;AT5G24270;AT5G55860	20.805	4.095970580949037	0.38452295121365054	1.0	200	592	200	1.0
CG	loss	GO:0071215	cellular response to abscisic acid stimulus	3	AT1G54830;AT3G48360;AT4G04920	14.235	3.741627319763421	0.2107481559536354	1.0	200	592	200	1.0
CG	loss	GO:0071322	cellular response to carbohydrate stimulus	3	AT1G27595;AT2G01830;AT3G48360	8.74	2.778920653779088	0.34324942791762014	0.9950248756218906	199	592	200	1.0
CG	loss	GO:0071365	cellular response to auxin stimulus	8	AT1G28560;AT1G59870;AT1G71930;AT2G01950;AT3G28970;AT3G48360;AT4G04920;AT5G20990	11.065	3.3031462274625407	0.7230004518752825	0.8656716417910447	173	592	200	1.0
CG	loss	GO:0071368	cellular response to cytokinin stimulus	6	AT1G28560;AT1G49190;AT2G01830;AT2G25170;AT3G57040;AT5G02810	6.29	2.392885287680961	0.9538950715421304	0.6218905472636815	124	592	200	1.0
CG	loss	GO:0071395	cellular response to jasmonic acid stimulus	3	AT2G39260;AT4G01370;AT4G14940	8.3	2.8774989139876292	0.36144578313253006	0.9800995024875622	196	592	200	1.0
CG	loss	GO:0071396	cellular response to lipid	7	AT1G54830;AT2G01950;AT2G39260;AT3G48360;AT4G01370;AT4G04920;AT4G14940	33.16	5.726639503234006	0.21109770808202655	1.0	200	592	200	1.0
CG	loss	GO:0071398	cellular response to fatty acid	3	AT2G39260;AT4G01370;AT4G14940	8.585	2.938158436844409	0.34944670937682	0.9900497512437811	198	592	200	1.0
CG	loss	GO:0071446	cellular response to salicylic acid stimulus	3	AT2G39260;AT4G01370;AT4G16890	5.595	2.186544076848213	0.5361930294906166	0.9402985074626866	188	592	200	1.0
CG	loss	GO:0071453	cellular response to oxygen levels	4	AT1G30040;AT1G53840;AT2G36460;AT4G19520	13.585	3.2973891186816258	0.2944423997055576	1.0	200	592	200	1.0
CG	loss	GO:0071456	cellular response to hypoxia	4	AT1G30040;AT1G53840;AT2G36460;AT4G19520	13.45	3.2676444114989067	0.29739776951672864	1.0	200	592	200	1.0
CG	loss	GO:0071470	cellular response to osmotic stress	4	AT2G01830;AT2G01900;AT4G04340;AT5G24270	5.475	2.083116655398828	0.7305936073059361	0.8407960199004975	168	592	200	1.0
CG	loss	GO:0071478	cellular response to radiation	3	AT4G08920;AT4G20940;AT5G02810	11.885	3.021882691303553	0.2524190155658393	1.0	200	592	200	1.0
CG	loss	GO:0071482	cellular response to light stimulus	3	AT4G08920;AT4G20940;AT5G02810	11.29	2.959037005513789	0.26572187776793627	1.0	200	592	200	1.0
CG	loss	GO:0071495	cellular response to endogenous stimulus	17	AT1G28560;AT1G49190;AT1G54830;AT1G59870;AT1G71930;AT2G01830;AT2G01950;AT2G25170;AT2G39260;AT3G28970;AT3G48360;AT3G57040;AT4G01370;AT4G04920;AT4G14940;AT5G02810;AT5G20990	51.04	7.1202808933356145	0.3330721003134796	1.0	200	592	200	1.0
CG	loss	GO:0071554	cell wall organization or biogenesis	27	AT1G11590;AT1G14110;AT1G23720;AT1G53840;AT1G59870;AT1G63450;AT1G73360;AT1G77130;AT2G27380;AT2G36710;AT2G37090;AT3G07160;AT3G26380;AT3G27980;AT3G28550;AT3G54580;AT3G54590;AT3G55500;AT4G03930;AT4G09960;AT4G20170;AT4G21060;AT4G28850;AT4G33330;AT5G11420;AT5G12150;AT5G27870	43.875	5.854859093095245	0.6153846153846154	1.0	200	592	200	1.0
CG	loss	GO:0071555	cell wall organization	16	AT1G11590;AT1G23720;AT1G53840;AT1G59870;AT1G73360;AT2G27380;AT2G36710;AT3G07160;AT3G27980;AT3G28550;AT3G54580;AT3G54590;AT3G55500;AT4G03930;AT5G11420;AT5G27870	27.115	4.7551840132638485	0.5900792919048498	0.9900497512437811	198	592	200	1.0
CG	loss	GO:0071669	plant-type cell wall organization or biogenesis	13	AT1G23720;AT1G73360;AT1G77130;AT2G27380;AT2G37090;AT3G28550;AT3G54580;AT3G54590;AT3G55500;AT4G09960;AT4G33330;AT5G11420;AT5G12150	24.25	4.726256446702821	0.5360824742268041	0.9950248756218906	199	592	200	1.0
CG	loss	GO:0071695	anatomical structure maturation	4	AT1G59870;AT1G63450;AT4G21060;AT5G16910	14.305	3.6880855467301745	0.2796225096120238	1.0	200	592	200	1.0
CG	loss	GO:0071705	nitrogen compound transport	10	AT1G32450;AT1G72560;AT1G73220;AT2G07681;AT2G13650;AT3G55740;AT4G24715;AT5G19980;AT5G49630;AT5G53550	27.55	4.923159554594991	0.3629764065335753	1.0	200	592	200	1.0
CG	loss	GO:0071805	potassium ion transmembrane transport	3	AT1G32450;AT4G23640;AT5G37500	8.515	2.7257613615281864	0.3523194362889019	0.9950248756218906	199	592	200	1.0
CG	loss	GO:0071840	cellular component organization or biogenesis	72	AT1G05490;AT1G09060;AT1G10490;AT1G11590;AT1G14110;AT1G16710;AT1G17580;AT1G20830;AT1G23720;AT1G24490;AT1G27940;AT1G53310;AT1G53840;AT1G59870;AT1G62920;AT1G63450;AT1G64740;AT1G64810;AT1G66345;AT1G68110;AT1G73360;AT1G77130;AT1G77320;AT2G07681;AT2G16485;AT2G17900;AT2G25170;AT2G27380;AT2G36710;AT2G37090;AT2G39140;AT3G07160;AT3G11964;AT3G19040;AT3G27980;AT3G28550;AT3G43920;AT3G46000;AT3G46610;AT3G47450;AT3G54580;AT3G54590;AT3G55500;AT4G01370;AT4G01810;AT4G03930;AT4G04340;AT4G04920;AT4G13370;AT4G20170;AT4G21060;AT4G21270;AT4G26455;AT4G28850;AT4G32200;AT4G33330;AT5G11420;AT5G12150;AT5G17410;AT5G20320;AT5G23120;AT5G23610;AT5G27640;AT5G27870;AT5G35200;AT5G37630;AT5G38150;AT5G39770;AT5G48360;AT5G51070;AT5G58180;AT5G62290	244.54	12.670769510965265	0.29443035904146564	1.0	200	592	200	1.0
CG	loss	GO:0072330	monocarboxylic acid biosynthetic process	7	AT1G76690;AT2G15090;AT2G33380;AT3G25110;AT3G45140;AT4G27030;AT5G04230	18.705	3.699726341231207	0.3742314889067095	1.0	200	592	200	1.0
CG	loss	GO:0072521	purine-containing compound metabolic process	11	AT2G02220;AT2G36460;AT3G06650;AT3G10370;AT3G22960;AT4G12440;AT4G26520;AT4G32840;AT5G35790;AT5G38450;AT5G61580	23.44	4.350448252766598	0.46928327645051193	1.0	200	592	200	1.0
CG	loss	GO:0072522	purine-containing compound biosynthetic process	4	AT2G02220;AT3G06650;AT4G12440;AT5G38450	11.145	2.946858496772456	0.35890533871691344	0.9950248756218906	199	592	200	1.0
CG	loss	GO:0072523	purine-containing compound catabolic process	5	AT2G36460;AT3G22960;AT4G26520;AT4G32840;AT5G61580	6.83	2.3708859103719027	0.7320644216691069	0.8208955223880597	164	592	200	1.0
CG	loss	GO:0072524	pyridine-containing compound metabolic process	7	AT2G36460;AT3G10370;AT3G22960;AT4G26520;AT4G32840;AT5G35790;AT5G61580	10.29	2.7831457022585084	0.6802721088435375	0.9104477611940298	182	592	200	1.0
CG	loss	GO:0072526	pyridine-containing compound catabolic process	5	AT2G36460;AT3G22960;AT4G26520;AT4G32840;AT5G61580	5.72	2.2453507521097906	0.8741258741258742	0.6766169154228856	135	592	200	1.0
CG	loss	GO:0072593	reactive oxygen species metabolic process	5	AT1G20620;AT1G30870;AT5G06730;AT5G51890;AT5G64120	10.74	3.228374203836971	0.4655493482309125	0.9800995024875622	196	592	200	1.0
CG	loss	GO:0080090	regulation of primary metabolic process	56	AT1G04950;AT1G09060;AT1G16710;AT1G19510;AT1G20780;AT1G28420;AT1G31640;AT1G34170;AT1G34310;AT1G34390;AT1G34410;AT1G35540;AT1G49190;AT1G55950;AT1G61040;AT1G62975;AT1G67220;AT1G71930;AT1G73360;AT1G75390;AT1G77680;AT1G77980;AT1G78540;AT2G10440;AT2G22840;AT2G25170;AT2G25420;AT2G42430;AT3G03260;AT3G09840;AT3G22760;AT3G46610;AT3G47450;AT3G48360;AT3G57040;AT3G57390;AT3G58110;AT3G59410;AT3G61050;AT4G00540;AT4G04030;AT4G04920;AT4G09960;AT4G10920;AT4G24770;AT4G25210;AT4G25400;AT4G25530;AT4G30080;AT4G32970;AT4G34110;AT5G02810;AT5G04590;AT5G23150;AT5G37020;AT5G39690	200.555	11.6433231940024	0.2792251502081723	1.0	200	592	200	1.0
CG	loss	GO:0080134	regulation of response to stress	8	AT1G59870;AT2G02220;AT2G05940;AT3G09840;AT4G04920;AT4G08920;AT4G32970;AT5G21100	44.835	6.199014034505801	0.17843202854912457	1.0	200	592	200	1.0
CG	loss	GO:0080147	root hair cell development	4	AT1G59870;AT1G63450;AT4G21060;AT5G16910	11.46	3.1762241734487158	0.34904013961605584	1.0	200	592	200	1.0
CG	loss	GO:0090066	regulation of anatomical structure size	3	AT1G27940;AT2G25170;AT5G62290	6.19	2.205425129085092	0.4846526655896607	0.9751243781094527	195	592	200	1.0
CG	loss	GO:0090304	nucleic acid metabolic process	43	AT1G03190;AT1G04950;AT1G05490;AT1G06670;AT1G10490;AT1G28560;AT1G62910;AT1G62930;AT1G64810;AT1G66345;AT1G66730;AT1G74230;AT1G77680;AT2G22840;AT2G39140;AT2G39260;AT2G39620;AT3G02540;AT3G11964;AT3G16680;AT3G16840;AT3G19040;AT3G19840;AT3G23100;AT3G43920;AT4G03110;AT4G24770;AT4G39280;AT5G13230;AT5G14580;AT5G20320;AT5G23150;AT5G23610;AT5G23880;AT5G38830;AT5G39770;AT5G39920;AT5G45140;AT5G49010;AT5G49030;AT5G52040;AT5G57160;AT5G62290	165.595	10.706118577710674	0.259669676016788	1.0	200	592	200	1.0
CG	loss	GO:0090351	seedling development	5	AT1G66730;AT1G75390;AT2G27380;AT2G48130;AT5G11420	14.125	3.7295274499593125	0.35398230088495575	1.0	200	592	200	1.0
CG	loss	GO:0090407	organophosphate biosynthetic process	7	AT1G08200;AT2G02220;AT3G06650;AT3G43220;AT4G12440;AT4G30580;AT5G20990	36.62	5.227389405812438	0.19115237575095578	1.0	200	592	200	1.0
CG	loss	GO:0090558	plant epidermis development	10	AT1G17580;AT1G59870;AT1G63450;AT1G71866;AT1G73360;AT3G22760;AT4G04920;AT4G21060;AT5G12350;AT5G16910	32.045	5.308763980438379	0.31206116398814165	1.0	200	592	200	1.0
CG	loss	GO:0090567	reproductive shoot system development	11	AT1G17110;AT1G17580;AT1G27940;AT1G72560;AT2G41670;AT4G01810;AT4G09960;AT4G31160;AT5G23150;AT5G37020;AT5G49030	42.11	6.148812893559213	0.2612206126810734	1.0	200	592	200	1.0
CG	loss	GO:0090626	plant epidermis morphogenesis	4	AT1G17580;AT1G71866;AT1G73360;AT4G04920	11.175	2.8938512401296625	0.35794183445190153	1.0	200	592	200	1.0
CG	loss	GO:0090627	plant epidermal cell differentiation	6	AT1G27940;AT1G59870;AT1G63450;AT1G71866;AT4G21060;AT5G16910	21.385	4.385974806129187	0.2805704933364508	1.0	200	592	200	1.0
CG	loss	GO:0090693	plant organ senescence	5	AT1G20780;AT1G32450;AT1G54115;AT1G73220;AT5G45900	11.92	2.9771798736388084	0.41946308724832215	0.9950248756218906	199	592	200	1.0
CG	loss	GO:0090696	post-embryonic plant organ development	3	AT1G28560;AT2G04160;AT2G42430	18.91	3.877099431275913	0.15864621893178213	1.0	200	592	200	1.0
CG	loss	GO:0090697	post-embryonic plant organ morphogenesis	3	AT1G28560;AT2G04160;AT2G42430	13.75	3.322273318076042	0.21818181818181817	1.0	200	592	200	1.0
CG	loss	GO:0090698	post-embryonic plant morphogenesis	5	AT1G27940;AT1G28560;AT1G71866;AT2G04160;AT2G42430	22.585	4.189603203168522	0.22138587558113793	1.0	200	592	200	1.0
CG	loss	GO:0097237	cellular response to toxic substance	11	AT1G20620;AT1G30870;AT1G59870;AT1G65990;AT2G43430;AT4G11600;AT4G35970;AT5G06730;AT5G24655;AT5G51890;AT5G64120	14.51	3.705387968890709	0.7580978635423846	0.8557213930348259	171	592	200	1.0
CG	loss	GO:0097305	response to alcohol	11	AT1G54830;AT1G55870;AT1G71930;AT2G33380;AT3G48360;AT4G00970;AT4G01370;AT4G04920;AT4G20940;AT4G21410;AT5G37500	50.665	7.390045669682973	0.21711240501332282	1.0	200	592	200	1.0
CG	loss	GO:0097306	cellular response to alcohol	3	AT1G54830;AT3G48360;AT4G04920	14.235	3.741627319763421	0.2107481559536354	1.0	200	592	200	1.0
CG	loss	GO:0097435	supramolecular fiber organization	5	AT1G17580;AT3G46000;AT4G01370;AT5G17410;AT5G48360	19.3	3.9572717874818717	0.25906735751295334	1.0	200	592	200	1.0
CG	loss	GO:0098542	defense response to other organism	10	AT1G59870;AT2G02220;AT3G43920;AT4G01370;AT4G03110;AT4G16890;AT4G22470;AT4G24770;AT5G20320;AT5G54610	26.79	4.980552178222819	0.3732736095558044	1.0	200	592	200	1.0
CG	loss	GO:0098655	monoatomic cation transmembrane transport	10	AT1G32450;AT1G59870;AT1G74770;AT2G07695;AT2G28170;AT4G04340;AT4G13590;AT4G23640;AT5G37500;AT5G41610	39.91	5.801025771361501	0.25056376847907796	1.0	200	592	200	1.0
CG	loss	GO:0098657	import into cell	3	AT1G68110;AT1G74770;AT5G35200	10.87	2.891902487982611	0.27598896044158233	1.0	200	592	200	1.0
CG	loss	GO:0098754	detoxification	14	AT1G20620;AT1G30870;AT1G59870;AT1G65990;AT1G71870;AT2G43430;AT3G03620;AT3G09270;AT4G11600;AT4G35970;AT5G06730;AT5G24655;AT5G51890;AT5G64120	23.195	4.573507953420435	0.6035783574046131	0.9900497512437811	198	592	200	1.0
CG	loss	GO:0098771	inorganic ion homeostasis	5	AT1G32450;AT1G59870;AT1G74770;AT4G08920;AT5G24270	18.375	4.558988374628742	0.272108843537415	1.0	200	592	200	1.0
CG	loss	GO:0098813	nuclear chromosome segregation	3	AT4G21270;AT4G32200;AT5G37630	8.71	2.363450866847031	0.3444316877152698	1.0	200	592	200	1.0
CG	loss	GO:0098869	cellular oxidant detoxification	9	AT1G20620;AT1G30870;AT1G65990;AT4G11600;AT4G35970;AT5G06730;AT5G24655;AT5G51890;AT5G64120	11.83	3.2956183031413078	0.760777683854607	0.8407960199004975	168	592	200	1.0
CG	loss	GO:0099402	plant organ development	32	AT1G17110;AT1G17580;AT1G20780;AT1G27940;AT1G28560;AT1G32450;AT1G53310;AT1G54115;AT1G59870;AT1G63450;AT1G73220;AT2G01830;AT2G04160;AT2G22840;AT2G25170;AT2G41670;AT2G42430;AT2G42600;AT3G47450;AT4G01810;AT4G04920;AT4G08920;AT4G09960;AT4G21060;AT4G23640;AT4G30080;AT4G31160;AT5G16910;AT5G23150;AT5G24740;AT5G45900;AT5G49030	118.485	8.886493965563774	0.2700763809764949	1.0	200	592	200	1.0
CG	loss	GO:0104004	cellular response to environmental stimulus	8	AT2G01830;AT2G01900;AT4G04340;AT4G08920;AT4G20940;AT5G02810;AT5G24270;AT5G55860	20.805	4.095970580949037	0.38452295121365054	1.0	200	592	200	1.0
CG	loss	GO:0140013	meiotic nuclear division	6	AT1G77320;AT4G01370;AT4G21270;AT4G32200;AT5G23610;AT5G39770	12.425	3.0173456878521567	0.482897384305835	0.9850746268656716	197	592	200	1.0
CG	loss	GO:0140014	mitotic nuclear division	3	AT3G07160;AT5G12150;AT5G37630	3.945	1.6887791448262266	0.7604562737642586	0.8159203980099502	163	592	200	1.0
CG	loss	GO:0140053	mitochondrial gene expression	3	AT1G62910;AT1G66345;AT5G14580	3.585	1.6978736702122454	0.8368200836820083	0.7263681592039801	145	592	200	1.0
CG	loss	GO:0140115	export across plasma membrane	4	AT1G27940;AT1G59870;AT1G71870;AT3G03620	11.995	3.3233981103683656	0.3334722801167153	0.9950248756218906	199	592	200	1.0
CG	loss	GO:0140352	export from cell	4	AT1G27940;AT1G59870;AT1G71870;AT3G03620	18.195	3.8829080596892847	0.21984061555372356	1.0	200	592	200	1.0
CG	loss	GO:0140546	defense response to symbiont	9	AT1G59870;AT2G02220;AT3G43920;AT4G01370;AT4G03110;AT4G16890;AT4G24770;AT5G20320;AT5G54610	23.93	4.683492286745014	0.3760969494358546	1.0	200	592	200	1.0
CG	loss	GO:0141124	intracellular signaling cassette	5	AT1G64480;AT3G25170;AT4G01370;AT4G13590;AT5G24270	13.365	3.337929747613027	0.37411148522259635	0.9950248756218906	199	592	200	1.0
CG	loss	GO:0141187	nucleic acid biosynthetic process	27	AT1G04950;AT1G05490;AT1G10490;AT1G28560;AT1G62910;AT1G62930;AT1G64810;AT1G66345;AT1G66730;AT2G22840;AT2G39140;AT3G11964;AT3G16680;AT3G16840;AT3G19040;AT3G19840;AT3G43920;AT4G24770;AT5G14580;AT5G20320;AT5G23150;AT5G23880;AT5G39920;AT5G45140;AT5G52040;AT5G57160;AT5G62290	89.435	7.7894656427767694	0.30189523117347794	1.0	200	592	200	1.0
CG	loss	GO:0141188	nucleic acid catabolic process	5	AT1G77680;AT2G39260;AT4G03110;AT5G14580;AT5G39770	9.955	3.00715397011859	0.5022601707684581	0.9850746268656716	197	592	200	1.0
CG	loss	GO:0160109	plant gross anatomical part developmental process	67	AT1G17110;AT1G17580;AT1G20780;AT1G27940;AT1G28560;AT1G32450;AT1G53310;AT1G54115;AT1G59870;AT1G63450;AT1G66730;AT1G67990;AT1G71866;AT1G71930;AT1G72560;AT1G73220;AT1G73360;AT1G77980;AT2G01830;AT2G02240;AT2G04160;AT2G22840;AT2G25170;AT2G25420;AT2G38195;AT2G41670;AT2G42430;AT2G42600;AT2G48130;AT3G05840;AT3G07160;AT3G11964;AT3G22760;AT3G22960;AT3G46330;AT3G47450;AT3G48360;AT3G57390;AT4G01370;AT4G01810;AT4G04920;AT4G08920;AT4G09960;AT4G13610;AT4G14940;AT4G21060;AT4G23640;AT4G24660;AT4G29380;AT4G30080;AT4G30580;AT4G31160;AT5G01770;AT5G12350;AT5G16910;AT5G17410;AT5G20320;AT5G23150;AT5G24740;AT5G26290;AT5G37020;AT5G45140;AT5G45900;AT5G49030;AT5G53550;AT5G54790;AT5G57790	239.03	12.86736569776427	0.2802995439902941	1.0	200	592	200	1.0
CG	loss	GO:0160307	protein biosynthetic process	12	AT2G07715;AT2G39140;AT3G10950;AT3G44890;AT3G46610;AT4G29060;AT4G34110;AT4G39280;AT5G27640;AT5G38830;AT5G49030;AT5G64140	30.635	5.110946585516225	0.39170882976987104	1.0	200	592	200	1.0
CG	loss	GO:0170039	proteinogenic amino acid metabolic process	5	AT4G14880;AT4G33010;AT5G04230;AT5G28030;AT5G35630	20.46	4.220000000000001	0.24437927663734113	1.0	200	592	200	1.0
CG	loss	GO:1900055	regulation of leaf senescence	3	AT1G67140;AT4G14880;AT5G45900	5.89	2.0947314863724187	0.5093378607809848	0.945273631840796	189	592	200	1.0
CG	loss	GO:1900140	regulation of seedling development	3	AT1G54830;AT2G01830;AT4G18550	10.69	2.8344135195839044	0.28063610851262866	1.0	200	592	200	1.0
CG	loss	GO:1901135	carbohydrate derivative metabolic process	21	AT1G08200;AT1G16900;AT1G59870;AT1G63450;AT1G74090;AT2G02220;AT2G22840;AT2G36460;AT3G10370;AT3G22960;AT3G26380;AT4G00550;AT4G12440;AT4G21060;AT4G26520;AT4G32840;AT5G05460;AT5G35790;AT5G43710;AT5G48180;AT5G61580	49.565	6.862636155297776	0.42368606879854737	1.0	200	592	200	1.0
CG	loss	GO:1901136	carbohydrate derivative catabolic process	7	AT1G59870;AT2G36460;AT3G22960;AT4G26520;AT4G32840;AT5G48180;AT5G61580	9.74	3.0170183957012906	0.7186858316221766	0.8656716417910447	173	592	200	1.0
CG	loss	GO:1901137	carbohydrate derivative biosynthetic process	9	AT1G08200;AT1G16900;AT1G63450;AT1G74090;AT2G02220;AT4G00550;AT4G12440;AT4G21060;AT5G05460	30.22	5.735991631793062	0.29781601588352086	1.0	200	592	200	1.0
CG	loss	GO:1901264	carbohydrate derivative transport	4	AT1G30420;AT2G13650;AT2G34660;AT5G19980	8.98	2.8964806231010742	0.4454342984409799	0.9800995024875622	196	592	200	1.0
CG	loss	GO:1901292	nucleoside phosphate catabolic process	5	AT2G36460;AT3G22960;AT4G26520;AT4G32840;AT5G61580	5.84	2.2392856003645454	0.8561643835616438	0.7213930348258707	144	592	200	1.0
CG	loss	GO:1901293	nucleoside phosphate biosynthetic process	4	AT1G08200;AT2G02220;AT3G06650;AT4G12440	18.22	3.6934536683164225	0.21953896816684962	1.0	200	592	200	1.0
CG	loss	GO:1901698	response to nitrogen compound	5	AT1G32450;AT1G59870;AT1G66730;AT3G48360;AT4G24715	11.44	3.0832450437809857	0.4370629370629371	0.9900497512437811	198	592	200	1.0
CG	loss	GO:1901700	response to oxygen-containing compound	37	AT1G27595;AT1G27940;AT1G32450;AT1G54830;AT1G55870;AT1G59870;AT1G66730;AT1G71930;AT2G01830;AT2G01950;AT2G22840;AT2G25170;AT2G33380;AT2G39260;AT2G40130;AT2G43430;AT3G06850;AT3G09840;AT3G45140;AT3G47450;AT3G48360;AT3G61050;AT4G00970;AT4G01370;AT4G04920;AT4G08920;AT4G14940;AT4G16890;AT4G20940;AT4G21410;AT4G24715;AT4G30350;AT4G36020;AT5G21100;AT5G24030;AT5G37500;AT5G54610	150.635	11.549968614676063	0.2456268463504498	1.0	200	592	200	1.0
CG	loss	GO:1901701	cellular response to oxygen-containing compound	15	AT1G27595;AT1G54830;AT1G59870;AT2G01830;AT2G01950;AT2G39260;AT2G43430;AT3G09840;AT3G48360;AT4G01370;AT4G04920;AT4G08920;AT4G14940;AT4G16890;AT4G20940	55.67	7.441175982329664	0.2694449434165619	1.0	200	592	200	1.0
CG	loss	GO:1902347	response to strigolactone	3	AT2G40130;AT4G08920;AT4G30350	1.25	0.9367496997597597	2.4	0.0945273631840796	18	592	200	1.0
CG	loss	GO:1902600	proton transmembrane transport	4	AT1G32450;AT2G07695;AT2G28170;AT5G41610	15.19	3.5219170915852054	0.2633311389071758	1.0	200	592	200	1.0
CG	loss	GO:1902679	negative regulation of RNA biosynthetic process	6	AT1G28420;AT2G25170;AT3G61050;AT4G04030;AT5G02810;AT5G04590	20.75	4.180610003336836	0.2891566265060241	1.0	200	592	200	1.0
CG	loss	GO:1902680	positive regulation of RNA biosynthetic process	10	AT1G04950;AT1G31640;AT1G61040;AT1G71930;AT1G77980;AT2G10440;AT2G42430;AT3G57390;AT4G09960;AT4G10920	30.8	5.2820450584976895	0.3246753246753247	1.0	200	592	200	1.0
CG	loss	GO:1903046	meiotic cell cycle process	9	AT1G77320;AT3G07160;AT4G01370;AT4G21270;AT4G32200;AT5G23610;AT5G26290;AT5G39770;AT5G57790	18.455	3.3538000834873944	0.48767271742075324	1.0	200	592	200	1.0
CG	loss	GO:1903047	mitotic cell cycle process	3	AT3G07160;AT5G12150;AT5G37630	11.86	2.879305471810868	0.25295109612141653	1.0	200	592	200	1.0
CG	loss	GO:1905392	plant organ morphogenesis	9	AT1G28560;AT1G59870;AT1G63450;AT2G01830;AT2G04160;AT2G42430;AT4G21060;AT5G16910;AT5G24740	51.205	6.1735706847820255	0.17576408553852163	1.0	200	592	200	1.0
CG	loss	GO:1990748	cellular detoxification	11	AT1G20620;AT1G30870;AT1G59870;AT1G65990;AT2G43430;AT4G11600;AT4G35970;AT5G06730;AT5G24655;AT5G51890;AT5G64120	14.415	3.6881940024895705	0.7630939993062782	0.845771144278607	169	592	200	1.0
CG	loss	GO:2000023	regulation of lateral root development	3	AT1G59870;AT2G25170;AT4G08920	2.485	1.5032548020877903	1.2072434607645877	0.44776119402985076	89	592	200	1.0
CG	loss	GO:2000026	regulation of multicellular organismal development	13	AT1G54830;AT1G59870;AT1G61040;AT2G01830;AT2G22840;AT2G25170;AT3G57390;AT4G08920;AT4G18550;AT4G25530;AT5G23150;AT5G24655;AT5G41990	43.44	6.119346370324225	0.2992633517495396	1.0	200	592	200	1.0
CG	loss	GO:2000028	regulation of photoperiodism, flowering	5	AT3G46510;AT3G57390;AT4G03110;AT4G04920;AT5G24655	11.085	2.8174057215814647	0.4510599909788001	1.0	200	592	200	1.0
CG	loss	GO:2000069	regulation of post-embryonic root development	3	AT1G59870;AT2G25170;AT4G08920	2.865	1.5642170565493776	1.0471204188481675	0.5323383084577115	106	592	200	1.0
CG	loss	GO:2000241	regulation of reproductive process	9	AT1G61040;AT1G77980;AT3G07160;AT3G57390;AT4G09960;AT4G25530;AT5G23150;AT5G24655;AT5G41990	29.75	5.193986907954232	0.3025210084033613	1.0	200	592	200	1.0
CG	loss	GO:2000242	negative regulation of reproductive process	3	AT1G61040;AT3G57390;AT5G23150	7.48	2.3237039398339867	0.40106951871657753	0.9900497512437811	198	592	200	1.0
CG	loss	GO:2000280	regulation of root development	4	AT1G59870;AT2G25170;AT4G08920;AT5G26700	8.15	2.6995369973386167	0.49079754601226994	0.9651741293532339	193	592	200	1.0
CG	loss	GO:2000377	regulation of reactive oxygen species metabolic process	5	AT2G01900;AT2G05940;AT2G33380;AT4G01370;AT4G08920	5.91	2.234256028301144	0.8460236886632826	0.736318407960199	147	592	200	1.0
CG	loss	GO:2001141	regulation of RNA biosynthetic process	45	AT1G04950;AT1G16710;AT1G19510;AT1G28420;AT1G31640;AT1G34170;AT1G34310;AT1G34390;AT1G34410;AT1G35540;AT1G49190;AT1G55950;AT1G61040;AT1G62975;AT1G67220;AT1G71930;AT1G73360;AT1G75390;AT1G77980;AT1G78540;AT2G10440;AT2G22840;AT2G25170;AT2G25420;AT2G42430;AT3G03260;AT3G22760;AT3G48360;AT3G57040;AT3G57390;AT3G61050;AT4G00540;AT4G04030;AT4G04920;AT4G09960;AT4G10920;AT4G25210;AT4G25400;AT4G25530;AT4G30080;AT5G02810;AT5G04590;AT5G23150;AT5G37020;AT5G39690	157.9	10.469957019968867	0.2849905003166561	1.0	200	592	200	1.0
CHG	gain	GO:0000272	polysaccharide catabolic process	10	AT1G11590;AT1G44980;AT1G69940;AT2G36710;AT3G10900;AT3G30540;AT4G03930;AT4G28490;AT5G07420;AT5G18990	13.2	3.4626579386361582	0.7575757575757576	0.8905472636815921	178	375	200	1.0
CHG	gain	GO:0000902	cell morphogenesis	6	AT1G26960;AT1G69940;AT2G07040;AT2G25630;AT3G23380;AT3G26870	39.625	5.4967604095503395	0.15141955835962145	1.0	200	375	200	1.0
CHG	gain	GO:0001101	response to acid chemical	5	AT2G24720;AT3G20840;AT3G45140;AT3G46620;AT5G37500	41.395	6.19023222504614	0.12078753472641622	1.0	200	375	200	1.0
CHG	gain	GO:0001558	regulation of cell growth	3	AT1G77980;AT2G07040;AT5G44585	12.34	3.0552250326285324	0.24311183144246354	0.9950248756218906	199	375	200	1.0
CHG	gain	GO:0003006	developmental process involved in reproduction	25	AT1G10270;AT1G19890;AT1G55540;AT1G66730;AT1G67990;AT1G69940;AT1G76500;AT2G07040;AT2G15690;AT2G25630;AT2G31215;AT2G48130;AT3G07610;AT3G23380;AT3G26870;AT3G46330;AT4G02770;AT4G11880;AT4G13610;AT4G23100;AT4G28490;AT5G22260;AT5G23040;AT5G57790;AT5G62165	141.42	10.013670655658897	0.1767783906095319	1.0	200	375	200	1.0
CHG	gain	GO:0005975	carbohydrate metabolic process	30	AT1G11590;AT1G17150;AT1G22650;AT1G31740;AT1G32180;AT1G44980;AT1G67090;AT1G69940;AT1G71930;AT2G18700;AT2G18800;AT2G25630;AT2G28760;AT2G36710;AT2G44570;AT3G10900;AT3G30540;AT3G42153;AT3G60140;AT4G02130;AT4G03930;AT4G09740;AT4G13760;AT4G23560;AT4G28490;AT4G28850;AT5G07420;AT5G18990;AT5G42260;AT5G44840	85.71	8.012234394973765	0.3500175008750438	1.0	200	375	200	1.0
CHG	gain	GO:0005976	polysaccharide metabolic process	15	AT1G11590;AT1G32180;AT1G44980;AT1G69940;AT1G71930;AT2G18800;AT2G36710;AT3G10900;AT3G30540;AT4G02130;AT4G03930;AT4G28490;AT4G28850;AT5G07420;AT5G18990	42.365	5.904386081549872	0.35406585624926235	1.0	200	375	200	1.0
CHG	gain	GO:0006091	generation of precursor metabolites and energy	3	AT2G07687;AT2G07727;AT2G18660	24.295	4.737929400064962	0.12348219798312408	1.0	200	375	200	1.0
CHG	gain	GO:0006139	nucleobase-containing compound metabolic process	11	AT1G53490;AT1G66730;AT2G07690;AT2G07698;AT2G15690;AT2G24490;AT2G28760;AT3G20840;AT3G30805;AT5G08305;AT5G39770	190.8	11.299115009592166	0.057651991614255764	1.0	200	375	200	1.0
CHG	gain	GO:0006259	DNA metabolic process	6	AT1G53490;AT1G66730;AT2G07690;AT2G24490;AT3G20840;AT5G39770	48.425	6.12163172691728	0.12390294269488901	1.0	200	375	200	1.0
CHG	gain	GO:0006281	DNA repair	3	AT1G66730;AT2G24490;AT5G39770	30.045	4.7584635125216606	0.09985022466300549	1.0	200	375	200	1.0
CHG	gain	GO:0006310	DNA recombination	4	AT1G53490;AT1G66730;AT2G24490;AT5G39770	18.445	3.591235859700668	0.2168609379235565	1.0	200	375	200	1.0
CHG	gain	GO:0006355	regulation of DNA-templated transcription	31	AT1G18330;AT1G26960;AT1G27220;AT1G31640;AT1G34170;AT1G34310;AT1G34390;AT1G34410;AT1G35240;AT1G35520;AT1G35540;AT1G49190;AT1G68520;AT1G71930;AT1G76500;AT1G77980;AT2G10440;AT2G24790;AT2G31215;AT3G20840;AT3G22760;AT4G00540;AT4G04030;AT4G11880;AT4G18020;AT4G25530;AT5G04590;AT5G22260;AT5G33210;AT5G39690;AT5G62165	150.295	10.57203741007392	0.2062610199940118	1.0	200	375	200	1.0
CHG	gain	GO:0006357	regulation of transcription by RNA polymerase II	6	AT1G26960;AT1G31640;AT1G76500;AT1G77980;AT4G11880;AT5G62165	21.98	4.4135699835847175	0.272975432211101	1.0	200	375	200	1.0
CHG	gain	GO:0006508	proteolysis	4	AT2G07200;AT3G42550;AT4G21640;AT5G28550	34.68	5.536027456579313	0.11534025374855825	1.0	200	375	200	1.0
CHG	gain	GO:0006520	amino acid metabolic process	7	AT1G23310;AT1G25220;AT1G71920;AT2G35500;AT3G10340;AT3G30805;AT5G28030	33.525	5.398089939969526	0.20879940343027592	1.0	200	375	200	1.0
CHG	gain	GO:0006629	lipid metabolic process	9	AT1G36580;AT1G62190;AT1G66120;AT2G01900;AT2G07050;AT3G29110;AT3G45140;AT4G00400;AT5G44585	79.06	7.793997690530777	0.11383759170250442	1.0	200	375	200	1.0
CHG	gain	GO:0006631	fatty acid metabolic process	5	AT1G36580;AT1G62190;AT1G66120;AT3G45140;AT5G44585	21.115	4.0769811135201515	0.23679848448969928	1.0	200	375	200	1.0
CHG	gain	GO:0006790	sulfur compound metabolic process	4	AT4G23100;AT5G04590;AT5G28030;AT5G44585	23.34	4.86255077094317	0.1713796058269066	1.0	200	375	200	1.0
CHG	gain	GO:0006793	phosphorus metabolic process	4	AT2G01900;AT2G07698;AT2G28760;AT4G00400	57.345	6.9416118445214385	0.06975324788560468	1.0	200	375	200	1.0
CHG	gain	GO:0006796	phosphate-containing compound metabolic process	3	AT2G01450;AT2G01900;AT4G28490	26.82	4.755796463264584	0.11185682326621924	1.0	200	375	200	1.0
CHG	gain	GO:0006810	transport	21	AT1G34065;AT1G47603;AT1G55540;AT1G62200;AT1G65550;AT2G04090;AT2G07681;AT2G07687;AT2G07698;AT2G07727;AT2G13620;AT2G24720;AT2G28640;AT2G30290;AT2G42005;AT2G48130;AT4G02700;AT4G08670;AT5G05760;AT5G24290;AT5G37500	206.265	12.269668903438353	0.10181077739800742	1.0	200	375	200	1.0
CHG	gain	GO:0006811	monoatomic ion transport	8	AT2G07681;AT2G07687;AT2G07698;AT2G07727;AT2G13620;AT2G24720;AT5G24290;AT5G37500	47.95	6.45426215767533	0.16684045881126172	1.0	200	375	200	1.0
CHG	gain	GO:0006812	monoatomic cation transport	8	AT2G07681;AT2G07687;AT2G07698;AT2G07727;AT2G13620;AT2G24720;AT5G24290;AT5G37500	41.725	5.781814161662405	0.19173157579388855	1.0	200	375	200	1.0
CHG	gain	GO:0006950	response to stress	35	AT1G23310;AT1G32220;AT1G33910;AT1G52940;AT1G58390;AT1G64790;AT1G66730;AT1G67090;AT1G69940;AT1G71930;AT2G01150;AT2G01900;AT2G02130;AT2G17690;AT2G18660;AT2G24490;AT3G10340;AT3G20840;AT3G45140;AT3G46620;AT4G16860;AT4G16890;AT4G19330;AT4G23100;AT4G28490;AT4G35770;AT5G04590;AT5G04720;AT5G22500;AT5G28030;AT5G37500;AT5G39770;AT5G44585;AT5G45240;AT5G53120	280.295	13.01875474075696	0.12486844217699208	1.0	200	375	200	1.0
CHG	gain	GO:0006952	defense response	16	AT1G52940;AT1G58390;AT1G64790;AT1G69940;AT1G71930;AT2G02130;AT2G18660;AT3G10340;AT4G16860;AT4G16890;AT4G23100;AT4G28490;AT5G04720;AT5G44585;AT5G45240;AT5G53120	89.545	8.840699915730658	0.17868111005639623	1.0	200	375	200	1.0
CHG	gain	GO:0006974	DNA damage response	3	AT1G66730;AT2G24490;AT5G39770	33.935	5.071565340208091	0.088404302342714	1.0	200	375	200	1.0
CHG	gain	GO:0006979	response to oxidative stress	6	AT1G32220;AT1G66730;AT3G10340;AT4G23100;AT4G35770;AT5G28030	32.975	4.963302831784483	0.1819560272934041	1.0	200	375	200	1.0
CHG	gain	GO:0006996	organelle organization	11	AT1G24490;AT1G44575;AT1G53490;AT2G07050;AT3G20840;AT3G44370;AT3G61230;AT4G34090;AT5G23040;AT5G23120;AT5G39770	109.335	8.624544915530434	0.10060822243563361	1.0	200	375	200	1.0
CHG	gain	GO:0007049	cell cycle	6	AT1G53490;AT2G38195;AT2G38220;AT4G08630;AT5G39770;AT5G57790	42.79	5.800508598390335	0.14021967749474176	1.0	200	375	200	1.0
CHG	gain	GO:0007154	cell communication	16	AT1G21230;AT1G33910;AT1G49005;AT1G49190;AT2G01450;AT2G05117;AT2G24720;AT2G24790;AT2G45950;AT4G16295;AT4G16860;AT4G16890;AT4G18020;AT5G04720;AT5G44585;AT5G45240	113.035	8.822911934276538	0.14154907771929048	1.0	200	375	200	1.0
CHG	gain	GO:0007165	signal transduction	13	AT1G21230;AT1G33910;AT1G49190;AT2G01450;AT2G05117;AT2G24720;AT2G24790;AT2G45950;AT4G16860;AT4G16890;AT4G18020;AT5G04720;AT5G45240	107.415	8.687506834529591	0.12102592747754037	1.0	200	375	200	1.0
CHG	gain	GO:0007275	multicellular organism development	34	AT1G10270;AT1G13245;AT1G19890;AT1G25220;AT1G26960;AT1G49005;AT1G55540;AT1G66730;AT1G67990;AT1G76500;AT1G77980;AT2G07050;AT2G15690;AT2G18800;AT2G31215;AT2G38195;AT2G38220;AT2G48130;AT3G07610;AT3G20840;AT3G22760;AT3G46330;AT4G02770;AT4G11880;AT4G13610;AT4G19330;AT4G23100;AT4G28490;AT5G22260;AT5G23040;AT5G44585;AT5G51640;AT5G57790;AT5G62165	242.385	13.022932657431868	0.14027270664438807	1.0	200	375	200	1.0
CHG	gain	GO:0008104	intracellular protein localization	4	AT1G24490;AT2G30290;AT3G44370;AT5G05760	45.595	6.27622298839041	0.08772891764447856	1.0	200	375	200	1.0
CHG	gain	GO:0008152	metabolic process	83	AT1G11590;AT1G17150;AT1G22650;AT1G23310;AT1G25220;AT1G31740;AT1G32180;AT1G36580;AT1G44980;AT1G50490;AT1G53490;AT1G62190;AT1G66120;AT1G66730;AT1G67090;AT1G67980;AT1G67990;AT1G69940;AT1G71920;AT1G71930;AT2G01150;AT2G01450;AT2G01900;AT2G02050;AT2G07050;AT2G07200;AT2G07687;AT2G07690;AT2G07698;AT2G07727;AT2G15690;AT2G18660;AT2G18700;AT2G18800;AT2G24490;AT2G25630;AT2G28760;AT2G30920;AT2G35500;AT2G36710;AT2G38195;AT2G38220;AT2G44570;AT2G45950;AT3G10340;AT3G10900;AT3G10950;AT3G20840;AT3G29110;AT3G29740;AT3G30540;AT3G30805;AT3G42153;AT3G42550;AT3G45140;AT3G46620;AT3G60140;AT4G00400;AT4G02130;AT4G02770;AT4G03930;AT4G09740;AT4G13760;AT4G21640;AT4G23100;AT4G23560;AT4G28490;AT4G28850;AT5G04590;AT5G07420;AT5G08305;AT5G18990;AT5G22500;AT5G23040;AT5G28030;AT5G28550;AT5G39770;AT5G40850;AT5G42260;AT5G44585;AT5G44840;AT5G53120;AT5G56970	614.815	18.410615823483948	0.13499995933736164	1.0	200	375	200	1.0
CHG	gain	GO:0008610	lipid biosynthetic process	5	AT2G07050;AT3G29110;AT3G45140;AT4G00400;AT5G44585	48.915	6.511357385369037	0.10221813349688234	1.0	200	375	200	1.0
CHG	gain	GO:0008652	amino acid biosynthetic process	4	AT1G23310;AT1G25220;AT1G71920;AT5G28030	14.17	3.330330313947854	0.2822865208186309	1.0	200	375	200	1.0
CHG	gain	GO:0009056	catabolic process	16	AT1G11590;AT1G23310;AT1G36580;AT1G44980;AT1G69940;AT2G36710;AT2G45950;AT3G10340;AT3G10900;AT3G30540;AT4G03930;AT4G28490;AT5G07420;AT5G18990;AT5G39770;AT5G56970	96.255	8.520561894617103	0.16622513116201756	1.0	200	375	200	1.0
CHG	gain	GO:0009057	macromolecule catabolic process	12	AT1G11590;AT1G44980;AT1G69940;AT2G36710;AT2G45950;AT3G10900;AT3G30540;AT4G03930;AT4G28490;AT5G07420;AT5G18990;AT5G39770	51.625	7.165498935873211	0.2324455205811138	1.0	200	375	200	1.0
CHG	gain	GO:0009058	biosynthetic process	29	AT1G23310;AT1G25220;AT1G32180;AT1G66730;AT1G67090;AT1G67980;AT1G67990;AT1G71920;AT2G02050;AT2G07050;AT2G07698;AT2G18700;AT2G28760;AT2G30920;AT2G35500;AT3G10340;AT3G10950;AT3G29110;AT3G30805;AT3G45140;AT4G00400;AT4G02130;AT4G23100;AT5G22500;AT5G23040;AT5G28030;AT5G40850;AT5G44585;AT5G53120	299.995	14.056492272256447	0.09666827780463008	1.0	200	375	200	1.0
CHG	gain	GO:0009059	macromolecule biosynthetic process	7	AT1G32180;AT1G66730;AT3G10950;AT3G30805;AT4G00400;AT4G02130;AT5G23040	173.515	10.806469127333235	0.04034233351583437	1.0	200	375	200	1.0
CHG	gain	GO:0009072	aromatic amino acid metabolic process	4	AT1G25220;AT1G71920;AT2G35500;AT3G10340	6.12	2.3591523901605007	0.6535947712418301	0.8606965174129353	172	375	200	1.0
CHG	gain	GO:0009073	aromatic amino acid biosynthetic process	3	AT1G25220;AT1G71920;AT2G35500	4.645	2.1021358186377976	0.6458557588805167	0.8557213930348259	171	375	200	1.0
CHG	gain	GO:0009266	response to temperature stimulus	8	AT1G33910;AT1G66730;AT1G67090;AT2G17690;AT4G19330;AT4G23100;AT5G04590;AT5G37500	57.89	7.014834281720408	0.1381931248920366	1.0	200	375	200	1.0
CHG	gain	GO:0009308	amine metabolic process	3	AT1G25220;AT5G53120;AT5G56970	7.48	2.3621176939348283	0.40106951871657753	0.9950248756218906	199	375	200	1.0
CHG	gain	GO:0009314	response to radiation	10	AT1G13245;AT1G44575;AT1G66730;AT1G76500;AT2G24720;AT2G24790;AT2G36750;AT4G40100;AT5G23040;AT5G40850	74.535	8.051631822183678	0.13416515730864695	1.0	200	375	200	1.0
CHG	gain	GO:0009408	response to heat	3	AT1G33910;AT2G17690;AT4G23100	23.505	4.720166840271649	0.12763241863433314	1.0	200	375	200	1.0
CHG	gain	GO:0009409	response to cold	5	AT1G66730;AT1G67090;AT4G19330;AT5G04590;AT5G37500	34.755	5.552024405565934	0.14386419220256078	1.0	200	375	200	1.0
CHG	gain	GO:0009414	response to water deprivation	4	AT3G20840;AT3G45140;AT3G46620;AT5G37500	36.705	5.883704190388918	0.10897697861326795	1.0	200	375	200	1.0
CHG	gain	GO:0009415	response to water	4	AT3G20840;AT3G45140;AT3G46620;AT5G37500	37.68	5.9184119491633815	0.10615711252653928	1.0	200	375	200	1.0
CHG	gain	GO:0009416	response to light stimulus	10	AT1G13245;AT1G44575;AT1G66730;AT1G76500;AT2G24720;AT2G24790;AT2G36750;AT4G40100;AT5G23040;AT5G40850	70.425	7.941308141609915	0.1419950301739439	1.0	200	375	200	1.0
CHG	gain	GO:0009555	pollen development	8	AT1G19890;AT1G77980;AT2G07050;AT2G38195;AT2G38220;AT3G07610;AT5G22260;AT5G57790	41.02	5.845476883882077	0.19502681618722573	1.0	200	375	200	1.0
CHG	gain	GO:0009605	response to external stimulus	17	AT1G25220;AT1G52940;AT1G58390;AT1G64790;AT1G66730;AT1G69940;AT1G71930;AT2G15480;AT2G18660;AT3G45140;AT4G16860;AT4G16890;AT4G23100;AT4G28490;AT5G04720;AT5G44585;AT5G53120	124.26	10.201097980119537	0.13680991469499437	1.0	200	375	200	1.0
CHG	gain	GO:0009607	response to biotic stimulus	17	AT1G25220;AT1G52940;AT1G58390;AT1G64790;AT1G66730;AT1G69940;AT1G71930;AT2G15480;AT2G18660;AT3G45140;AT4G16860;AT4G16890;AT4G23100;AT4G28490;AT5G04720;AT5G44585;AT5G53120	105.775	9.462260565002387	0.16071850626329473	1.0	200	375	200	1.0
CHG	gain	GO:0009611	response to wounding	5	AT3G10340;AT3G45140;AT4G35770;AT5G22500;AT5G44585	22.53	4.145973950714107	0.22192632046160674	1.0	200	375	200	1.0
CHG	gain	GO:0009617	response to bacterium	12	AT1G25220;AT1G52940;AT1G64790;AT1G66730;AT1G69940;AT3G45140;AT4G16890;AT4G23100;AT4G28490;AT5G04720;AT5G44585;AT5G53120	47.37	6.044261741519811	0.253324889170361	1.0	200	375	200	1.0
CHG	gain	GO:0009620	response to fungus	5	AT1G52940;AT1G71930;AT3G45140;AT4G16860;AT4G23100	31.11	4.732641968287909	0.1607200257152041	1.0	200	375	200	1.0
CHG	gain	GO:0009627	systemic acquired resistance	3	AT1G64790;AT2G18660;AT4G16890	6.66	2.2592919244754537	0.45045045045045046	0.9800995024875622	196	375	200	1.0
CHG	gain	GO:0009628	response to abiotic stimulus	24	AT1G13245;AT1G23310;AT1G33910;AT1G44575;AT1G66730;AT1G67090;AT1G76500;AT2G01150;AT2G01900;AT2G17690;AT2G24720;AT2G24790;AT2G36750;AT3G20840;AT3G45140;AT3G46620;AT4G19330;AT4G23100;AT4G40100;AT5G04590;AT5G22500;AT5G23040;AT5G37500;AT5G40850	195.465	12.518736957057657	0.12278413015117796	1.0	200	375	200	1.0
CHG	gain	GO:0009639	response to red or far red light	4	AT1G13245;AT1G76500;AT2G24790;AT5G23040	20.855	3.9425848120237044	0.1918005274514505	1.0	200	375	200	1.0
CHG	gain	GO:0009653	anatomical structure morphogenesis	12	AT1G25220;AT1G26960;AT1G49005;AT1G69940;AT2G07040;AT2G25630;AT3G23380;AT3G26870;AT4G11880;AT4G28490;AT5G22260;AT5G44585	99.86	8.9191030939215	0.12016823552974164	1.0	200	375	200	1.0
CHG	gain	GO:0009657	plastid organization	6	AT1G24490;AT1G44575;AT2G07050;AT4G34090;AT5G23040;AT5G23120	25.645	4.629144089353888	0.23396373562097875	1.0	200	375	200	1.0
CHG	gain	GO:0009658	chloroplast organization	3	AT1G24490;AT4G34090;AT5G23040	19.13	3.711212739792756	0.15682174594877157	1.0	200	375	200	1.0
CHG	gain	GO:0009664	plant-type cell wall organization	6	AT1G23720;AT3G28550;AT3G54580;AT3G54590;AT5G06630;AT5G44585	12.865	3.1665083293747998	0.46638165565487755	1.0	200	375	200	1.0
CHG	gain	GO:0009698	phenylpropanoid metabolic process	4	AT1G67980;AT1G67990;AT3G10340;AT5G22500	11.355	2.9948247027163375	0.35226772346983704	0.9950248756218906	199	375	200	1.0
CHG	gain	GO:0009699	phenylpropanoid biosynthetic process	4	AT1G67980;AT1G67990;AT3G10340;AT5G22500	7.575	2.4381088983062265	0.528052805280528	0.9552238805970149	191	375	200	1.0
CHG	gain	GO:0009719	response to endogenous stimulus	21	AT1G25220;AT1G26960;AT1G34170;AT1G34310;AT1G34390;AT1G34410;AT1G35240;AT1G35520;AT1G35540;AT1G49190;AT1G71930;AT2G45950;AT3G45140;AT3G46620;AT4G16890;AT4G23100;AT4G35770;AT5G22260;AT5G24240;AT5G24290;AT5G37500	113.825	9.48020964958051	0.184493740390951	1.0	200	375	200	1.0
CHG	gain	GO:0009725	response to hormone	21	AT1G25220;AT1G26960;AT1G34170;AT1G34310;AT1G34390;AT1G34410;AT1G35240;AT1G35520;AT1G35540;AT1G49190;AT1G71930;AT2G45950;AT3G45140;AT3G46620;AT4G16890;AT4G23100;AT4G35770;AT5G22260;AT5G24240;AT5G24290;AT5G37500	113.57	9.447491730612963	0.18490798626397817	1.0	200	375	200	1.0
CHG	gain	GO:0009733	response to auxin	3	AT1G71930;AT2G45950;AT4G16890	29.475	5.049690584580393	0.10178117048346055	1.0	200	375	200	1.0
CHG	gain	GO:0009737	response to abscisic acid	4	AT1G71930;AT3G46620;AT5G24240;AT5G37500	45.04	5.876087133458808	0.08880994671403197	1.0	200	375	200	1.0
CHG	gain	GO:0009753	response to jasmonic acid	6	AT2G45950;AT3G45140;AT4G23100;AT4G35770;AT5G24290;AT5G37500	17.345	4.197138906445675	0.34592101470164316	1.0	200	375	200	1.0
CHG	gain	GO:0009791	post-embryonic development	22	AT1G10270;AT1G25220;AT1G26960;AT1G55540;AT1G66730;AT1G67990;AT1G76500;AT2G15690;AT2G31215;AT2G48130;AT3G07610;AT3G22760;AT3G46330;AT4G02770;AT4G11880;AT4G13610;AT4G19330;AT4G23100;AT4G28490;AT5G22260;AT5G23040;AT5G62165	144.665	10.693585694237429	0.1520754847406076	1.0	200	375	200	1.0
CHG	gain	GO:0009793	embryo development ending in seed dormancy	6	AT1G10270;AT1G55540;AT2G15690;AT3G46330;AT4G13610;AT5G23040	47.075	6.104864863369164	0.12745618693574085	1.0	200	375	200	1.0
CHG	gain	GO:0009826	unidimensional cell growth	6	AT1G26960;AT1G69940;AT2G07040;AT2G25630;AT3G23380;AT3G26870	29.535	4.660340652784938	0.2031488065007618	1.0	200	375	200	1.0
CHG	gain	GO:0009845	seed germination	3	AT1G66730;AT2G48130;AT4G19330	11.145	3.0665901258564072	0.2691790040376851	1.0	200	375	200	1.0
CHG	gain	GO:0009856	pollination	7	AT1G69940;AT2G07040;AT2G25630;AT3G23380;AT3G26870;AT4G16295;AT5G22260	27.79	5.008582633839641	0.2518891687657431	1.0	200	375	200	1.0
CHG	gain	GO:0009860	pollen tube growth	5	AT1G69940;AT2G07040;AT2G25630;AT3G23380;AT3G26870	13.75	3.550704155516197	0.36363636363636365	0.9950248756218906	199	375	200	1.0
CHG	gain	GO:0009889	regulation of biosynthetic process	37	AT1G18330;AT1G25220;AT1G26960;AT1G27220;AT1G31640;AT1G34170;AT1G34310;AT1G34390;AT1G34410;AT1G35240;AT1G35520;AT1G35540;AT1G44120;AT1G49190;AT1G62310;AT1G68520;AT1G71930;AT1G76500;AT1G77980;AT2G10440;AT2G24790;AT2G31215;AT3G07610;AT3G20840;AT3G22760;AT4G00540;AT4G04030;AT4G11880;AT4G18020;AT4G25530;AT4G28490;AT5G04590;AT5G22260;AT5G33210;AT5G39690;AT5G40850;AT5G62165	215.355	12.241690038552798	0.17180933806969886	1.0	200	375	200	1.0
CHG	gain	GO:0009890	negative regulation of biosynthetic process	6	AT1G27220;AT1G76500;AT3G07610;AT4G04030;AT4G25530;AT5G04590	54.71	6.793077358605596	0.10966916468652897	1.0	200	375	200	1.0
CHG	gain	GO:0009891	positive regulation of biosynthetic process	9	AT1G31640;AT1G71930;AT1G77980;AT2G10440;AT4G11880;AT4G18020;AT5G22260;AT5G40850;AT5G62165	44.165	5.818743421048908	0.20378127476508548	1.0	200	375	200	1.0
CHG	gain	GO:0009892	negative regulation of metabolic process	7	AT1G27220;AT1G76500;AT3G07610;AT4G04030;AT4G25530;AT5G04590;AT5G44585	62.5	7.330757123244487	0.112	1.0	200	375	200	1.0
CHG	gain	GO:0009893	positive regulation of metabolic process	9	AT1G31640;AT1G71930;AT1G77980;AT2G10440;AT4G11880;AT4G18020;AT5G22260;AT5G40850;AT5G62165	52.98	6.598454364470555	0.16987542468856173	1.0	200	375	200	1.0
CHG	gain	GO:0009908	flower development	6	AT2G31215;AT3G07610;AT4G23100;AT4G28490;AT5G22260;AT5G62165	38.0	5.1185935568278955	0.15789473684210525	1.0	200	375	200	1.0
CHG	gain	GO:0009909	regulation of flower development	4	AT2G24790;AT4G25530;AT5G24240;AT5G62165	16.86	3.648342089223544	0.2372479240806643	1.0	200	375	200	1.0
CHG	gain	GO:0009932	cell tip growth	6	AT1G26960;AT1G69940;AT2G07040;AT2G25630;AT3G23380;AT3G26870	17.145	3.9375087301490552	0.3499562554680665	1.0	200	375	200	1.0
CHG	gain	GO:0009987	cellular process	140	AT1G10270;AT1G11590;AT1G14110;AT1G17150;AT1G19890;AT1G21230;AT1G22650;AT1G23310;AT1G23720;AT1G24490;AT1G25220;AT1G26960;AT1G31740;AT1G32180;AT1G33910;AT1G34065;AT1G36580;AT1G44120;AT1G44575;AT1G44980;AT1G47603;AT1G49005;AT1G49190;AT1G50490;AT1G53490;AT1G55540;AT1G62190;AT1G62200;AT1G62310;AT1G65550;AT1G66120;AT1G66730;AT1G67090;AT1G67980;AT1G67990;AT1G69940;AT1G71920;AT1G71930;AT2G01150;AT2G01450;AT2G01900;AT2G02050;AT2G04090;AT2G05117;AT2G07040;AT2G07050;AT2G07200;AT2G07681;AT2G07687;AT2G07690;AT2G07698;AT2G07727;AT2G13620;AT2G15690;AT2G18660;AT2G18700;AT2G18800;AT2G24490;AT2G24720;AT2G24790;AT2G25630;AT2G28640;AT2G28760;AT2G30290;AT2G30920;AT2G35500;AT2G36710;AT2G38195;AT2G38220;AT2G42005;AT2G44570;AT2G45950;AT3G07610;AT3G10340;AT3G10900;AT3G10950;AT3G20840;AT3G22760;AT3G23380;AT3G26870;AT3G28550;AT3G29110;AT3G29740;AT3G30540;AT3G30805;AT3G42153;AT3G42550;AT3G44370;AT3G45140;AT3G46620;AT3G54580;AT3G54590;AT3G60140;AT3G61230;AT4G00400;AT4G02130;AT4G02700;AT4G02770;AT4G03930;AT4G08630;AT4G08990;AT4G09740;AT4G13760;AT4G14140;AT4G16295;AT4G16860;AT4G16890;AT4G18020;AT4G20170;AT4G21640;AT4G23100;AT4G23560;AT4G28490;AT4G28850;AT4G34090;AT5G02370;AT5G04590;AT5G04720;AT5G05760;AT5G06630;AT5G07420;AT5G08305;AT5G18990;AT5G22260;AT5G22500;AT5G23040;AT5G23120;AT5G24290;AT5G28030;AT5G28550;AT5G37500;AT5G39770;AT5G40850;AT5G42260;AT5G44585;AT5G44840;AT5G45240;AT5G53120;AT5G56970;AT5G57790	1009.49	15.935178066152517	0.13868388988499142	1.0	200	375	200	1.0
CHG	gain	GO:0010015	root morphogenesis	6	AT1G25220;AT1G26960;AT1G49005;AT4G11880;AT4G28490;AT5G44585	33.46	5.193110821078246	0.17931858936043035	1.0	200	375	200	1.0
CHG	gain	GO:0010038	response to metal ion	3	AT4G23100;AT5G28030;AT5G37500	22.52	4.586894374192637	0.13321492007104796	1.0	200	375	200	1.0
CHG	gain	GO:0010073	meristem maintenance	4	AT1G49005;AT2G04865;AT4G11880;AT5G44585	18.855	4.228944903873774	0.21214531954388754	1.0	200	375	200	1.0
CHG	gain	GO:0010101	post-embryonic root morphogenesis	3	AT1G25220;AT1G26960;AT4G28490	7.96	2.6207632476055522	0.3768844221105528	0.9950248756218906	199	375	200	1.0
CHG	gain	GO:0010102	lateral root morphogenesis	3	AT1G25220;AT1G26960;AT4G28490	7.875	2.5998798049140666	0.38095238095238093	0.9900497512437811	198	375	200	1.0
CHG	gain	GO:0010154	fruit development	10	AT1G10270;AT1G55540;AT1G66730;AT1G67990;AT2G15690;AT2G48130;AT3G46330;AT4G02770;AT4G13610;AT5G23040	69.005	7.252239309344452	0.14491703499746397	1.0	200	375	200	1.0
CHG	gain	GO:0010467	gene expression	3	AT3G10950;AT3G30805;AT5G23040	132.23	9.226976752978386	0.022687741057248734	1.0	200	375	200	1.0
CHG	gain	GO:0010468	regulation of gene expression	34	AT1G18330;AT1G26960;AT1G27220;AT1G31640;AT1G34170;AT1G34310;AT1G34390;AT1G34410;AT1G35240;AT1G35520;AT1G35540;AT1G49190;AT1G62310;AT1G68520;AT1G71930;AT1G76500;AT1G77980;AT2G10440;AT2G24790;AT2G31215;AT3G07610;AT3G20840;AT3G22760;AT4G00540;AT4G04030;AT4G11880;AT4G18020;AT4G25530;AT4G28490;AT5G04590;AT5G22260;AT5G33210;AT5G39690;AT5G62165	199.325	11.948195470446633	0.17057569296375266	1.0	200	375	200	1.0
CHG	gain	GO:0010556	regulation of macromolecule biosynthetic process	35	AT1G18330;AT1G26960;AT1G27220;AT1G31640;AT1G34170;AT1G34310;AT1G34390;AT1G34410;AT1G35240;AT1G35520;AT1G35540;AT1G44120;AT1G49190;AT1G62310;AT1G68520;AT1G71930;AT1G76500;AT1G77980;AT2G10440;AT2G24790;AT2G31215;AT3G07610;AT3G20840;AT3G22760;AT4G00540;AT4G04030;AT4G11880;AT4G18020;AT4G25530;AT4G28490;AT5G04590;AT5G22260;AT5G33210;AT5G39690;AT5G62165	203.95	12.011973193443524	0.17161068889433687	1.0	200	375	200	1.0
CHG	gain	GO:0010557	positive regulation of macromolecule biosynthetic process	8	AT1G31640;AT1G71930;AT1G77980;AT2G10440;AT4G11880;AT4G18020;AT5G22260;AT5G62165	38.155	5.446189034545145	0.20967107849561	1.0	200	375	200	1.0
CHG	gain	GO:0010558	negative regulation of macromolecule biosynthetic process	6	AT1G27220;AT1G76500;AT3G07610;AT4G04030;AT4G25530;AT5G04590	53.245	6.791537013077425	0.11268663724293361	1.0	200	375	200	1.0
CHG	gain	GO:0010604	positive regulation of macromolecule metabolic process	8	AT1G31640;AT1G71930;AT1G77980;AT2G10440;AT4G11880;AT4G18020;AT5G22260;AT5G62165	44.805	6.112035258406167	0.17855150094855485	1.0	200	375	200	1.0
CHG	gain	GO:0010605	negative regulation of macromolecule metabolic process	6	AT1G27220;AT1G76500;AT3G07610;AT4G04030;AT4G25530;AT5G04590	57.845	7.130285758649546	0.1037254732474717	1.0	200	375	200	1.0
CHG	gain	GO:0010817	regulation of hormone levels	3	AT1G25220;AT4G11880;AT5G56970	26.705	4.736873969191091	0.11233851338700619	1.0	200	375	200	1.0
CHG	gain	GO:0015980	energy derivation by oxidation of organic compounds	3	AT2G07687;AT2G07727;AT2G18660	14.86	3.6153008173594636	0.2018842530282638	1.0	200	375	200	1.0
CHG	gain	GO:0016043	cellular component organization	32	AT1G11590;AT1G23720;AT1G24490;AT1G44575;AT1G44980;AT1G53490;AT1G62310;AT1G67090;AT1G69940;AT2G07050;AT2G07681;AT2G18800;AT2G36710;AT3G07610;AT3G20840;AT3G28550;AT3G44370;AT3G54580;AT3G54590;AT3G61230;AT4G03930;AT4G23100;AT4G34090;AT5G05760;AT5G06630;AT5G07420;AT5G18990;AT5G22260;AT5G23040;AT5G23120;AT5G39770;AT5G44585	211.38	12.267664814462531	0.15138612924590786	1.0	200	375	200	1.0
CHG	gain	GO:0016049	cell growth	7	AT1G26960;AT1G44120;AT1G69940;AT2G07040;AT2G25630;AT3G23380;AT3G26870	39.9	5.584800802177286	0.1754385964912281	1.0	200	375	200	1.0
CHG	gain	GO:0016051	carbohydrate biosynthetic process	4	AT1G32180;AT1G67090;AT2G18700;AT4G02130	33.32	5.164068163763913	0.12004801920768307	1.0	200	375	200	1.0
CHG	gain	GO:0016052	carbohydrate catabolic process	10	AT1G11590;AT1G44980;AT1G69940;AT2G36710;AT3G10900;AT3G30540;AT4G03930;AT4G28490;AT5G07420;AT5G18990	19.345	4.23626899523626	0.5169294391315585	1.0	200	375	200	1.0
CHG	gain	GO:0016070	RNA metabolic process	3	AT2G15690;AT3G30805;AT5G08305	113.37	8.612961163270167	0.02646202699126753	1.0	200	375	200	1.0
CHG	gain	GO:0016567	protein ubiquitination	8	AT1G50490;AT1G53490;AT2G01150;AT2G38195;AT2G38220;AT2G45950;AT3G29740;AT3G46620	48.365	6.562147133370306	0.16540887005065646	1.0	200	375	200	1.0
CHG	gain	GO:0019219	regulation of nucleobase-containing compound metabolic process	31	AT1G18330;AT1G26960;AT1G27220;AT1G31640;AT1G34170;AT1G34310;AT1G34390;AT1G34410;AT1G35240;AT1G35520;AT1G35540;AT1G49190;AT1G68520;AT1G71930;AT1G76500;AT1G77980;AT2G10440;AT2G24790;AT2G31215;AT3G20840;AT3G22760;AT4G00540;AT4G04030;AT4G11880;AT4G18020;AT4G25530;AT5G04590;AT5G22260;AT5G33210;AT5G39690;AT5G62165	166.035	10.790911685302579	0.18670762188695156	1.0	200	375	200	1.0
CHG	gain	GO:0019222	regulation of metabolic process	39	AT1G18330;AT1G25220;AT1G26960;AT1G27220;AT1G31640;AT1G34170;AT1G34310;AT1G34390;AT1G34410;AT1G35240;AT1G35520;AT1G35540;AT1G44120;AT1G49190;AT1G62310;AT1G68520;AT1G71930;AT1G76500;AT1G77980;AT2G01900;AT2G10440;AT2G24790;AT2G31215;AT3G07610;AT3G20840;AT3G22760;AT4G00540;AT4G04030;AT4G11880;AT4G18020;AT4G25530;AT4G28490;AT5G04590;AT5G22260;AT5G33210;AT5G39690;AT5G40850;AT5G44585;AT5G62165	243.065	13.496324499655522	0.16045090819328164	1.0	200	375	200	1.0
CHG	gain	GO:0019538	protein metabolic process	17	AT1G50490;AT1G53490;AT2G01150;AT2G01450;AT2G07200;AT2G38195;AT2G38220;AT2G45950;AT3G10950;AT3G29740;AT3G30805;AT3G42550;AT3G46620;AT4G21640;AT4G28490;AT5G23040;AT5G28550	191.165	12.54821800097538	0.0889284126278346	1.0	200	375	200	1.0
CHG	gain	GO:0019637	organophosphate metabolic process	4	AT2G01900;AT2G07698;AT2G28760;AT4G00400	56.845	6.994353079449164	0.07036678687659424	1.0	200	375	200	1.0
CHG	gain	GO:0019748	secondary metabolic process	5	AT1G67980;AT1G67990;AT3G10340;AT4G23100;AT5G22500	16.145	3.834576247774976	0.3096934035305048	0.9950248756218906	199	375	200	1.0
CHG	gain	GO:0019752	carboxylic acid metabolic process	11	AT1G23310;AT1G25220;AT1G36580;AT1G62190;AT1G66120;AT1G71920;AT2G35500;AT3G10340;AT3G45140;AT5G28030;AT5G44585	68.53	7.58611231132253	0.16051364365971107	1.0	200	375	200	1.0
CHG	gain	GO:0019827	stem cell population maintenance	3	AT1G49005;AT3G20840;AT4G11880	9.79	2.8802604048939773	0.30643513789581206	0.9950248756218906	199	375	200	1.0
CHG	gain	GO:0019953	sexual reproduction	4	AT1G19890;AT1G53490;AT5G39770;AT5G57790	24.685	3.964312676871001	0.1620417257443792	1.0	200	375	200	1.0
CHG	gain	GO:0022402	cell cycle process	4	AT1G53490;AT4G08630;AT5G39770;AT5G57790	40.5	5.569560126257726	0.09876543209876543	1.0	200	375	200	1.0
CHG	gain	GO:0022414	reproductive process	28	AT1G10270;AT1G19890;AT1G53490;AT1G55540;AT1G66730;AT1G67990;AT1G69940;AT1G76500;AT2G07040;AT2G15690;AT2G25630;AT2G31215;AT2G48130;AT3G07610;AT3G23380;AT3G26870;AT3G46330;AT4G02770;AT4G11880;AT4G13610;AT4G16295;AT4G23100;AT4G28490;AT5G22260;AT5G23040;AT5G39770;AT5G57790;AT5G62165	161.49	10.244505844597855	0.17338534893801472	1.0	200	375	200	1.0
CHG	gain	GO:0022603	regulation of anatomical structure morphogenesis	4	AT1G62310;AT1G77980;AT2G07040;AT5G44585	16.625	3.5163013238344627	0.24060150375939848	1.0	200	375	200	1.0
CHG	gain	GO:0022604	regulation of cell morphogenesis	4	AT1G62310;AT1G77980;AT2G07040;AT5G44585	10.575	2.7539744007524876	0.3782505910165485	0.9950248756218906	199	375	200	1.0
CHG	gain	GO:0022607	cellular component assembly	9	AT1G53490;AT1G67090;AT2G07681;AT3G07610;AT3G44370;AT3G61230;AT4G34090;AT5G22260;AT5G23120	60.705	6.756328514807455	0.14825796886582654	1.0	200	375	200	1.0
CHG	gain	GO:0022622	root system development	8	AT1G25220;AT1G26960;AT1G49005;AT2G18800;AT3G20840;AT4G11880;AT4G28490;AT5G44585	59.505	6.726810165301212	0.13444248382488866	1.0	200	375	200	1.0
CHG	gain	GO:0023052	signaling	15	AT1G21230;AT1G33910;AT1G49005;AT1G49190;AT2G01450;AT2G05117;AT2G24720;AT2G24790;AT2G45950;AT4G16860;AT4G16890;AT4G18020;AT5G04720;AT5G44585;AT5G45240	109.35	8.775391729148136	0.13717421124828533	1.0	200	375	200	1.0
CHG	gain	GO:0030001	metal ion transport	4	AT2G07681;AT2G24720;AT5G24290;AT5G37500	26.8	4.5891175622335005	0.14925373134328357	1.0	200	375	200	1.0
CHG	gain	GO:0030154	cell differentiation	10	AT1G19890;AT1G26960;AT1G49005;AT1G69940;AT1G71930;AT2G07040;AT2G25630;AT3G23380;AT3G26870;AT5G44585	56.735	6.72344963541783	0.1762580417731559	1.0	200	375	200	1.0
CHG	gain	GO:0032446	protein modification by small protein conjugation	8	AT1G50490;AT1G53490;AT2G01150;AT2G38195;AT2G38220;AT2G45950;AT3G29740;AT3G46620	51.0	6.940461079784258	0.1568627450980392	1.0	200	375	200	1.0
CHG	gain	GO:0032501	multicellular organismal process	41	AT1G10270;AT1G13245;AT1G19890;AT1G25220;AT1G26960;AT1G49005;AT1G55540;AT1G66730;AT1G67990;AT1G69940;AT1G76500;AT1G77980;AT2G04865;AT2G07040;AT2G07050;AT2G15690;AT2G18800;AT2G25630;AT2G31215;AT2G38195;AT2G38220;AT2G48130;AT3G07610;AT3G20840;AT3G22760;AT3G23380;AT3G26870;AT3G46330;AT4G02770;AT4G11880;AT4G13610;AT4G16295;AT4G19330;AT4G23100;AT4G28490;AT5G22260;AT5G23040;AT5G44585;AT5G51640;AT5G57790;AT5G62165	268.285	13.400513982679268	0.15282255810052742	1.0	200	375	200	1.0
CHG	gain	GO:0032502	developmental process	42	AT1G10270;AT1G13245;AT1G19890;AT1G25220;AT1G26960;AT1G49005;AT1G55540;AT1G66730;AT1G67990;AT1G69940;AT1G71930;AT1G76500;AT1G77980;AT2G04865;AT2G07040;AT2G07050;AT2G15690;AT2G18800;AT2G25630;AT2G31215;AT2G38195;AT2G38220;AT2G48130;AT3G07610;AT3G20840;AT3G22760;AT3G23380;AT3G26870;AT3G46330;AT4G00400;AT4G02770;AT4G11880;AT4G13610;AT4G19330;AT4G23100;AT4G28490;AT5G22260;AT5G23040;AT5G44585;AT5G51640;AT5G57790;AT5G62165	286.89	14.225255709476814	0.14639757398305972	1.0	200	375	200	1.0
CHG	gain	GO:0032787	monocarboxylic acid metabolic process	6	AT1G36580;AT1G62190;AT1G66120;AT3G10340;AT3G45140;AT5G44585	35.455	5.45966803020112	0.16922859963333806	1.0	200	375	200	1.0
CHG	gain	GO:0032870	cellular response to hormone stimulus	4	AT1G49190;AT1G71930;AT2G45950;AT5G22260	47.95	6.179603547154101	0.08342022940563086	1.0	200	375	200	1.0
CHG	gain	GO:0032879	regulation of localization	3	AT2G01900;AT4G11880;AT5G23040	13.695	3.4773517222162025	0.21905805038335158	1.0	200	375	200	1.0
CHG	gain	GO:0033036	macromolecule localization	8	AT1G24490;AT1G55540;AT2G30290;AT2G48130;AT3G44370;AT4G08670;AT4G23100;AT5G05760	65.38	7.460938278795789	0.1223615784643622	1.0	200	375	200	1.0
CHG	gain	GO:0033554	cellular response to stress	7	AT1G33910;AT1G66730;AT2G01150;AT2G01900;AT2G24490;AT4G23100;AT5G39770	90.435	7.956492631807046	0.07740366008735555	1.0	200	375	200	1.0
CHG	gain	GO:0033993	response to lipid	11	AT1G26960;AT1G71930;AT2G45950;AT3G45140;AT3G46620;AT4G23100;AT4G35770;AT5G22260;AT5G24240;AT5G24290;AT5G37500	76.425	8.374626857359111	0.1439319594373569	1.0	200	375	200	1.0
CHG	gain	GO:0034220	monoatomic ion transmembrane transport	7	AT2G07687;AT2G07698;AT2G07727;AT2G13620;AT2G24720;AT5G24290;AT5G37500	43.465	6.2232447324526445	0.16104911998159438	1.0	200	375	200	1.0
CHG	gain	GO:0034654	nucleobase-containing compound biosynthetic process	3	AT1G66730;AT2G07698;AT2G28760	103.4	8.59069263796577	0.029013539651837523	1.0	200	375	200	1.0
CHG	gain	GO:0035556	intracellular signal transduction	5	AT1G33910;AT1G49190;AT2G01450;AT2G24720;AT4G18020	35.825	5.460254114965685	0.13956734124214934	1.0	200	375	200	1.0
CHG	gain	GO:0036211	protein modification process	10	AT1G50490;AT1G53490;AT2G01150;AT2G01450;AT2G38195;AT2G38220;AT2G45950;AT3G29740;AT3G46620;AT4G28490	87.36	9.000577759233021	0.11446886446886446	1.0	200	375	200	1.0
CHG	gain	GO:0040007	growth	8	AT1G26960;AT1G44120;AT1G69940;AT2G07040;AT2G25630;AT3G20840;AT3G23380;AT3G26870	47.5	5.856620185738544	0.16842105263157894	1.0	200	375	200	1.0
CHG	gain	GO:0040008	regulation of growth	4	AT1G77980;AT2G07040;AT4G11880;AT5G44585	26.345	3.9844667146307096	0.1518314670715506	1.0	200	375	200	1.0
CHG	gain	GO:0042221	response to chemical	28	AT1G25220;AT1G26960;AT1G34170;AT1G34310;AT1G34390;AT1G34410;AT1G35240;AT1G35520;AT1G35540;AT1G49190;AT1G66730;AT1G71930;AT2G01150;AT2G01900;AT2G04090;AT2G24720;AT2G45950;AT3G20840;AT3G45140;AT3G46620;AT4G16890;AT4G23100;AT4G35770;AT5G22260;AT5G24240;AT5G24290;AT5G28030;AT5G37500	227.56	14.169206046917393	0.1230444717876604	1.0	200	375	200	1.0
CHG	gain	GO:0042430	indole-containing compound metabolic process	3	AT1G25220;AT4G23100;AT5G44585	5.675	2.0443519755658515	0.5286343612334802	0.9701492537313433	194	375	200	1.0
CHG	gain	GO:0042435	indole-containing compound biosynthetic process	3	AT1G25220;AT4G23100;AT5G44585	4.135	1.861927764442005	0.7255139056831923	0.7860696517412935	157	375	200	1.0
CHG	gain	GO:0042545	cell wall modification	9	AT1G11590;AT1G44980;AT1G69940;AT2G18800;AT2G36710;AT4G03930;AT4G23100;AT5G07420;AT5G18990	14.25	3.2768124755621906	0.631578947368421	0.9751243781094527	195	375	200	1.0
CHG	gain	GO:0042546	cell wall biogenesis	4	AT1G14110;AT2G18800;AT4G20170;AT4G28850	19.275	4.040962137907269	0.20752269779507135	1.0	200	375	200	1.0
CHG	gain	GO:0042592	homeostatic process	3	AT2G13620;AT2G24720;AT5G28030	33.32	4.970673998563973	0.09003601440576231	1.0	200	375	200	1.0
CHG	gain	GO:0042742	defense response to bacterium	8	AT1G52940;AT1G64790;AT1G69940;AT4G16890;AT4G23100;AT4G28490;AT5G04720;AT5G53120	35.955	5.149075159676767	0.22250034765679322	1.0	200	375	200	1.0
CHG	gain	GO:0043170	macromolecule metabolic process	39	AT1G11590;AT1G32180;AT1G44980;AT1G50490;AT1G53490;AT1G66730;AT1G69940;AT1G71930;AT2G01150;AT2G01450;AT2G07200;AT2G07690;AT2G15690;AT2G18800;AT2G24490;AT2G36710;AT2G38195;AT2G38220;AT2G45950;AT3G10900;AT3G10950;AT3G20840;AT3G29740;AT3G30540;AT3G30805;AT3G42550;AT3G46620;AT4G00400;AT4G02130;AT4G03930;AT4G21640;AT4G28490;AT4G28850;AT5G07420;AT5G08305;AT5G18990;AT5G23040;AT5G28550;AT5G39770	379.66	14.637089874697322	0.10272348943791813	1.0	200	375	200	1.0
CHG	gain	GO:0043207	response to external biotic stimulus	17	AT1G25220;AT1G52940;AT1G58390;AT1G64790;AT1G66730;AT1G69940;AT1G71930;AT2G15480;AT2G18660;AT3G45140;AT4G16860;AT4G16890;AT4G23100;AT4G28490;AT5G04720;AT5G44585;AT5G53120	105.34	9.425730740902795	0.16138219100056958	1.0	200	375	200	1.0
CHG	gain	GO:0043412	macromolecule modification	12	AT1G50490;AT1G53490;AT2G01150;AT2G01450;AT2G15690;AT2G38195;AT2G38220;AT2G45950;AT3G29740;AT3G46620;AT4G28490;AT5G08305	115.54	10.04481956035041	0.10386013501817552	1.0	200	375	200	1.0
CHG	gain	GO:0043436	oxoacid metabolic process	12	AT1G23310;AT1G25220;AT1G36580;AT1G62190;AT1G66120;AT1G71920;AT2G35500;AT3G10340;AT3G45140;AT4G23100;AT5G28030;AT5G44585	75.555	8.15334133959806	0.15882469724042086	1.0	200	375	200	1.0
CHG	gain	GO:0043687	post-translational protein modification	8	AT1G50490;AT1G53490;AT2G01150;AT2G38195;AT2G38220;AT2G45950;AT3G29740;AT3G46620	59.975	7.520264290568497	0.13338891204668613	1.0	200	375	200	1.0
CHG	gain	GO:0043933	protein-containing complex organization	5	AT1G67090;AT2G07681;AT3G44370;AT4G34090;AT5G23120	30.525	5.043746127631739	0.1638001638001638	1.0	200	375	200	1.0
CHG	gain	GO:0044042	glucan metabolic process	3	AT1G32180;AT2G18800;AT4G28850	22.145	4.30859315786487	0.13547076089410703	1.0	200	375	200	1.0
CHG	gain	GO:0044085	cellular component biogenesis	13	AT1G14110;AT1G53490;AT1G67090;AT2G07681;AT2G18800;AT3G07610;AT3G44370;AT3G61230;AT4G20170;AT4G28850;AT4G34090;AT5G22260;AT5G23120	89.71	8.164918860588932	0.14491138111693236	1.0	200	375	200	1.0
CHG	gain	GO:0044238	primary metabolic process	69	AT1G11590;AT1G17150;AT1G22650;AT1G23310;AT1G25220;AT1G31740;AT1G32180;AT1G36580;AT1G44980;AT1G50490;AT1G53490;AT1G62190;AT1G66120;AT1G66730;AT1G67090;AT1G69940;AT1G71920;AT1G71930;AT2G01150;AT2G01450;AT2G01900;AT2G07050;AT2G07200;AT2G07690;AT2G07698;AT2G15690;AT2G18700;AT2G18800;AT2G24490;AT2G25630;AT2G28760;AT2G35500;AT2G36710;AT2G38195;AT2G38220;AT2G44570;AT2G45950;AT3G10340;AT3G10900;AT3G10950;AT3G20840;AT3G29110;AT3G29740;AT3G30540;AT3G30805;AT3G42153;AT3G42550;AT3G45140;AT3G46620;AT3G60140;AT4G00400;AT4G02130;AT4G03930;AT4G09740;AT4G13760;AT4G21640;AT4G23560;AT4G28490;AT4G28850;AT5G07420;AT5G08305;AT5G18990;AT5G23040;AT5G28030;AT5G28550;AT5G39770;AT5G42260;AT5G44585;AT5G44840	534.67	17.53029092742188	0.1290515645164307	1.0	200	375	200	1.0
CHG	gain	GO:0044272	sulfur compound biosynthetic process	3	AT4G23100;AT5G28030;AT5G44585	13.485	3.405844241887762	0.2224694104560623	1.0	200	375	200	1.0
CHG	gain	GO:0044281	small molecule metabolic process	15	AT1G23310;AT1G25220;AT1G36580;AT1G62190;AT1G66120;AT1G71920;AT2G07698;AT2G28760;AT2G30920;AT2G35500;AT3G10340;AT3G45140;AT4G23100;AT5G28030;AT5G44585	115.795	10.107570182788704	0.1295392719892914	1.0	200	375	200	1.0
CHG	gain	GO:0044282	small molecule catabolic process	3	AT1G23310;AT1G36580;AT3G10340	16.17	3.744475931288641	0.18552875695732837	1.0	200	375	200	1.0
CHG	gain	GO:0044283	small molecule biosynthetic process	9	AT1G23310;AT1G25220;AT1G71920;AT2G30920;AT2G35500;AT3G10340;AT3G45140;AT5G28030;AT5G44585	49.265	6.249381969443027	0.1826854765046179	1.0	200	375	200	1.0
CHG	gain	GO:0044419	biological process involved in interspecies interaction between organisms	17	AT1G25220;AT1G52940;AT1G58390;AT1G64790;AT1G66730;AT1G69940;AT1G71930;AT2G15480;AT2G18660;AT3G45140;AT4G16860;AT4G16890;AT4G23100;AT4G28490;AT5G04720;AT5G44585;AT5G53120	106.61	9.530367254203808	0.15945971297251665	1.0	200	375	200	1.0
CHG	gain	GO:0044550	secondary metabolite biosynthetic process	5	AT1G67980;AT1G67990;AT3G10340;AT4G23100;AT5G22500	8.975	2.6085196951527907	0.5571030640668524	0.9552238805970149	191	375	200	1.0
CHG	gain	GO:0044706	multi-multicellular organism process	7	AT1G69940;AT2G07040;AT2G25630;AT3G23380;AT3G26870;AT4G16295;AT5G22260	27.79	5.008582633839641	0.2518891687657431	1.0	200	375	200	1.0
CHG	gain	GO:0045184	establishment of protein localization	3	AT2G30290;AT3G44370;AT5G05760	41.32	5.649566355040004	0.07260406582768635	1.0	200	375	200	1.0
CHG	gain	GO:0045229	external encapsulating structure organization	16	AT1G11590;AT1G23720;AT1G44980;AT1G69940;AT2G18800;AT2G36710;AT3G28550;AT3G54580;AT3G54590;AT4G03930;AT4G23100;AT5G06630;AT5G07420;AT5G18990;AT5G22260;AT5G44585	29.885	4.486844659668969	0.5353856449723942	1.0	200	375	200	1.0
CHG	gain	GO:0045333	cellular respiration	3	AT2G07687;AT2G07727;AT2G18660	13.45	3.3893214660164666	0.2230483271375465	1.0	200	375	200	1.0
CHG	gain	GO:0045488	pectin metabolic process	9	AT1G11590;AT1G44980;AT1G69940;AT2G36710;AT4G02130;AT4G03930;AT4G28490;AT5G07420;AT5G18990	13.38	3.3549366611010685	0.6726457399103138	0.9402985074626866	188	375	200	1.0
CHG	gain	GO:0045490	pectin catabolic process	8	AT1G11590;AT1G44980;AT1G69940;AT2G36710;AT4G03930;AT4G28490;AT5G07420;AT5G18990	7.085	2.6453307921694793	1.1291460832745237	0.44776119402985076	89	375	200	1.0
CHG	gain	GO:0045892	negative regulation of DNA-templated transcription	4	AT1G27220;AT1G76500;AT4G04030;AT5G04590	19.46	4.205757957847782	0.20554984583761562	1.0	200	375	200	1.0
CHG	gain	GO:0045893	positive regulation of DNA-templated transcription	8	AT1G31640;AT1G71930;AT1G77980;AT2G10440;AT4G11880;AT4G18020;AT5G22260;AT5G62165	28.91	4.778273746867169	0.2767208578346593	1.0	200	375	200	1.0
CHG	gain	GO:0045934	negative regulation of nucleobase-containing compound metabolic process	4	AT1G27220;AT1G76500;AT4G04030;AT5G04590	23.3	4.5530209751328865	0.17167381974248927	1.0	200	375	200	1.0
CHG	gain	GO:0045944	positive regulation of transcription by RNA polymerase II	4	AT1G31640;AT1G77980;AT4G11880;AT5G62165	6.37	2.2188059852091615	0.6279434850863422	0.9203980099502488	184	375	200	1.0
CHG	gain	GO:0046394	carboxylic acid biosynthetic process	8	AT1G23310;AT1G25220;AT1G71920;AT2G35500;AT3G10340;AT3G45140;AT5G28030;AT5G44585	38.54	5.6822882714624665	0.2075765438505449	1.0	200	375	200	1.0
CHG	gain	GO:0046395	carboxylic acid catabolic process	3	AT1G23310;AT1G36580;AT3G10340	12.285	3.376947586208586	0.2442002442002442	1.0	200	375	200	1.0
CHG	gain	GO:0046907	intracellular transport	3	AT1G55540;AT2G30290;AT5G05760	45.215	5.691992182004439	0.06634966272254782	1.0	200	375	200	1.0
CHG	gain	GO:0048229	gametophyte development	8	AT1G19890;AT1G77980;AT2G07050;AT2G38195;AT2G38220;AT3G07610;AT5G22260;AT5G57790	53.58	6.167138720671054	0.14930944382232178	1.0	200	375	200	1.0
CHG	gain	GO:0048316	seed development	10	AT1G10270;AT1G55540;AT1G66730;AT1G67990;AT2G15690;AT2G48130;AT3G46330;AT4G02770;AT4G13610;AT5G23040	65.92	7.121348186965727	0.15169902912621358	1.0	200	375	200	1.0
CHG	gain	GO:0048364	root development	8	AT1G25220;AT1G26960;AT1G49005;AT2G18800;AT3G20840;AT4G11880;AT4G28490;AT5G44585	59.295	6.777018149599395	0.1349186272029682	1.0	200	375	200	1.0
CHG	gain	GO:0048366	leaf development	3	AT3G07610;AT5G51640;AT5G62165	34.385	5.338237068546139	0.08724734622655228	1.0	200	375	200	1.0
CHG	gain	GO:0048367	shoot system development	8	AT1G13245;AT2G31215;AT3G07610;AT4G23100;AT4G28490;AT5G22260;AT5G51640;AT5G62165	74.145	7.803459168855878	0.10789668892035877	1.0	200	375	200	1.0
CHG	gain	GO:0048437	floral organ development	4	AT2G31215;AT4G28490;AT5G22260;AT5G62165	25.87	4.35351582057536	0.15461925009663702	1.0	200	375	200	1.0
CHG	gain	GO:0048468	cell development	6	AT1G26960;AT1G69940;AT2G07040;AT2G25630;AT3G23380;AT3G26870	27.59	4.964060837661045	0.21747009786154403	1.0	200	375	200	1.0
CHG	gain	GO:0048507	meristem development	5	AT1G49005;AT2G04865;AT3G20840;AT4G11880;AT5G44585	28.265	4.585278072265614	0.1768972227136034	1.0	200	375	200	1.0
CHG	gain	GO:0048518	positive regulation of biological process	16	AT1G31640;AT1G66730;AT1G71930;AT1G77980;AT2G01150;AT2G01450;AT2G10440;AT3G26940;AT4G11880;AT4G18020;AT4G25530;AT5G22260;AT5G23040;AT5G37500;AT5G40850;AT5G62165	98.535	8.48933301266958	0.16237885015476736	1.0	200	375	200	1.0
CHG	gain	GO:0048519	negative regulation of biological process	8	AT1G13245;AT1G27220;AT1G76500;AT3G07610;AT4G04030;AT4G25530;AT5G04590;AT5G44585	106.11	8.615561502304992	0.07539345961737819	1.0	200	375	200	1.0
CHG	gain	GO:0048522	positive regulation of cellular process	15	AT1G31640;AT1G66730;AT1G71930;AT1G77980;AT2G01150;AT2G01450;AT2G10440;AT3G26940;AT4G11880;AT4G18020;AT5G22260;AT5G23040;AT5G37500;AT5G40850;AT5G62165	76.34	7.918610989308644	0.19648938957296305	1.0	200	375	200	1.0
CHG	gain	GO:0048523	negative regulation of cellular process	8	AT1G13245;AT1G27220;AT1G76500;AT3G07610;AT4G04030;AT4G25530;AT5G04590;AT5G44585	84.545	7.864348351897929	0.09462416464604648	1.0	200	375	200	1.0
CHG	gain	GO:0048527	lateral root development	3	AT1G25220;AT1G26960;AT4G28490	11.815	3.117815741829527	0.25391451544646637	1.0	200	375	200	1.0
CHG	gain	GO:0048528	post-embryonic root development	3	AT1G25220;AT1G26960;AT4G28490	12.94	3.086486675817672	0.23183925811437403	1.0	200	375	200	1.0
CHG	gain	GO:0048580	regulation of post-embryonic development	4	AT2G24790;AT4G25530;AT5G24240;AT5G62165	38.84	5.848452786848811	0.10298661174047373	1.0	200	375	200	1.0
CHG	gain	GO:0048583	regulation of response to stimulus	6	AT1G26960;AT1G66730;AT2G01150;AT2G24790;AT3G26940;AT5G44585	85.37	7.827074804804105	0.07028230057397211	1.0	200	375	200	1.0
CHG	gain	GO:0048584	positive regulation of response to stimulus	3	AT1G66730;AT2G01150;AT3G26940	29.005	5.394902686796128	0.1034304430270643	1.0	200	375	200	1.0
CHG	gain	GO:0048588	developmental cell growth	6	AT1G26960;AT1G69940;AT2G07040;AT2G25630;AT3G23380;AT3G26870	21.0	4.301162633521313	0.2857142857142857	1.0	200	375	200	1.0
CHG	gain	GO:0048589	developmental growth	7	AT1G26960;AT1G69940;AT2G07040;AT2G25630;AT3G20840;AT3G23380;AT3G26870	41.325	5.306540775307369	0.16938898971566846	1.0	200	375	200	1.0
CHG	gain	GO:0048608	reproductive structure development	18	AT1G10270;AT1G55540;AT1G66730;AT1G67990;AT1G76500;AT2G15690;AT2G31215;AT2G48130;AT3G07610;AT3G46330;AT4G02770;AT4G11880;AT4G13610;AT4G23100;AT4G28490;AT5G22260;AT5G23040;AT5G62165	118.0	9.574445153636844	0.15254237288135594	1.0	200	375	200	1.0
CHG	gain	GO:0048638	regulation of developmental growth	4	AT1G77980;AT2G07040;AT4G11880;AT5G44585	19.665	3.6059360781910685	0.20340706839562675	1.0	200	375	200	1.0
CHG	gain	GO:0048646	anatomical structure formation involved in morphogenesis	3	AT1G25220;AT1G26960;AT5G22260	20.785	4.016064616014035	0.1443348568679336	1.0	200	375	200	1.0
CHG	gain	GO:0048731	system development	26	AT1G10270;AT1G13245;AT1G25220;AT1G26960;AT1G49005;AT1G55540;AT1G66730;AT1G67990;AT1G76500;AT2G15690;AT2G18800;AT2G31215;AT2G48130;AT3G07610;AT3G20840;AT3G46330;AT4G02770;AT4G11880;AT4G13610;AT4G23100;AT4G28490;AT5G22260;AT5G23040;AT5G44585;AT5G51640;AT5G62165	186.935	11.46083657504979	0.13908577847915052	1.0	200	375	200	1.0
CHG	gain	GO:0048827	phyllome development	5	AT2G31215;AT3G07610;AT5G22260;AT5G51640;AT5G62165	51.605	6.413967181082259	0.09688983625617674	1.0	200	375	200	1.0
CHG	gain	GO:0048831	regulation of shoot system development	4	AT2G24790;AT4G25530;AT5G24240;AT5G62165	18.105	3.651571579470956	0.22093344380005522	1.0	200	375	200	1.0
CHG	gain	GO:0048856	anatomical structure development	42	AT1G10270;AT1G13245;AT1G19890;AT1G25220;AT1G26960;AT1G49005;AT1G55540;AT1G66730;AT1G67990;AT1G69940;AT1G71930;AT1G76500;AT1G77980;AT2G04865;AT2G07040;AT2G07050;AT2G15690;AT2G18800;AT2G25630;AT2G31215;AT2G38195;AT2G38220;AT2G48130;AT3G07610;AT3G20840;AT3G22760;AT3G23380;AT3G26870;AT3G46330;AT4G00400;AT4G02770;AT4G11880;AT4G13610;AT4G19330;AT4G23100;AT4G28490;AT5G22260;AT5G23040;AT5G44585;AT5G51640;AT5G57790;AT5G62165	280.03	14.321630493767671	0.14998393029318288	1.0	200	375	200	1.0
CHG	gain	GO:0048868	pollen tube development	5	AT1G69940;AT2G07040;AT2G25630;AT3G23380;AT3G26870	19.695	4.319950809905129	0.2538715410002539	1.0	200	375	200	1.0
CHG	gain	GO:0048869	cellular developmental process	13	AT1G19890;AT1G26960;AT1G49005;AT1G69940;AT1G71930;AT2G07040;AT2G25630;AT3G07610;AT3G22760;AT3G23380;AT3G26870;AT5G44585;AT5G57790	63.455	7.11673907066996	0.20486959262469467	1.0	200	375	200	1.0
CHG	gain	GO:0048878	chemical homeostasis	3	AT2G13620;AT2G24720;AT5G28030	30.38	4.669646667575613	0.09874917709019092	1.0	200	375	200	1.0
CHG	gain	GO:0050789	regulation of biological process	59	AT1G13245;AT1G18330;AT1G21230;AT1G25220;AT1G26960;AT1G27220;AT1G31640;AT1G33910;AT1G34170;AT1G34310;AT1G34390;AT1G34410;AT1G35240;AT1G35520;AT1G35540;AT1G44120;AT1G49005;AT1G49190;AT1G62310;AT1G66730;AT1G68520;AT1G71930;AT1G76500;AT1G77980;AT2G01150;AT2G01450;AT2G01900;AT2G05117;AT2G07040;AT2G10440;AT2G24720;AT2G24790;AT2G31215;AT2G45950;AT3G07610;AT3G20840;AT3G22760;AT3G26940;AT4G00540;AT4G04030;AT4G11880;AT4G16860;AT4G16890;AT4G18020;AT4G25530;AT4G28490;AT4G40100;AT5G04590;AT5G04720;AT5G22260;AT5G23040;AT5G24240;AT5G33210;AT5G37500;AT5G39690;AT5G40850;AT5G44585;AT5G45240;AT5G62165	414.67	15.872652582349533	0.14228181445486773	1.0	200	375	200	1.0
CHG	gain	GO:0050793	regulation of developmental process	10	AT1G49005;AT1G62310;AT1G77980;AT2G07040;AT2G24790;AT4G11880;AT4G25530;AT5G24240;AT5G44585;AT5G62165	85.125	7.925236589528405	0.11747430249632893	1.0	200	375	200	1.0
CHG	gain	GO:0050794	regulation of cellular process	58	AT1G13245;AT1G18330;AT1G21230;AT1G25220;AT1G26960;AT1G27220;AT1G31640;AT1G33910;AT1G34170;AT1G34310;AT1G34390;AT1G34410;AT1G35240;AT1G35520;AT1G35540;AT1G44120;AT1G49005;AT1G49190;AT1G62310;AT1G66730;AT1G68520;AT1G71930;AT1G76500;AT1G77980;AT2G01150;AT2G01450;AT2G01900;AT2G05117;AT2G07040;AT2G10440;AT2G24720;AT2G24790;AT2G31215;AT2G45950;AT3G07610;AT3G20840;AT3G22760;AT3G26940;AT4G00540;AT4G04030;AT4G11880;AT4G16860;AT4G16890;AT4G18020;AT4G25530;AT4G28490;AT4G40100;AT5G04590;AT5G04720;AT5G22260;AT5G23040;AT5G33210;AT5G37500;AT5G39690;AT5G40850;AT5G44585;AT5G45240;AT5G62165	375.655	15.138889490316004	0.15439698659674436	1.0	200	375	200	1.0
CHG	gain	GO:0050829	defense response to Gram-negative bacterium	3	AT1G52940;AT1G69940;AT4G28490	2.05	1.4239030865898146	1.4634146341463417	0.3333333333333333	66	375	200	1.0
CHG	gain	GO:0050832	defense response to fungus	4	AT1G52940;AT1G71930;AT4G16860;AT4G23100	23.235	4.061991506638092	0.17215407789972026	1.0	200	375	200	1.0
CHG	gain	GO:0050896	response to stimulus	64	AT1G13245;AT1G21230;AT1G23310;AT1G25220;AT1G26960;AT1G32220;AT1G33910;AT1G34170;AT1G34310;AT1G34390;AT1G34410;AT1G35240;AT1G35520;AT1G35540;AT1G44575;AT1G49190;AT1G52940;AT1G58390;AT1G64790;AT1G66730;AT1G67090;AT1G69940;AT1G71930;AT1G76500;AT2G01150;AT2G01450;AT2G01900;AT2G02130;AT2G04090;AT2G05117;AT2G15480;AT2G17690;AT2G18660;AT2G24490;AT2G24720;AT2G24790;AT2G36750;AT2G45950;AT3G10340;AT3G20840;AT3G45140;AT3G46620;AT4G16860;AT4G16890;AT4G18020;AT4G19330;AT4G23100;AT4G28490;AT4G35770;AT4G40100;AT5G04590;AT5G04720;AT5G22260;AT5G22500;AT5G23040;AT5G24240;AT5G24290;AT5G28030;AT5G37500;AT5G39770;AT5G40850;AT5G44585;AT5G45240;AT5G53120	460.995	15.93659232709396	0.13883013915552228	1.0	200	375	200	1.0
CHG	gain	GO:0051049	regulation of transport	3	AT2G01900;AT4G11880;AT5G23040	11.68	3.1412736270500234	0.2568493150684932	1.0	200	375	200	1.0
CHG	gain	GO:0051128	regulation of cellular component organization	5	AT1G77980;AT2G01450;AT2G01900;AT2G07040;AT5G44585	27.355	5.0038959821323274	0.18278194114421495	1.0	200	375	200	1.0
CHG	gain	GO:0051179	localization	24	AT1G24490;AT1G34065;AT1G47603;AT1G55540;AT1G62200;AT1G65550;AT2G04090;AT2G07681;AT2G07687;AT2G07698;AT2G07727;AT2G13620;AT2G24720;AT2G28640;AT2G30290;AT2G42005;AT2G48130;AT3G44370;AT4G02700;AT4G08670;AT4G23100;AT5G05760;AT5G24290;AT5G37500	224.215	12.53988735994068	0.10704011774412951	1.0	200	375	200	1.0
CHG	gain	GO:0051234	establishment of localization	22	AT1G34065;AT1G47603;AT1G55540;AT1G62200;AT1G65550;AT2G04090;AT2G07681;AT2G07687;AT2G07698;AT2G07727;AT2G13620;AT2G24720;AT2G28640;AT2G30290;AT2G42005;AT2G48130;AT3G44370;AT4G02700;AT4G08670;AT5G05760;AT5G24290;AT5G37500	211.815	12.469193037241679	0.103864221136369	1.0	200	375	200	1.0
CHG	gain	GO:0051239	regulation of multicellular organismal process	6	AT1G77980;AT2G07040;AT2G24790;AT4G25530;AT5G24240;AT5G62165	49.585	6.467826141757357	0.12100433598870626	1.0	200	375	200	1.0
CHG	gain	GO:0051252	regulation of RNA metabolic process	31	AT1G18330;AT1G26960;AT1G27220;AT1G31640;AT1G34170;AT1G34310;AT1G34390;AT1G34410;AT1G35240;AT1G35520;AT1G35540;AT1G49190;AT1G68520;AT1G71930;AT1G76500;AT1G77980;AT2G10440;AT2G24790;AT2G31215;AT3G20840;AT3G22760;AT4G00540;AT4G04030;AT4G11880;AT4G18020;AT4G25530;AT5G04590;AT5G22260;AT5G33210;AT5G39690;AT5G62165	157.365	10.686990923548114	0.1969942490388587	1.0	200	375	200	1.0
CHG	gain	GO:0051253	negative regulation of RNA metabolic process	4	AT1G27220;AT1G76500;AT4G04030;AT5G04590	21.31	4.353607699368426	0.18770530267480057	1.0	200	375	200	1.0
CHG	gain	GO:0051254	positive regulation of RNA metabolic process	8	AT1G31640;AT1G71930;AT1G77980;AT2G10440;AT4G11880;AT4G18020;AT5G22260;AT5G62165	32.81	5.227226798217184	0.24382810118866197	1.0	200	375	200	1.0
CHG	gain	GO:0051301	cell division	3	AT1G10270;AT1G55540;AT4G08630	24.19	4.293471788657752	0.12401818933443572	1.0	200	375	200	1.0
CHG	gain	GO:0051321	meiotic cell cycle	3	AT1G53490;AT5G39770;AT5G57790	19.415	3.551446888241475	0.1545197012619109	1.0	200	375	200	1.0
CHG	gain	GO:0051510	regulation of unidimensional cell growth	3	AT1G77980;AT2G07040;AT5G44585	8.585	2.4784622248483004	0.34944670937682	0.9950248756218906	199	375	200	1.0
CHG	gain	GO:0051641	cellular localization	4	AT1G55540;AT2G30290;AT3G44370;AT5G05760	52.77	6.135723266249847	0.07580064430547659	1.0	200	375	200	1.0
CHG	gain	GO:0051649	establishment of localization in cell	3	AT1G55540;AT2G30290;AT5G05760	48.13	5.68534079893194	0.062331186370247246	1.0	200	375	200	1.0
CHG	gain	GO:0051707	response to other organism	17	AT1G25220;AT1G52940;AT1G58390;AT1G64790;AT1G66730;AT1G69940;AT1G71930;AT2G15480;AT2G18660;AT3G45140;AT4G16860;AT4G16890;AT4G23100;AT4G28490;AT5G04720;AT5G44585;AT5G53120	105.34	9.425730740902795	0.16138219100056958	1.0	200	375	200	1.0
CHG	gain	GO:0051716	cellular response to stimulus	21	AT1G21230;AT1G33910;AT1G49190;AT1G66730;AT1G71930;AT2G01150;AT2G01450;AT2G01900;AT2G05117;AT2G24490;AT2G24720;AT2G24790;AT2G45950;AT4G16860;AT4G16890;AT4G18020;AT4G23100;AT5G04720;AT5G22260;AT5G39770;AT5G45240	209.975	12.300177844242647	0.10001190617930707	1.0	200	375	200	1.0
CHG	gain	GO:0055085	transmembrane transport	14	AT1G34065;AT1G47603;AT1G62200;AT1G65550;AT2G04090;AT2G07687;AT2G07698;AT2G07727;AT2G13620;AT2G24720;AT2G42005;AT4G02700;AT5G24290;AT5G37500	120.4	9.900505037623011	0.11627906976744186	1.0	200	375	200	1.0
CHG	gain	GO:0060255	regulation of macromolecule metabolic process	35	AT1G18330;AT1G26960;AT1G27220;AT1G31640;AT1G34170;AT1G34310;AT1G34390;AT1G34410;AT1G35240;AT1G35520;AT1G35540;AT1G44120;AT1G49190;AT1G62310;AT1G68520;AT1G71930;AT1G76500;AT1G77980;AT2G10440;AT2G24790;AT2G31215;AT3G07610;AT3G20840;AT3G22760;AT4G00540;AT4G04030;AT4G11880;AT4G18020;AT4G25530;AT4G28490;AT5G04590;AT5G22260;AT5G33210;AT5G39690;AT5G62165	216.735	12.431603878824118	0.1614875308556532	1.0	200	375	200	1.0
CHG	gain	GO:0060560	developmental growth involved in morphogenesis	6	AT1G26960;AT1G69940;AT2G07040;AT2G25630;AT3G23380;AT3G26870	34.48	5.043768432432258	0.1740139211136891	1.0	200	375	200	1.0
CHG	gain	GO:0061024	membrane organization	4	AT1G44575;AT2G07050;AT3G44370;AT5G05760	15.0	3.28785644455472	0.26666666666666666	1.0	200	375	200	1.0
CHG	gain	GO:0061458	reproductive system development	18	AT1G10270;AT1G55540;AT1G66730;AT1G67990;AT1G76500;AT2G15690;AT2G31215;AT2G48130;AT3G07610;AT3G46330;AT4G02770;AT4G11880;AT4G13610;AT4G23100;AT4G28490;AT5G22260;AT5G23040;AT5G62165	118.0	9.574445153636844	0.15254237288135594	1.0	200	375	200	1.0
CHG	gain	GO:0065003	protein-containing complex assembly	5	AT1G67090;AT2G07681;AT3G44370;AT4G34090;AT5G23120	28.01	4.640032327473592	0.1785076758300607	1.0	200	375	200	1.0
CHG	gain	GO:0065007	biological regulation	62	AT1G13245;AT1G18330;AT1G21230;AT1G25220;AT1G26960;AT1G27220;AT1G31640;AT1G33910;AT1G34170;AT1G34310;AT1G34390;AT1G34410;AT1G35240;AT1G35520;AT1G35540;AT1G44120;AT1G47960;AT1G49005;AT1G49190;AT1G62310;AT1G66730;AT1G68520;AT1G71930;AT1G76500;AT1G77980;AT2G01150;AT2G01450;AT2G01900;AT2G05117;AT2G07040;AT2G10440;AT2G13620;AT2G24720;AT2G24790;AT2G31215;AT2G45950;AT3G07610;AT3G20840;AT3G22760;AT3G26940;AT4G00540;AT4G04030;AT4G11880;AT4G16860;AT4G16890;AT4G18020;AT4G25530;AT4G28490;AT4G40100;AT5G04590;AT5G04720;AT5G22260;AT5G23040;AT5G24240;AT5G33210;AT5G37500;AT5G39690;AT5G40850;AT5G44585;AT5G45240;AT5G56970;AT5G62165	432.795	16.014149212493084	0.14325488972839334	1.0	200	375	200	1.0
CHG	gain	GO:0065008	regulation of biological quality	3	AT1G25220;AT4G11880;AT5G56970	45.525	6.107321425960816	0.06589785831960461	1.0	200	375	200	1.0
CHG	gain	GO:0070542	response to fatty acid	6	AT2G45950;AT3G45140;AT4G23100;AT4G35770;AT5G24290;AT5G37500	17.62	4.201856732445788	0.340522133938706	1.0	200	375	200	1.0
CHG	gain	GO:0070647	protein modification by small protein conjugation or removal	8	AT1G50490;AT1G53490;AT2G01150;AT2G38195;AT2G38220;AT2G45950;AT3G29740;AT3G46620	59.08	7.528187032745672	0.13540961408259986	1.0	200	375	200	1.0
CHG	gain	GO:0070887	cellular response to chemical stimulus	8	AT1G49190;AT1G71930;AT2G01150;AT2G01900;AT2G24720;AT2G45950;AT4G16890;AT5G22260	98.44	9.167682367970613	0.08126777732629013	1.0	200	375	200	1.0
CHG	gain	GO:0071495	cellular response to endogenous stimulus	4	AT1G49190;AT1G71930;AT2G45950;AT5G22260	48.205	6.215543017307497	0.08297894409293642	1.0	200	375	200	1.0
CHG	gain	GO:0071554	cell wall organization or biogenesis	18	AT1G11590;AT1G14110;AT1G23720;AT1G44980;AT1G69940;AT2G18800;AT2G36710;AT3G28550;AT3G54580;AT3G54590;AT4G03930;AT4G20170;AT4G23100;AT4G28850;AT5G06630;AT5G07420;AT5G18990;AT5G44585	39.7	5.513619500836076	0.4534005037783375	1.0	200	375	200	1.0
CHG	gain	GO:0071555	cell wall organization	15	AT1G11590;AT1G23720;AT1G44980;AT1G69940;AT2G18800;AT2G36710;AT3G28550;AT3G54580;AT3G54590;AT4G03930;AT4G23100;AT5G06630;AT5G07420;AT5G18990;AT5G44585	24.25	4.050617236915879	0.6185567010309279	0.9950248756218906	199	375	200	1.0
CHG	gain	GO:0071669	plant-type cell wall organization or biogenesis	6	AT1G23720;AT3G28550;AT3G54580;AT3G54590;AT5G06630;AT5G44585	22.365	4.179925238565881	0.2682763246143528	1.0	200	375	200	1.0
CHG	gain	GO:0071705	nitrogen compound transport	5	AT1G47603;AT1G55540;AT1G62200;AT2G07681;AT2G42005	25.16	4.801499765698212	0.1987281399046105	1.0	200	375	200	1.0
CHG	gain	GO:0071840	cellular component organization or biogenesis	35	AT1G11590;AT1G14110;AT1G23720;AT1G24490;AT1G44575;AT1G44980;AT1G53490;AT1G62310;AT1G67090;AT1G69940;AT2G07050;AT2G07681;AT2G18800;AT2G36710;AT3G07610;AT3G20840;AT3G28550;AT3G44370;AT3G54580;AT3G54590;AT3G61230;AT4G03930;AT4G20170;AT4G23100;AT4G28850;AT4G34090;AT5G05760;AT5G06630;AT5G07420;AT5G18990;AT5G22260;AT5G23040;AT5G23120;AT5G39770;AT5G44585	232.985	12.659177500927695	0.15022426336459427	1.0	200	375	200	1.0
CHG	gain	GO:0072330	monocarboxylic acid biosynthetic process	3	AT3G10340;AT3G45140;AT5G44585	17.555	3.9858468359935766	0.1708914839077186	1.0	200	375	200	1.0
CHG	gain	GO:0080090	regulation of primary metabolic process	32	AT1G18330;AT1G26960;AT1G27220;AT1G31640;AT1G34170;AT1G34310;AT1G34390;AT1G34410;AT1G35240;AT1G35520;AT1G35540;AT1G44120;AT1G49190;AT1G68520;AT1G71930;AT1G76500;AT1G77980;AT2G10440;AT2G24790;AT2G31215;AT3G20840;AT3G22760;AT4G00540;AT4G04030;AT4G11880;AT4G18020;AT4G25530;AT5G04590;AT5G22260;AT5G33210;AT5G39690;AT5G62165	191.615	12.06013163278066	0.16700153954544267	1.0	200	375	200	1.0
CHG	gain	GO:0080134	regulation of response to stress	3	AT1G26960;AT2G01150;AT5G44585	42.97	5.49264053074658	0.06981615080288574	1.0	200	375	200	1.0
CHG	gain	GO:0090304	nucleic acid metabolic process	9	AT1G53490;AT1G66730;AT2G07690;AT2G15690;AT2G24490;AT3G20840;AT3G30805;AT5G08305;AT5G39770	158.73	10.924609832850157	0.056700056700056706	1.0	200	375	200	1.0
CHG	gain	GO:0090351	seedling development	3	AT1G66730;AT2G48130;AT4G19330	12.97	3.2770566061635216	0.2313030069390902	1.0	200	375	200	1.0
CHG	gain	GO:0090407	organophosphate biosynthetic process	3	AT2G07698;AT2G28760;AT4G00400	36.005	5.71532807457279	0.0833217608665463	1.0	200	375	200	1.0
CHG	gain	GO:0090558	plant epidermis development	3	AT1G26960;AT3G07610;AT3G22760	30.275	5.036802060831863	0.0990916597853014	1.0	200	375	200	1.0
CHG	gain	GO:0090567	reproductive shoot system development	6	AT2G31215;AT3G07610;AT4G23100;AT4G28490;AT5G22260;AT5G62165	40.33	5.266982058067047	0.14877262583684603	1.0	200	375	200	1.0
CHG	gain	GO:0090696	post-embryonic plant organ development	4	AT1G25220;AT1G26960;AT4G28490;AT5G22260	18.26	3.7672801860227976	0.21905805038335158	1.0	200	375	200	1.0
CHG	gain	GO:0090697	post-embryonic plant organ morphogenesis	4	AT1G25220;AT1G26960;AT4G28490;AT5G22260	13.375	3.3353223232545286	0.29906542056074764	0.9950248756218906	199	375	200	1.0
CHG	gain	GO:0090698	post-embryonic plant morphogenesis	4	AT1G25220;AT1G26960;AT4G28490;AT5G22260	22.005	4.104263027633589	0.1817768688934333	1.0	200	375	200	1.0
CHG	gain	GO:0097305	response to alcohol	4	AT1G71930;AT3G46620;AT5G24240;AT5G37500	46.62	6.05273491902628	0.0858000858000858	1.0	200	375	200	1.0
CHG	gain	GO:0098542	defense response to other organism	3	AT1G64790;AT2G18660;AT4G16890	24.73	4.4639780465409995	0.1213101496158512	1.0	200	375	200	1.0
CHG	gain	GO:0098655	monoatomic cation transmembrane transport	7	AT2G07687;AT2G07698;AT2G07727;AT2G13620;AT2G24720;AT5G24290;AT5G37500	38.145	5.650130529465643	0.18351028968410013	1.0	200	375	200	1.0
CHG	gain	GO:0098727	maintenance of cell number	3	AT1G49005;AT3G20840;AT4G11880	9.79	2.8802604048939773	0.30643513789581206	0.9950248756218906	199	375	200	1.0
CHG	gain	GO:0099402	plant organ development	13	AT1G25220;AT1G26960;AT1G49005;AT2G18800;AT2G31215;AT3G07610;AT3G20840;AT4G11880;AT4G28490;AT5G22260;AT5G44585;AT5G51640;AT5G62165	112.385	9.188404377257234	0.11567379988432619	1.0	200	375	200	1.0
CHG	gain	GO:0140546	defense response to symbiont	3	AT1G64790;AT2G18660;AT4G16890	22.09	4.1954618339343765	0.13580805794477138	1.0	200	375	200	1.0
CHG	gain	GO:0160109	plant gross anatomical part developmental process	34	AT1G10270;AT1G13245;AT1G19890;AT1G25220;AT1G26960;AT1G49005;AT1G55540;AT1G66730;AT1G67990;AT1G71930;AT1G77980;AT2G04865;AT2G07050;AT2G15690;AT2G18800;AT2G31215;AT2G38195;AT2G38220;AT2G48130;AT3G07610;AT3G20840;AT3G22760;AT3G46330;AT4G02770;AT4G11880;AT4G13610;AT4G23100;AT4G28490;AT5G22260;AT5G23040;AT5G44585;AT5G51640;AT5G57790;AT5G62165	225.865	13.081925508119935	0.15053239767117527	1.0	200	375	200	1.0
CHG	gain	GO:0170038	proteinogenic amino acid biosynthetic process	4	AT1G23310;AT1G25220;AT1G71920;AT5G28030	13.29	3.2933114034357622	0.3009781790820166	1.0	200	375	200	1.0
CHG	gain	GO:0170039	proteinogenic amino acid metabolic process	5	AT1G23310;AT1G25220;AT1G71920;AT3G10340;AT5G28030	20.245	3.945247140547718	0.2469745616201531	1.0	200	375	200	1.0
CHG	gain	GO:1901135	carbohydrate derivative metabolic process	4	AT2G07698;AT2G28760;AT4G23100;AT5G44585	47.43	6.307543103301004	0.0843348091924942	1.0	200	375	200	1.0
CHG	gain	GO:1901137	carbohydrate derivative biosynthetic process	4	AT2G07698;AT2G28760;AT4G23100;AT5G44585	29.855	4.876881688128178	0.1339809077206498	1.0	200	375	200	1.0
CHG	gain	GO:1901700	response to oxygen-containing compound	14	AT1G26960;AT1G66730;AT1G71930;AT2G45950;AT3G20840;AT3G45140;AT3G46620;AT4G16890;AT4G23100;AT4G35770;AT5G22260;AT5G24240;AT5G24290;AT5G37500	140.24	11.646991027728966	0.09982886480319451	1.0	200	375	200	1.0
CHG	gain	GO:1901701	cellular response to oxygen-containing compound	3	AT2G45950;AT4G16890;AT5G22260	51.92	6.834734815631111	0.05778120184899846	1.0	200	375	200	1.0
CHG	gain	GO:1902600	proton transmembrane transport	4	AT2G07687;AT2G07698;AT2G07727;AT2G13620	14.345	3.646364627954803	0.2788428023701638	1.0	200	375	200	1.0
CHG	gain	GO:1902679	negative regulation of RNA biosynthetic process	4	AT1G27220;AT1G76500;AT4G04030;AT5G04590	19.46	4.205757957847782	0.20554984583761562	1.0	200	375	200	1.0
CHG	gain	GO:1902680	positive regulation of RNA biosynthetic process	8	AT1G31640;AT1G71930;AT1G77980;AT2G10440;AT4G11880;AT4G18020;AT5G22260;AT5G62165	28.91	4.778273746867169	0.2767208578346593	1.0	200	375	200	1.0
CHG	gain	GO:1903046	meiotic cell cycle process	3	AT1G53490;AT5G39770;AT5G57790	18.005	3.447459209330845	0.16662038322688144	1.0	200	375	200	1.0
CHG	gain	GO:1905392	plant organ morphogenesis	7	AT1G25220;AT1G26960;AT1G49005;AT4G11880;AT4G28490;AT5G22260;AT5G44585	48.25	6.706526671832444	0.14507772020725387	1.0	200	375	200	1.0
CHG	gain	GO:2000026	regulation of multicellular organismal development	4	AT2G24790;AT4G25530;AT5G24240;AT5G62165	41.065	5.900065677600559	0.09740655059052722	1.0	200	375	200	1.0
CHG	gain	GO:2000241	regulation of reproductive process	6	AT1G77980;AT2G07040;AT2G24790;AT4G25530;AT5G24240;AT5G62165	27.935	4.706460984646538	0.21478432074458564	1.0	200	375	200	1.0
CHG	gain	GO:2001141	regulation of RNA biosynthetic process	31	AT1G18330;AT1G26960;AT1G27220;AT1G31640;AT1G34170;AT1G34310;AT1G34390;AT1G34410;AT1G35240;AT1G35520;AT1G35540;AT1G49190;AT1G68520;AT1G71930;AT1G76500;AT1G77980;AT2G10440;AT2G24790;AT2G31215;AT3G20840;AT3G22760;AT4G00540;AT4G04030;AT4G11880;AT4G18020;AT4G25530;AT5G04590;AT5G22260;AT5G33210;AT5G39690;AT5G62165	150.295	10.57203741007392	0.2062610199940118	1.0	200	375	200	1.0
CHG	loss	GO:0000160	phosphorelay signal transduction system	6	AT1G49190;AT2G41310;AT3G57040;AT5G05550;AT5G40440;AT5G59430	10.07	2.9453522709516404	0.5958291956305859	0.9552238805970149	191	514	200	1.0
CHG	loss	GO:0000271	polysaccharide biosynthetic process	5	AT1G67330;AT2G32620;AT2G32700;AT4G02130;AT4G24010	25.525	4.7748691081536645	0.19588638589618024	1.0	200	514	200	1.0
CHG	loss	GO:0000272	polysaccharide catabolic process	9	AT1G11590;AT1G44980;AT1G69830;AT1G69940;AT2G36710;AT3G27980;AT4G03930;AT4G22080;AT5G07410	13.03	3.3792158853793306	0.6907137375287797	0.9253731343283582	185	514	200	1.0
CHG	loss	GO:0000302	response to reactive oxygen species	3	AT1G52760;AT1G66950;AT3G08640	13.195	3.2414464363922493	0.2273588480485032	1.0	200	514	200	1.0
CHG	loss	GO:0000375	RNA splicing, via transesterification reactions	4	AT1G66345;AT4G15900;AT4G22350;AT5G52040	14.835	2.9356047077220677	0.26963262554769124	1.0	200	514	200	1.0
CHG	loss	GO:0000377	RNA splicing, via transesterification reactions with bulged adenosine as nucleophile	4	AT1G66345;AT4G15900;AT4G22350;AT5G52040	14.835	2.9356047077220677	0.26963262554769124	1.0	200	514	200	1.0
CHG	loss	GO:0000398	mRNA splicing, via spliceosome	3	AT4G15900;AT4G22350;AT5G52040	12.05	2.8822734082664634	0.24896265560165973	0.9950248756218906	199	514	200	1.0
CHG	loss	GO:0000902	cell morphogenesis	10	AT1G11130;AT1G69940;AT2G07020;AT2G07040;AT2G25630;AT2G28620;AT3G23380;AT3G49120;AT3G54870;AT5G52360	41.8	4.76550102297757	0.23923444976076558	1.0	200	514	200	1.0
CHG	loss	GO:0001101	response to acid chemical	10	AT1G07200;AT1G36060;AT2G05100;AT2G32700;AT2G33380;AT2G43430;AT3G45140;AT3G47860;AT5G24090;AT5G37500	42.96	6.116240675447625	0.23277467411545624	1.0	200	514	200	1.0
CHG	loss	GO:0001558	regulation of cell growth	3	AT1G28270;AT1G77980;AT2G07040	13.04	3.1651856185696303	0.23006134969325154	1.0	200	514	200	1.0
CHG	loss	GO:0001676	long-chain fatty acid metabolic process	3	AT2G04350;AT2G33380;AT3G45140	5.42	2.15490138985523	0.5535055350553506	0.945273631840796	189	514	200	1.0
CHG	loss	GO:0002218	activation of innate immune response	3	AT3G49120;AT5G24090;AT5G40440	6.31	2.4256751637430787	0.4754358161648178	0.9502487562189055	190	514	200	1.0
CHG	loss	GO:0002253	activation of immune response	3	AT3G49120;AT5G24090;AT5G40440	6.445	2.4590597796718967	0.4654771140418929	0.9552238805970149	191	514	200	1.0
CHG	loss	GO:0002376	immune system process	6	AT1G05460;AT3G43920;AT3G49120;AT5G24090;AT5G40440;AT5G44870	23.4	4.560701700396559	0.25641025641025644	1.0	200	514	200	1.0
CHG	loss	GO:0002682	regulation of immune system process	4	AT3G49120;AT5G13190;AT5G24090;AT5G40440	13.425	3.5474462645683538	0.29795158286778395	1.0	200	514	200	1.0
CHG	loss	GO:0002684	positive regulation of immune system process	3	AT3G49120;AT5G24090;AT5G40440	8.23	2.7526532654876825	0.3645200486026731	0.9900497512437811	198	514	200	1.0
CHG	loss	GO:0002831	regulation of response to biotic stimulus	4	AT3G49120;AT5G13190;AT5G24090;AT5G40440	22.71	4.471677537569095	0.17613386173491852	1.0	200	514	200	1.0
CHG	loss	GO:0002833	positive regulation of response to biotic stimulus	3	AT3G49120;AT5G24090;AT5G40440	12.185	3.315233777578888	0.24620434961017643	1.0	200	514	200	1.0
CHG	loss	GO:0003002	regionalization	3	AT1G11130;AT2G32700;AT3G22760	19.225	3.96035036328858	0.15604681404421325	1.0	200	514	200	1.0
CHG	loss	GO:0003006	developmental process involved in reproduction	33	AT1G11130;AT1G13400;AT1G43620;AT1G62360;AT1G66730;AT1G69940;AT1G71440;AT1G71692;AT1G72560;AT2G01280;AT2G07020;AT2G07040;AT2G25630;AT2G31910;AT2G32700;AT2G48130;AT3G06350;AT3G07610;AT3G08640;AT3G23380;AT3G46330;AT3G47860;AT4G00020;AT4G01810;AT4G15900;AT4G24660;AT5G01240;AT5G05560;AT5G23660;AT5G49150;AT5G52360;AT5G58230;AT5G62230	148.77	10.710140055106638	0.22181891510385157	1.0	200	514	200	1.0
CHG	loss	GO:0005975	carbohydrate metabolic process	35	AT1G11590;AT1G17150;AT1G31740;AT1G32300;AT1G43620;AT1G44980;AT1G55120;AT1G67330;AT1G69830;AT1G69940;AT1G71930;AT2G25630;AT2G32620;AT2G32700;AT2G36710;AT2G47650;AT3G06580;AT3G12700;AT3G13750;AT3G27980;AT3G45940;AT3G60750;AT4G02130;AT4G03930;AT4G11050;AT4G13760;AT4G22080;AT4G23560;AT4G24010;AT5G07410;AT5G13980;AT5G24090;AT5G38420;AT5G42260;AT5G44840	88.24	8.538290226971723	0.39664551223934724	1.0	200	514	200	1.0
CHG	loss	GO:0005976	polysaccharide metabolic process	15	AT1G11590;AT1G44980;AT1G67330;AT1G69830;AT1G69940;AT1G71930;AT2G32620;AT2G32700;AT2G36710;AT3G27980;AT4G02130;AT4G03930;AT4G22080;AT4G24010;AT5G07410	43.27	6.500546130903125	0.3466605038132655	1.0	200	514	200	1.0
CHG	loss	GO:0005996	monosaccharide metabolic process	4	AT1G32300;AT2G47650;AT3G06580;AT5G13980	11.945	3.2652679828767477	0.33486814566764334	1.0	200	514	200	1.0
CHG	loss	GO:0006091	generation of precursor metabolites and energy	8	AT1G50250;AT1G53310;AT1G60950;AT2G05100;AT2G07695;AT2G07718;AT2G07727;AT5G54270	25.15	4.431421893704101	0.31809145129224653	1.0	200	514	200	1.0
CHG	loss	GO:0006139	nucleobase-containing compound metabolic process	21	AT1G10910;AT1G62910;AT1G66345;AT1G66730;AT2G01280;AT2G02750;AT2G27120;AT2G36490;AT2G39140;AT2G47650;AT3G16680;AT3G43920;AT3G49640;AT4G00020;AT4G15900;AT4G22350;AT5G21160;AT5G39770;AT5G39920;AT5G49010;AT5G52040	198.42	10.95324609419531	0.1058361052313275	1.0	200	514	200	1.0
CHG	loss	GO:0006259	DNA metabolic process	6	AT1G66730;AT2G27120;AT2G36490;AT4G00020;AT5G39770;AT5G49010	50.5	5.820652884342109	0.1188118811881188	1.0	200	514	200	1.0
CHG	loss	GO:0006281	DNA repair	5	AT1G66730;AT2G27120;AT2G36490;AT4G00020;AT5G39770	30.985	4.608120549638433	0.16136840406648378	1.0	200	514	200	1.0
CHG	loss	GO:0006302	double-strand break repair	3	AT1G66730;AT4G00020;AT5G39770	10.42	2.6839523095614064	0.28790786948176583	1.0	200	514	200	1.0
CHG	loss	GO:0006310	DNA recombination	3	AT1G66730;AT4G00020;AT5G39770	19.61	3.9150862059474503	0.1529831718510964	1.0	200	514	200	1.0
CHG	loss	GO:0006325	chromatin organization	10	AT1G57800;AT1G62310;AT2G21450;AT3G07610;AT3G32280;AT3G43920;AT4G00416;AT4G37280;AT5G06620;AT5G58230	46.17	5.998424793226966	0.21659085986571366	1.0	200	514	200	1.0
CHG	loss	GO:0006338	chromatin remodeling	9	AT1G57800;AT1G62310;AT2G21450;AT3G07610;AT3G32280;AT3G43920;AT4G00416;AT5G06620;AT5G58230	41.835	6.00231413706412	0.21513087128002867	1.0	200	514	200	1.0
CHG	loss	GO:0006346	DNA methylation-dependent constitutive heterochromatin formation	3	AT2G21450;AT3G07610;AT3G32280	8.14	2.5535073918044557	0.36855036855036855	0.9900497512437811	198	514	200	1.0
CHG	loss	GO:0006355	regulation of DNA-templated transcription	44	AT1G03840;AT1G13400;AT1G14580;AT1G19510;AT1G31640;AT1G34170;AT1G34310;AT1G34390;AT1G34410;AT1G35540;AT1G36060;AT1G49190;AT1G55950;AT1G62360;AT1G62975;AT1G66140;AT1G71692;AT1G71930;AT1G75390;AT1G77980;AT2G01370;AT2G10440;AT2G32700;AT2G33310;AT2G33540;AT2G41310;AT2G42430;AT3G03260;AT3G21175;AT3G22760;AT3G32090;AT3G57040;AT4G00020;AT4G00540;AT4G14410;AT4G15900;AT4G25210;AT4G25400;AT4G25530;AT4G37280;AT4G37460;AT5G04590;AT5G05550;AT5G58230	156.21	11.34442153659653	0.28167210805966325	1.0	200	514	200	1.0
CHG	loss	GO:0006357	regulation of transcription by RNA polymerase II	6	AT1G31640;AT1G62975;AT1G71692;AT1G77980;AT2G33540;AT4G25400	23.09	4.120910093656497	0.25985275010827197	1.0	200	514	200	1.0
CHG	loss	GO:0006396	RNA processing	9	AT1G62910;AT1G66345;AT2G39140;AT3G43920;AT3G49640;AT4G15900;AT4G22350;AT5G39920;AT5G52040	60.645	7.151152005096758	0.14840465001236705	1.0	200	514	200	1.0
CHG	loss	GO:0006397	mRNA processing	5	AT1G62910;AT4G15900;AT4G22350;AT5G39920;AT5G52040	23.57	4.164744890146334	0.21213406873143828	1.0	200	514	200	1.0
CHG	loss	GO:0006412	translation	10	AT1G07920;AT2G07715;AT2G39140;AT2G44065;AT3G04230;AT3G10950;AT5G18380;AT5G58240;AT5G60390;AT5G64140	31.285	4.779516188904485	0.319642000958926	1.0	200	514	200	1.0
CHG	loss	GO:0006457	protein folding	4	AT1G07200;AT1G24510;AT4G30350;AT5G51070	13.715	3.2914700363211575	0.2916514764855997	1.0	200	514	200	1.0
CHG	loss	GO:0006468	protein phosphorylation	3	AT1G49340;AT3G59410;AT4G20940	19.245	3.945247140547718	0.1558846453624318	1.0	200	514	200	1.0
CHG	loss	GO:0006508	proteolysis	13	AT1G50250;AT1G63770;AT2G04160;AT2G07200;AT2G27920;AT3G12700;AT3G42550;AT4G04460;AT4G21640;AT4G33090;AT5G10770;AT5G28550;AT5G36180	35.275	5.609757124867362	0.36853295535081504	1.0	200	514	200	1.0
CHG	loss	GO:0006511	ubiquitin-dependent protein catabolic process	5	AT1G65350;AT4G05490;AT5G05560;AT5G15400;AT5G64760	23.495	4.734973600771171	0.21281123643328367	1.0	200	514	200	1.0
CHG	loss	GO:0006520	amino acid metabolic process	3	AT1G71920;AT5G26780;AT5G28030	34.895	5.301318232289021	0.08597220232124946	1.0	200	514	200	1.0
CHG	loss	GO:0006605	protein targeting	3	AT1G08190;AT5G03840;AT5G24650	9.52	2.7838103383671813	0.31512605042016806	1.0	200	514	200	1.0
CHG	loss	GO:0006629	lipid metabolic process	21	AT1G31950;AT1G34260;AT1G36060;AT1G43620;AT1G44090;AT1G49340;AT1G56630;AT1G78960;AT1G80340;AT2G01900;AT2G04350;AT2G33380;AT3G29110;AT3G30180;AT3G44830;AT3G45140;AT4G04460;AT4G16070;AT4G27030;AT5G42930;AT5G55360	81.95	8.12880680050888	0.25625381330079317	1.0	200	514	200	1.0
CHG	loss	GO:0006631	fatty acid metabolic process	4	AT2G04350;AT2G33380;AT3G45140;AT4G27030	21.32	4.292738053969755	0.18761726078799248	1.0	200	514	200	1.0
CHG	loss	GO:0006633	fatty acid biosynthetic process	3	AT2G33380;AT3G45140;AT4G27030	12.72	3.3840212765288555	0.23584905660377356	1.0	200	514	200	1.0
CHG	loss	GO:0006644	phospholipid metabolic process	4	AT1G34260;AT1G49340;AT2G01900;AT4G27030	24.5	4.719110085598765	0.16326530612244897	1.0	200	514	200	1.0
CHG	loss	GO:0006650	glycerophospholipid metabolic process	4	AT1G34260;AT1G49340;AT2G01900;AT4G27030	18.13	4.176493744757678	0.2206287920573635	1.0	200	514	200	1.0
CHG	loss	GO:0006720	isoprenoid metabolic process	6	AT1G31950;AT1G36060;AT1G44090;AT1G78960;AT1G80340;AT3G29110	17.215	3.560726751661805	0.3485332558814987	1.0	200	514	200	1.0
CHG	loss	GO:0006721	terpenoid metabolic process	6	AT1G31950;AT1G36060;AT1G44090;AT1G78960;AT1G80340;AT3G29110	14.985	3.2794473619803726	0.4004004004004004	1.0	200	514	200	1.0
CHG	loss	GO:0006790	sulfur compound metabolic process	4	AT1G66140;AT4G30530;AT5G04590;AT5G28030	24.89	4.7421408667394065	0.16070711128967458	1.0	200	514	200	1.0
CHG	loss	GO:0006793	phosphorus metabolic process	6	AT1G34260;AT1G49340;AT2G01900;AT2G47650;AT3G51860;AT4G27030	59.27	6.883828876432063	0.10123165176311794	1.0	200	514	200	1.0
CHG	loss	GO:0006796	phosphate-containing compound metabolic process	6	AT1G49340;AT2G01900;AT3G06580;AT3G59410;AT4G03415;AT4G20940	27.495	5.153637065219076	0.2182214948172395	1.0	200	514	200	1.0
CHG	loss	GO:0006810	transport	45	AT1G07810;AT1G08190;AT1G11130;AT1G28010;AT1G29830;AT1G62360;AT1G65550;AT1G66950;AT1G72560;AT2G07560;AT2G07681;AT2G07689;AT2G07695;AT2G07727;AT2G16980;AT2G28170;AT2G28640;AT2G31910;AT2G41700;AT2G47450;AT2G48130;AT3G16180;AT3G30842;AT3G44910;AT3G51860;AT4G01810;AT4G08290;AT4G08300;AT4G12120;AT4G27040;AT4G29160;AT4G33090;AT5G01240;AT5G03840;AT5G05987;AT5G09400;AT5G18840;AT5G23660;AT5G24650;AT5G26700;AT5G37500;AT5G41800;AT5G46370;AT5G52270;AT5G58180	215.335	11.884560362083185	0.20897671070657348	1.0	200	514	200	1.0
CHG	loss	GO:0006811	monoatomic ion transport	14	AT1G07810;AT1G29830;AT2G07560;AT2G07681;AT2G07689;AT2G07695;AT2G07727;AT2G28170;AT2G31910;AT3G44910;AT3G51860;AT5G09400;AT5G37500;AT5G46370	49.76	6.354714785102508	0.28135048231511256	1.0	200	514	200	1.0
CHG	loss	GO:0006812	monoatomic cation transport	14	AT1G07810;AT1G29830;AT2G07560;AT2G07681;AT2G07689;AT2G07695;AT2G07727;AT2G28170;AT2G31910;AT3G44910;AT3G51860;AT5G09400;AT5G37500;AT5G46370	43.59	6.031741042186711	0.3211745813259922	1.0	200	514	200	1.0
CHG	loss	GO:0006813	potassium ion transport	3	AT5G09400;AT5G37500;AT5G46370	9.22	2.659248014006965	0.32537960954446854	1.0	200	514	200	1.0
CHG	loss	GO:0006886	intracellular protein transport	4	AT1G08190;AT2G47450;AT4G01810;AT5G03840	28.65	4.234087859267935	0.13961605584642234	1.0	200	514	200	1.0
CHG	loss	GO:0006950	response to stress	57	AT1G05460;AT1G07200;AT1G20620;AT1G33910;AT1G52760;AT1G52940;AT1G53310;AT1G65990;AT1G66730;AT1G66950;AT1G69940;AT1G70840;AT1G71930;AT2G01900;AT2G05100;AT2G27120;AT2G32700;AT2G33380;AT2G33540;AT2G36490;AT2G42430;AT2G43430;AT3G08640;AT3G28930;AT3G43920;AT3G45140;AT3G47860;AT3G49120;AT3G51860;AT3G59410;AT3G59740;AT4G00020;AT4G14276;AT4G15900;AT4G16830;AT4G16860;AT4G16890;AT4G35970;AT4G37460;AT5G04590;AT5G08055;AT5G08315;AT5G13190;AT5G15400;AT5G21160;AT5G24090;AT5G28030;AT5G37500;AT5G39770;AT5G40060;AT5G40440;AT5G41740;AT5G44510;AT5G44870;AT5G51890;AT5G52605;AT5G54270	292.515	14.72072603508453	0.19486180195887393	1.0	200	514	200	1.0
CHG	loss	GO:0006952	defense response	24	AT1G05460;AT1G52940;AT1G69940;AT1G70840;AT1G71930;AT2G33380;AT2G36490;AT3G28930;AT3G43920;AT3G49120;AT3G59740;AT4G14276;AT4G15900;AT4G16860;AT4G16890;AT4G37460;AT5G08055;AT5G08315;AT5G40060;AT5G40440;AT5G41740;AT5G44510;AT5G44870;AT5G52605	93.86	8.50414016817694	0.25569997869166844	1.0	200	514	200	1.0
CHG	loss	GO:0006955	immune response	4	AT1G05460;AT3G43920;AT5G40440;AT5G44870	19.18	3.9405075815178945	0.20855057351407716	1.0	200	514	200	1.0
CHG	loss	GO:0006970	response to osmotic stress	6	AT2G01900;AT2G33380;AT2G33540;AT2G43430;AT4G16830;AT5G24090	52.74	6.290659742825037	0.11376564277588168	1.0	200	514	200	1.0
CHG	loss	GO:0006974	DNA damage response	6	AT1G66730;AT2G27120;AT2G32700;AT2G36490;AT4G00020;AT5G39770	35.035	4.889148698904568	0.171257314114457	1.0	200	514	200	1.0
CHG	loss	GO:0006979	response to oxidative stress	12	AT1G20620;AT1G52760;AT1G65990;AT1G66730;AT1G66950;AT2G32700;AT3G08640;AT3G47860;AT3G49120;AT4G35970;AT5G28030;AT5G51890	34.65	5.196874060432883	0.34632034632034636	1.0	200	514	200	1.0
CHG	loss	GO:0006996	organelle organization	20	AT1G08190;AT1G10910;AT1G44575;AT1G66345;AT2G28620;AT2G39140;AT2G39900;AT3G12110;AT3G29185;AT3G46000;AT4G13370;AT4G29160;AT4G32200;AT5G22350;AT5G24650;AT5G38150;AT5G39770;AT5G49150;AT5G52360;AT5G58180	114.5	10.345530435893592	0.17467248908296942	1.0	200	514	200	1.0
CHG	loss	GO:0007005	mitochondrion organization	3	AT1G66345;AT5G22350;AT5G24650	5.525	2.357832691265433	0.5429864253393665	0.9203980099502488	184	514	200	1.0
CHG	loss	GO:0007010	cytoskeleton organization	7	AT2G28620;AT2G39900;AT3G12110;AT3G46000;AT4G13370;AT5G49150;AT5G52360	33.855	5.442791103836358	0.2067641411903707	1.0	200	514	200	1.0
CHG	loss	GO:0007015	actin filament organization	3	AT2G39900;AT3G46000;AT5G52360	12.345	3.2040560232305504	0.24301336573511542	1.0	200	514	200	1.0
CHG	loss	GO:0007017	microtubule-based process	5	AT2G28620;AT3G16060;AT3G54870;AT4G13370;AT5G27950	27.07	4.932048256049409	0.1847063169560399	1.0	200	514	200	1.0
CHG	loss	GO:0007018	microtubule-based movement	4	AT2G28620;AT3G16060;AT3G54870;AT5G27950	12.505	3.182762165164085	0.31987205117952816	1.0	200	514	200	1.0
CHG	loss	GO:0007034	vacuolar transport	3	AT1G08190;AT4G29160;AT5G03840	9.285	2.881627144514016	0.32310177705977383	1.0	200	514	200	1.0
CHG	loss	GO:0007049	cell cycle	6	AT2G28620;AT2G38220;AT4G00020;AT4G08630;AT4G32200;AT5G39770	44.615	5.660103797634793	0.13448391796481005	1.0	200	514	200	1.0
CHG	loss	GO:0007154	cell communication	26	AT1G11130;AT1G21230;AT1G28270;AT1G33910;AT1G48220;AT1G49190;AT1G64480;AT2G16750;AT2G41310;AT3G12700;AT3G49120;AT3G57040;AT4G14940;AT4G15735;AT4G15900;AT4G16295;AT4G16860;AT4G16890;AT4G20940;AT5G05550;AT5G24090;AT5G40440;AT5G41740;AT5G44510;AT5G44870;AT5G59430	116.58	9.601229087986615	0.22302281694973408	1.0	200	514	200	1.0
CHG	loss	GO:0007165	signal transduction	25	AT1G11130;AT1G21230;AT1G28270;AT1G33910;AT1G48220;AT1G49190;AT1G64480;AT2G16750;AT2G41310;AT3G12700;AT3G49120;AT3G57040;AT4G14940;AT4G15735;AT4G15900;AT4G16860;AT4G16890;AT4G20940;AT5G05550;AT5G24090;AT5G40440;AT5G41740;AT5G44510;AT5G44870;AT5G59430	110.89	9.249751348009296	0.22544864279917035	1.0	200	514	200	1.0
CHG	loss	GO:0007275	multicellular organism development	47	AT1G03840;AT1G11130;AT1G13400;AT1G14580;AT1G34110;AT1G43620;AT1G49340;AT1G53310;AT1G62360;AT1G65060;AT1G66730;AT1G71440;AT1G71692;AT1G72560;AT1G75390;AT1G77980;AT1G80340;AT2G01280;AT2G04160;AT2G27380;AT2G32700;AT2G38220;AT2G42430;AT2G48130;AT3G06350;AT3G07610;AT3G08640;AT3G12110;AT3G22760;AT3G24240;AT3G46330;AT3G47860;AT3G54870;AT4G00020;AT4G01810;AT4G15900;AT4G21060;AT4G24660;AT5G01240;AT5G05560;AT5G11420;AT5G23660;AT5G40440;AT5G44700;AT5G49150;AT5G58230;AT5G62230	253.28	13.063751375466369	0.1855653821857233	1.0	200	514	200	1.0
CHG	loss	GO:0007389	pattern specification process	4	AT1G11130;AT2G32700;AT3G22760;AT5G44700	24.365	4.20734773937217	0.16416991586291813	1.0	200	514	200	1.0
CHG	loss	GO:0007623	circadian rhythm	4	AT2G41310;AT3G12700;AT3G57040;AT4G30350	12.995	3.308319059582982	0.30781069642170067	1.0	200	514	200	1.0
CHG	loss	GO:0008104	intracellular protein localization	6	AT1G03840;AT1G08190;AT2G47450;AT4G01810;AT5G03840;AT5G24650	47.215	5.734873581867297	0.1270782590278513	1.0	200	514	200	1.0
CHG	loss	GO:0008152	metabolic process	139	AT1G07200;AT1G07920;AT1G10910;AT1G11590;AT1G17150;AT1G20620;AT1G24510;AT1G31740;AT1G31950;AT1G32300;AT1G34260;AT1G36060;AT1G43620;AT1G44090;AT1G44980;AT1G49220;AT1G49340;AT1G50250;AT1G53310;AT1G55120;AT1G56630;AT1G57800;AT1G60950;AT1G62360;AT1G62910;AT1G63770;AT1G65060;AT1G65350;AT1G66140;AT1G66345;AT1G66730;AT1G67330;AT1G69830;AT1G69940;AT1G71920;AT1G71930;AT1G78960;AT1G80340;AT2G01280;AT2G01900;AT2G02750;AT2G04160;AT2G04350;AT2G05100;AT2G07200;AT2G07695;AT2G07715;AT2G07718;AT2G07727;AT2G19800;AT2G25630;AT2G27120;AT2G27920;AT2G29040;AT2G30210;AT2G32620;AT2G32700;AT2G33380;AT2G36490;AT2G36710;AT2G38220;AT2G39140;AT2G43430;AT2G44065;AT2G47650;AT3G04230;AT3G06350;AT3G06580;AT3G10950;AT3G12700;AT3G13750;AT3G16680;AT3G27980;AT3G29110;AT3G30180;AT3G42550;AT3G43920;AT3G44830;AT3G45140;AT3G45940;AT3G49120;AT3G49640;AT3G51860;AT3G59410;AT3G60750;AT4G00020;AT4G02130;AT4G03415;AT4G03930;AT4G04460;AT4G05490;AT4G11050;AT4G13760;AT4G14940;AT4G15900;AT4G16070;AT4G20940;AT4G21060;AT4G21640;AT4G22080;AT4G22350;AT4G23560;AT4G24010;AT4G27030;AT4G29740;AT4G30350;AT4G30530;AT4G33090;AT5G04590;AT5G05560;AT5G07410;AT5G10770;AT5G13980;AT5G15400;AT5G18380;AT5G21160;AT5G24090;AT5G25880;AT5G26780;AT5G28030;AT5G28550;AT5G36180;AT5G38420;AT5G38450;AT5G39770;AT5G39920;AT5G42260;AT5G42930;AT5G44840;AT5G49010;AT5G51070;AT5G51890;AT5G52040;AT5G54270;AT5G55360;AT5G58240;AT5G60390;AT5G64140;AT5G64760	638.965	17.348019339392714	0.21753930183969386	1.0	200	514	200	1.0
CHG	loss	GO:0008299	isoprenoid biosynthetic process	5	AT1G31950;AT1G44090;AT1G78960;AT1G80340;AT3G29110	13.305	3.2606709432262573	0.37579857196542654	0.9950248756218906	199	514	200	1.0
CHG	loss	GO:0008380	RNA splicing	4	AT1G66345;AT4G15900;AT4G22350;AT5G52040	19.965	3.644691344956386	0.20035061357375408	1.0	200	514	200	1.0
CHG	loss	GO:0008610	lipid biosynthetic process	10	AT1G31950;AT1G44090;AT1G49340;AT1G78960;AT1G80340;AT2G33380;AT3G29110;AT3G30180;AT3G45140;AT4G27030	49.735	6.3839466633110185	0.20106564793405046	1.0	200	514	200	1.0
CHG	loss	GO:0009056	catabolic process	26	AT1G11590;AT1G20620;AT1G36060;AT1G44980;AT1G50250;AT1G65350;AT1G69830;AT1G69940;AT2G19800;AT2G30210;AT2G36710;AT2G43430;AT3G27980;AT3G49120;AT4G03930;AT4G05490;AT4G16070;AT4G22080;AT4G29740;AT5G05560;AT5G07410;AT5G15400;AT5G21160;AT5G39770;AT5G51890;AT5G64760	100.605	8.787432787794053	0.2584364594205059	1.0	200	514	200	1.0
CHG	loss	GO:0009057	macromolecule catabolic process	17	AT1G11590;AT1G44980;AT1G50250;AT1G65350;AT1G69830;AT1G69940;AT2G36710;AT3G27980;AT4G03930;AT4G05490;AT4G22080;AT5G05560;AT5G07410;AT5G15400;AT5G21160;AT5G39770;AT5G64760	53.71	6.863373805935389	0.31651461552783466	1.0	200	514	200	1.0
CHG	loss	GO:0009058	biosynthetic process	55	AT1G07200;AT1G07920;AT1G24510;AT1G31950;AT1G32300;AT1G43620;AT1G44090;AT1G49340;AT1G62360;AT1G62910;AT1G66345;AT1G66730;AT1G67330;AT1G71920;AT1G78960;AT1G80340;AT2G01280;AT2G07715;AT2G27120;AT2G29040;AT2G32620;AT2G32700;AT2G33380;AT2G39140;AT2G44065;AT2G47650;AT3G04230;AT3G06350;AT3G10950;AT3G16680;AT3G29110;AT3G30180;AT3G43920;AT3G45140;AT3G49640;AT3G60750;AT4G02130;AT4G15900;AT4G21060;AT4G22350;AT4G24010;AT4G27030;AT4G30350;AT4G30530;AT5G18380;AT5G26780;AT5G28030;AT5G38420;AT5G38450;AT5G39920;AT5G51070;AT5G52040;AT5G58240;AT5G60390;AT5G64140	310.405	13.978589878811503	0.17718786746347515	1.0	200	514	200	1.0
CHG	loss	GO:0009059	macromolecule biosynthetic process	33	AT1G07200;AT1G07920;AT1G24510;AT1G62910;AT1G66345;AT1G66730;AT1G67330;AT2G01280;AT2G07715;AT2G27120;AT2G29040;AT2G32620;AT2G32700;AT2G39140;AT2G44065;AT3G04230;AT3G10950;AT3G16680;AT3G43920;AT3G49640;AT4G02130;AT4G15900;AT4G21060;AT4G22350;AT4G24010;AT4G30350;AT5G18380;AT5G39920;AT5G51070;AT5G52040;AT5G58240;AT5G60390;AT5G64140	179.315	11.465852563154673	0.18403368374090287	1.0	200	514	200	1.0
CHG	loss	GO:0009266	response to temperature stimulus	10	AT1G20620;AT1G33910;AT1G66730;AT2G05100;AT2G33380;AT3G47860;AT5G04590;AT5G21160;AT5G24090;AT5G37500	60.16	7.315353716670167	0.16622340425531915	1.0	200	514	200	1.0
CHG	loss	GO:0009267	cellular response to starvation	3	AT1G20620;AT1G53310;AT3G59410	14.645	3.4509382782078264	0.20484807101399796	1.0	200	514	200	1.0
CHG	loss	GO:0009308	amine metabolic process	4	AT1G62360;AT4G14940;AT4G29740;AT5G38450	8.05	2.5956694704834815	0.49689440993788814	0.9601990049751243	192	514	200	1.0
CHG	loss	GO:0009314	response to radiation	18	AT1G20620;AT1G44575;AT1G60950;AT1G65060;AT1G66730;AT1G80340;AT2G05100;AT2G36750;AT2G47450;AT3G08640;AT3G30180;AT3G47860;AT3G49120;AT4G20940;AT4G40100;AT5G24090;AT5G38150;AT5G54270	78.21	8.130553486694524	0.23014959723820486	1.0	200	514	200	1.0
CHG	loss	GO:0009408	response to heat	3	AT1G33910;AT3G47860;AT5G21160	24.875	4.820723493418804	0.12060301507537688	1.0	200	514	200	1.0
CHG	loss	GO:0009409	response to cold	7	AT1G20620;AT1G66730;AT2G05100;AT2G33380;AT5G04590;AT5G24090;AT5G37500	36.37	5.589552754916992	0.19246631839428102	1.0	200	514	200	1.0
CHG	loss	GO:0009411	response to UV	3	AT1G65060;AT1G66730;AT2G36750	12.025	3.347293682962402	0.24948024948024947	1.0	200	514	200	1.0
CHG	loss	GO:0009414	response to water deprivation	8	AT1G07200;AT2G05100;AT2G32700;AT2G33380;AT3G45140;AT3G47860;AT5G24090;AT5G37500	38.2	5.775811631277432	0.20942408376963348	1.0	200	514	200	1.0
CHG	loss	GO:0009415	response to water	9	AT1G07200;AT1G36060;AT2G05100;AT2G32700;AT2G33380;AT3G45140;AT3G47860;AT5G24090;AT5G37500	39.115	5.766435207300931	0.23009075802121948	1.0	200	514	200	1.0
CHG	loss	GO:0009416	response to light stimulus	18	AT1G20620;AT1G44575;AT1G60950;AT1G65060;AT1G66730;AT1G80340;AT2G05100;AT2G36750;AT2G47450;AT3G08640;AT3G30180;AT3G47860;AT3G49120;AT4G20940;AT4G40100;AT5G24090;AT5G38150;AT5G54270	73.885	7.903276219391478	0.24362184475874668	1.0	200	514	200	1.0
CHG	loss	GO:0009451	RNA modification	4	AT1G10910;AT2G02750;AT2G39140;AT3G49640	29.1	4.780167361086838	0.1374570446735395	1.0	200	514	200	1.0
CHG	loss	GO:0009553	embryo sac development	4	AT4G00020;AT5G05560;AT5G44700;AT5G62230	19.005	3.926190902134037	0.2104709287029729	1.0	200	514	200	1.0
CHG	loss	GO:0009555	pollen development	9	AT1G49340;AT1G65060;AT1G77980;AT2G38220;AT3G07610;AT4G01810;AT4G21060;AT5G49150;AT5G58230	42.97	5.9446698814989	0.2094484524086572	1.0	200	514	200	1.0
CHG	loss	GO:0009605	response to external stimulus	30	AT1G05460;AT1G08190;AT1G21835;AT1G52940;AT1G66730;AT1G69940;AT1G71930;AT2G31910;AT2G32700;AT2G33380;AT2G36490;AT3G28930;AT3G43920;AT3G45140;AT3G49120;AT3G51860;AT3G59740;AT4G08290;AT4G14276;AT4G15900;AT4G16860;AT4G16890;AT4G37460;AT5G08055;AT5G08315;AT5G40440;AT5G44510;AT5G44870;AT5G52605;AT5G54430	131.28	9.559372364334418	0.22851919561243145	1.0	200	514	200	1.0
CHG	loss	GO:0009607	response to biotic stimulus	28	AT1G05460;AT1G21835;AT1G52940;AT1G66730;AT1G69940;AT1G71930;AT2G32700;AT2G33380;AT2G36490;AT3G28930;AT3G43920;AT3G45140;AT3G49120;AT3G51860;AT3G59740;AT4G08290;AT4G14276;AT4G15900;AT4G16860;AT4G16890;AT4G37460;AT5G08055;AT5G08315;AT5G40440;AT5G44510;AT5G44870;AT5G52605;AT5G54430	111.68	8.886371587999127	0.2507163323782235	1.0	200	514	200	1.0
CHG	loss	GO:0009611	response to wounding	5	AT2G32700;AT2G42430;AT3G45140;AT5G24090;AT5G40440	24.14	4.373831272465824	0.2071251035625518	1.0	200	514	200	1.0
CHG	loss	GO:0009615	response to virus	3	AT1G05460;AT3G43920;AT5G44870	11.565	3.133013724834285	0.2594033722438392	1.0	200	514	200	1.0
CHG	loss	GO:0009617	response to bacterium	13	AT1G52940;AT1G66730;AT1G69940;AT2G32700;AT3G28930;AT3G45140;AT3G49120;AT3G59740;AT4G15900;AT4G16890;AT4G37460;AT5G40440;AT5G44510	50.305	6.512447696527012	0.2584236159427492	1.0	200	514	200	1.0
CHG	loss	GO:0009620	response to fungus	15	AT1G52940;AT1G71930;AT2G32700;AT2G33380;AT2G36490;AT3G45140;AT3G49120;AT4G08290;AT4G14276;AT4G15900;AT4G16860;AT5G08055;AT5G08315;AT5G52605;AT5G54430	32.765	4.750765727753784	0.4578055852281398	1.0	200	514	200	1.0
CHG	loss	GO:0009624	response to nematode	3	AT1G21835;AT2G32700;AT3G51860	9.18	2.7834510953131555	0.32679738562091504	0.9850746268656716	197	514	200	1.0
CHG	loss	GO:0009628	response to abiotic stimulus	33	AT1G07200;AT1G08190;AT1G20620;AT1G33910;AT1G36060;AT1G44575;AT1G60950;AT1G65060;AT1G66730;AT1G80340;AT2G01900;AT2G05100;AT2G32700;AT2G33380;AT2G33540;AT2G36750;AT2G43430;AT2G47450;AT3G08640;AT3G30180;AT3G45140;AT3G47860;AT3G49120;AT4G16830;AT4G20940;AT4G40100;AT5G04590;AT5G13190;AT5G21160;AT5G24090;AT5G37500;AT5G38150;AT5G54270	203.315	13.062380142990802	0.16230971644984385	1.0	200	514	200	1.0
CHG	loss	GO:0009636	response to toxic substance	8	AT1G20620;AT1G65990;AT2G43430;AT3G49120;AT3G59410;AT4G35970;AT5G51890;AT5G54270	24.04	4.416831443467131	0.3327787021630616	1.0	200	514	200	1.0
CHG	loss	GO:0009642	response to light intensity	7	AT1G60950;AT2G05100;AT2G47450;AT3G47860;AT4G20940;AT5G24090;AT5G54270	14.69	3.388790344651024	0.4765146358066712	1.0	200	514	200	1.0
CHG	loss	GO:0009644	response to high light intensity	4	AT2G05100;AT2G47450;AT3G47860;AT5G54270	5.58	2.0745119908065117	0.7168458781362007	0.8407960199004975	168	514	200	1.0
CHG	loss	GO:0009651	response to salt stress	6	AT2G01900;AT2G33380;AT2G33540;AT2G43430;AT4G16830;AT5G24090	43.225	5.90545298855218	0.13880855986119142	1.0	200	514	200	1.0
CHG	loss	GO:0009653	anatomical structure morphogenesis	22	AT1G11130;AT1G34110;AT1G65060;AT1G69940;AT1G72560;AT2G04160;AT2G07020;AT2G07040;AT2G25630;AT2G28620;AT2G42430;AT3G12110;AT3G23380;AT3G24240;AT3G49120;AT3G54870;AT4G00020;AT4G01810;AT4G21060;AT5G44700;AT5G52360;AT5G62230	104.5	8.661408661413017	0.21052631578947367	1.0	200	514	200	1.0
CHG	loss	GO:0009657	plastid organization	5	AT1G10910;AT1G44575;AT2G39140;AT3G29185;AT5G38150	27.365	4.808510684193191	0.18271514708569342	1.0	200	514	200	1.0
CHG	loss	GO:0009658	chloroplast organization	3	AT1G10910;AT3G29185;AT5G38150	20.35	4.134912332807065	0.14742014742014742	1.0	200	514	200	1.0
CHG	loss	GO:0009664	plant-type cell wall organization	11	AT1G23720;AT1G67330;AT2G27380;AT2G32700;AT3G28550;AT3G54580;AT3G54590;AT4G15900;AT5G06630;AT5G11420;AT5G44700	13.795	3.4355458081649854	0.7973903588256614	0.8308457711442786	166	514	200	1.0
CHG	loss	GO:0009685	gibberellin metabolic process	3	AT1G36060;AT1G44090;AT1G80340	2.735	1.4507842706619072	1.096892138939671	0.5422885572139303	108	514	200	1.0
CHG	loss	GO:0009690	cytokinin metabolic process	3	AT1G62360;AT4G29740;AT5G38450	3.17	1.667663035508073	0.9463722397476341	0.6567164179104478	131	514	200	1.0
CHG	loss	GO:0009719	response to endogenous stimulus	28	AT1G34170;AT1G34310;AT1G34390;AT1G34410;AT1G35540;AT1G49190;AT1G71930;AT2G04160;AT2G05100;AT2G16750;AT2G32700;AT2G33310;AT2G33380;AT2G41310;AT3G45140;AT3G47860;AT3G57040;AT4G00970;AT4G14940;AT4G15900;AT4G16830;AT4G16890;AT4G20940;AT5G05550;AT5G37500;AT5G40440;AT5G54270;AT5G59430	118.495	9.815292914630666	0.23629689016414193	1.0	200	514	200	1.0
CHG	loss	GO:0009723	response to ethylene	3	AT5G05550;AT5G40440;AT5G59430	13.355	3.472603490178511	0.22463496817671283	1.0	200	514	200	1.0
CHG	loss	GO:0009725	response to hormone	28	AT1G34170;AT1G34310;AT1G34390;AT1G34410;AT1G35540;AT1G49190;AT1G71930;AT2G04160;AT2G05100;AT2G16750;AT2G32700;AT2G33310;AT2G33380;AT2G41310;AT3G45140;AT3G47860;AT3G57040;AT4G00970;AT4G14940;AT4G15900;AT4G16830;AT4G16890;AT4G20940;AT5G05550;AT5G37500;AT5G40440;AT5G54270;AT5G59430	118.16	9.797673193161803	0.23696682464454977	1.0	200	514	200	1.0
CHG	loss	GO:0009733	response to auxin	5	AT1G71930;AT2G04160;AT2G32700;AT2G33310;AT4G16890	29.9	5.012983143797723	0.16722408026755853	1.0	200	514	200	1.0
CHG	loss	GO:0009735	response to cytokinin	4	AT1G49190;AT1G71930;AT2G41310;AT3G57040	10.41	3.0986932729781436	0.38424591738712777	1.0	200	514	200	1.0
CHG	loss	GO:0009736	cytokinin-activated signaling pathway	3	AT1G49190;AT2G41310;AT3G57040	5.935	2.114420724453864	0.5054759898904803	0.9751243781094527	195	514	200	1.0
CHG	loss	GO:0009737	response to abscisic acid	10	AT1G71930;AT2G05100;AT2G33380;AT3G47860;AT4G00970;AT4G16830;AT4G20940;AT5G37500;AT5G40440;AT5G54270	47.45	6.71174343967349	0.21074815595363539	1.0	200	514	200	1.0
CHG	loss	GO:0009743	response to carbohydrate	5	AT3G12700;AT4G14410;AT4G15900;AT5G03840;AT5G21160	22.03	4.139939613086153	0.22696323195642304	1.0	200	514	200	1.0
CHG	loss	GO:0009746	response to hexose	3	AT4G14410;AT4G15900;AT5G21160	7.135	2.529184651226558	0.4204625087596356	0.9800995024875622	196	514	200	1.0
CHG	loss	GO:0009749	response to glucose	3	AT4G14410;AT4G15900;AT5G21160	6.465	2.288837040944592	0.4640371229698376	0.9701492537313433	194	514	200	1.0
CHG	loss	GO:0009753	response to jasmonic acid	4	AT3G45140;AT4G14940;AT5G37500;AT5G40440	18.61	3.9809420995538276	0.21493820526598603	1.0	200	514	200	1.0
CHG	loss	GO:0009755	hormone-mediated signaling pathway	9	AT1G49190;AT2G16750;AT2G41310;AT3G57040;AT4G14940;AT4G15900;AT5G05550;AT5G40440;AT5G59430	40.865	5.924253117482404	0.22023736693992413	1.0	200	514	200	1.0
CHG	loss	GO:0009765	photosynthesis, light harvesting	3	AT1G50250;AT2G05100;AT5G54270	2.215	1.4137803931304187	1.3544018058690745	0.4079601990049751	81	514	200	1.0
CHG	loss	GO:0009787	regulation of abscisic acid-activated signaling pathway	4	AT1G66140;AT2G33540;AT4G16830;AT4G20940	11.625	3.0289230759463	0.34408602150537637	1.0	200	514	200	1.0
CHG	loss	GO:0009791	post-embryonic development	33	AT1G11130;AT1G13400;AT1G43620;AT1G62360;AT1G66730;AT1G71440;AT1G71692;AT1G72560;AT1G75390;AT1G80340;AT2G01280;AT2G04160;AT2G27380;AT2G32700;AT2G42430;AT2G48130;AT3G06350;AT3G07610;AT3G08640;AT3G22760;AT3G46330;AT3G47860;AT4G00020;AT4G01810;AT4G15900;AT4G24660;AT5G01240;AT5G05560;AT5G11420;AT5G23660;AT5G40440;AT5G58230;AT5G62230	151.095	10.59367617968386	0.2184056388364936	1.0	200	514	200	1.0
CHG	loss	GO:0009793	embryo development ending in seed dormancy	14	AT1G11130;AT1G71440;AT2G01280;AT2G32700;AT3G06350;AT3G08640;AT3G46330;AT4G00020;AT4G15900;AT4G24660;AT5G01240;AT5G05560;AT5G23660;AT5G58230	49.02	5.772313227814289	0.28559771521827826	1.0	200	514	200	1.0
CHG	loss	GO:0009826	unidimensional cell growth	9	AT1G69940;AT2G07020;AT2G07040;AT2G25630;AT2G28620;AT3G23380;AT3G49120;AT3G54870;AT5G52360	31.375	4.524861876344957	0.2868525896414343	1.0	200	514	200	1.0
CHG	loss	GO:0009827	plant-type cell wall modification	3	AT1G67330;AT2G27380;AT2G32700	4.9	2.190890230020663	0.6122448979591836	0.8855721393034826	177	514	200	1.0
CHG	loss	GO:0009845	seed germination	9	AT1G43620;AT1G66730;AT1G75390;AT1G80340;AT2G27380;AT2G32700;AT2G48130;AT5G11420;AT5G40440	11.725	3.0674704562554487	0.767590618336887	0.8706467661691543	174	514	200	1.0
CHG	loss	GO:0009856	pollination	9	AT1G69940;AT2G07020;AT2G07040;AT2G25630;AT2G31910;AT3G23380;AT4G16295;AT5G07410;AT5G52360	29.43	5.156074087908358	0.3058103975535168	1.0	200	514	200	1.0
CHG	loss	GO:0009860	pollen tube growth	6	AT1G69940;AT2G07020;AT2G07040;AT2G25630;AT3G23380;AT5G52360	14.79	3.4096774040955884	0.40567951318458423	1.0	200	514	200	1.0
CHG	loss	GO:0009873	ethylene-activated signaling pathway	3	AT5G05550;AT5G40440;AT5G59430	4.775	2.089108661606666	0.6282722513089005	0.845771144278607	169	514	200	1.0
CHG	loss	GO:0009889	regulation of biosynthetic process	56	AT1G03840;AT1G05460;AT1G13400;AT1G14580;AT1G19510;AT1G31640;AT1G34170;AT1G34310;AT1G34390;AT1G34410;AT1G35540;AT1G36060;AT1G49190;AT1G55950;AT1G57800;AT1G62310;AT1G62360;AT1G62975;AT1G66140;AT1G71692;AT1G71930;AT1G75390;AT1G77980;AT2G01370;AT2G05100;AT2G10440;AT2G21450;AT2G32700;AT2G33310;AT2G33540;AT2G41310;AT2G42430;AT3G03260;AT3G07610;AT3G21175;AT3G22430;AT3G22760;AT3G32090;AT3G32280;AT3G43920;AT3G57040;AT3G59410;AT4G00020;AT4G00540;AT4G14410;AT4G15900;AT4G25210;AT4G25400;AT4G25530;AT4G37280;AT4G37460;AT5G04590;AT5G05550;AT5G21160;AT5G52040;AT5G58230	223.13	13.382567018326425	0.25097476807242414	1.0	200	514	200	1.0
CHG	loss	GO:0009890	negative regulation of biosynthetic process	15	AT1G05460;AT1G57800;AT2G21450;AT2G32700;AT3G07610;AT3G22430;AT3G32280;AT3G43920;AT4G15900;AT4G25530;AT4G37460;AT5G04590;AT5G21160;AT5G52040;AT5G58230	56.715	6.739716240317488	0.26448029621793173	1.0	200	514	200	1.0
CHG	loss	GO:0009891	positive regulation of biosynthetic process	12	AT1G03840;AT1G31640;AT1G36060;AT1G71692;AT1G71930;AT1G77980;AT2G05100;AT2G10440;AT2G32700;AT2G33540;AT2G42430;AT5G21160	45.5	6.437390775772437	0.26373626373626374	1.0	200	514	200	1.0
CHG	loss	GO:0009892	negative regulation of metabolic process	16	AT1G05460;AT1G57800;AT2G21450;AT2G32700;AT3G07610;AT3G22430;AT3G32280;AT3G43920;AT3G47860;AT4G15900;AT4G25530;AT4G37460;AT5G04590;AT5G21160;AT5G52040;AT5G58230	64.475	6.99423870053063	0.24815820085304383	1.0	200	514	200	1.0
CHG	loss	GO:0009893	positive regulation of metabolic process	12	AT1G03840;AT1G31640;AT1G36060;AT1G71692;AT1G71930;AT1G77980;AT2G05100;AT2G10440;AT2G32700;AT2G33540;AT2G42430;AT5G21160	54.47	7.0483402301534674	0.22030475491096016	1.0	200	514	200	1.0
CHG	loss	GO:0009908	flower development	9	AT1G11130;AT1G13400;AT1G62360;AT1G72560;AT2G32700;AT3G07610;AT4G01810;AT5G05560;AT5G62230	39.805	5.489715384243533	0.2261022484612486	1.0	200	514	200	1.0
CHG	loss	GO:0009909	regulation of flower development	4	AT2G32700;AT4G25530;AT5G03840;AT5G58230	17.365	3.7685242469699003	0.23034840195796144	1.0	200	514	200	1.0
CHG	loss	GO:0009932	cell tip growth	7	AT1G69940;AT2G07020;AT2G07040;AT2G25630;AT3G23380;AT3G54870;AT5G52360	18.465	3.8972778961731693	0.3790955862442459	1.0	200	514	200	1.0
CHG	loss	GO:0009966	regulation of signal transduction	7	AT1G03840;AT1G66140;AT2G33540;AT3G26940;AT4G16830;AT4G20940;AT5G21160	35.47	5.45793917151888	0.19734987313222443	1.0	200	514	200	1.0
CHG	loss	GO:0009967	positive regulation of signal transduction	3	AT1G03840;AT3G26940;AT4G20940	9.615	2.831391000903972	0.31201248049922	1.0	200	514	200	1.0
CHG	loss	GO:0009987	cellular process	245	AT1G03840;AT1G07200;AT1G07810;AT1G07920;AT1G08190;AT1G10910;AT1G11130;AT1G11590;AT1G14110;AT1G14580;AT1G17150;AT1G20620;AT1G21230;AT1G23720;AT1G24510;AT1G28010;AT1G28270;AT1G29830;AT1G31740;AT1G31950;AT1G32300;AT1G33910;AT1G34260;AT1G36060;AT1G43620;AT1G44090;AT1G44575;AT1G44980;AT1G48220;AT1G49190;AT1G49220;AT1G49340;AT1G50250;AT1G53310;AT1G55120;AT1G56630;AT1G57800;AT1G60950;AT1G62310;AT1G62360;AT1G62910;AT1G62920;AT1G63770;AT1G64480;AT1G65060;AT1G65350;AT1G65550;AT1G65990;AT1G66140;AT1G66345;AT1G66730;AT1G66950;AT1G67330;AT1G69830;AT1G69940;AT1G71920;AT1G71930;AT1G72560;AT1G78960;AT1G80340;AT2G01280;AT2G01900;AT2G02750;AT2G04160;AT2G04350;AT2G05100;AT2G07020;AT2G07040;AT2G07200;AT2G07560;AT2G07681;AT2G07689;AT2G07695;AT2G07715;AT2G07718;AT2G07727;AT2G16750;AT2G16980;AT2G19800;AT2G21450;AT2G25630;AT2G27120;AT2G27380;AT2G27920;AT2G28170;AT2G28620;AT2G28640;AT2G29040;AT2G30210;AT2G31910;AT2G32620;AT2G32700;AT2G33380;AT2G36490;AT2G36710;AT2G38220;AT2G39140;AT2G39900;AT2G41310;AT2G41700;AT2G43430;AT2G44065;AT2G47450;AT2G47650;AT3G04230;AT3G06350;AT3G06580;AT3G07610;AT3G10950;AT3G12110;AT3G12700;AT3G13750;AT3G16060;AT3G16180;AT3G16680;AT3G22760;AT3G23380;AT3G27980;AT3G28550;AT3G29110;AT3G29185;AT3G30180;AT3G30842;AT3G32280;AT3G42550;AT3G43920;AT3G44830;AT3G44910;AT3G45140;AT3G45940;AT3G46000;AT3G49120;AT3G49640;AT3G51860;AT3G54580;AT3G54590;AT3G54870;AT3G57040;AT3G59410;AT3G60750;AT4G00020;AT4G00416;AT4G01810;AT4G02130;AT4G03415;AT4G03930;AT4G04460;AT4G05490;AT4G08290;AT4G08300;AT4G08630;AT4G08990;AT4G11050;AT4G12120;AT4G13370;AT4G13760;AT4G14140;AT4G14410;AT4G14940;AT4G15735;AT4G15900;AT4G16070;AT4G16295;AT4G16830;AT4G16860;AT4G16890;AT4G20170;AT4G20940;AT4G21060;AT4G21640;AT4G22080;AT4G22350;AT4G23560;AT4G24010;AT4G27030;AT4G27040;AT4G29160;AT4G29740;AT4G30350;AT4G30530;AT4G32200;AT4G33090;AT4G35970;AT4G37280;AT5G01240;AT5G03840;AT5G04590;AT5G05550;AT5G05560;AT5G05987;AT5G06620;AT5G06630;AT5G07410;AT5G09400;AT5G10770;AT5G11420;AT5G13190;AT5G13980;AT5G15400;AT5G18380;AT5G18840;AT5G21160;AT5G22350;AT5G23660;AT5G24090;AT5G24650;AT5G25880;AT5G26780;AT5G27950;AT5G28030;AT5G28550;AT5G36180;AT5G37500;AT5G38150;AT5G38420;AT5G38450;AT5G39770;AT5G39920;AT5G40440;AT5G41740;AT5G41800;AT5G42260;AT5G42930;AT5G44510;AT5G44700;AT5G44840;AT5G44870;AT5G46370;AT5G49010;AT5G49150;AT5G51070;AT5G51890;AT5G52040;AT5G52270;AT5G52360;AT5G54270;AT5G54280;AT5G55360;AT5G58180;AT5G58230;AT5G58240;AT5G59430;AT5G60390;AT5G64140;AT5G64760	1049.895	16.66805252571712	0.23335666900023336	1.0	200	514	200	1.0
CHG	loss	GO:0010015	root morphogenesis	8	AT1G11130;AT1G34110;AT2G04160;AT2G42430;AT3G12110;AT3G24240;AT3G54870;AT4G21060	34.64	5.209644901526398	0.23094688221709006	1.0	200	514	200	1.0
CHG	loss	GO:0010038	response to metal ion	8	AT1G07810;AT1G52760;AT2G32700;AT3G51860;AT4G04460;AT5G28030;AT5G37500;AT5G39020	22.89	4.5571811462789205	0.34949759720401924	1.0	200	514	200	1.0
CHG	loss	GO:0010053	root epidermal cell differentiation	3	AT3G12110;AT3G54870;AT4G21060	15.805	3.6244965167592595	0.18981335020563114	1.0	200	514	200	1.0
CHG	loss	GO:0010054	trichoblast differentiation	3	AT3G12110;AT3G54870;AT4G21060	14.245	3.421253425281445	0.2106002106002106	1.0	200	514	200	1.0
CHG	loss	GO:0010073	meristem maintenance	7	AT1G03840;AT1G34110;AT1G50750;AT1G62360;AT2G32700;AT3G24240;AT5G03840	19.545	3.753395129745864	0.3581478639038117	1.0	200	514	200	1.0
CHG	loss	GO:0010075	regulation of meristem growth	3	AT1G03840;AT1G34110;AT3G24240	7.445	2.4283687940673255	0.40295500335795836	0.9800995024875622	196	514	200	1.0
CHG	loss	GO:0010119	regulation of stomatal movement	7	AT1G70410;AT2G05100;AT3G51860;AT4G20940;AT4G40100;AT5G37500;AT5G54270	12.785	3.2831044759495542	0.5475166210402815	0.9900497512437811	198	514	200	1.0
CHG	loss	GO:0010154	fruit development	18	AT1G11130;AT1G43620;AT1G66730;AT1G71440;AT2G01280;AT2G32700;AT2G48130;AT3G06350;AT3G08640;AT3G46330;AT3G47860;AT4G00020;AT4G15900;AT4G24660;AT5G01240;AT5G05560;AT5G23660;AT5G58230	71.56	7.1060819021455135	0.25153717160424816	1.0	200	514	200	1.0
CHG	loss	GO:0010208	pollen wall assembly	3	AT1G65060;AT4G01810;AT4G21060	5.7	2.2449944320643644	0.5263157894736842	0.9253731343283582	185	514	200	1.0
CHG	loss	GO:0010214	seed coat development	4	AT1G43620;AT2G32700;AT2G48130;AT5G58230	5.145	2.124611729234309	0.7774538386783285	0.7661691542288557	153	514	200	1.0
CHG	loss	GO:0010374	stomatal complex development	3	AT3G07610;AT3G22760;AT5G62230	6.81	2.209954750667987	0.4405286343612335	0.9800995024875622	196	514	200	1.0
CHG	loss	GO:0010467	gene expression	24	AT1G07200;AT1G07920;AT1G24510;AT1G62910;AT1G66345;AT2G01280;AT2G07715;AT2G39140;AT2G44065;AT3G04230;AT3G10950;AT3G16680;AT3G43920;AT3G49640;AT4G15900;AT4G22350;AT4G30350;AT5G18380;AT5G39920;AT5G51070;AT5G52040;AT5G58240;AT5G60390;AT5G64140	137.015	10.281769059845878	0.1751633032879612	1.0	200	514	200	1.0
CHG	loss	GO:0010468	regulation of gene expression	55	AT1G03840;AT1G05460;AT1G13400;AT1G14580;AT1G19510;AT1G31640;AT1G34170;AT1G34310;AT1G34390;AT1G34410;AT1G35540;AT1G36060;AT1G49190;AT1G55950;AT1G57800;AT1G62310;AT1G62360;AT1G62975;AT1G66140;AT1G71692;AT1G71930;AT1G75390;AT1G77980;AT2G01370;AT2G10440;AT2G21450;AT2G32700;AT2G33310;AT2G33540;AT2G41310;AT2G42430;AT3G03260;AT3G07610;AT3G21175;AT3G22430;AT3G22760;AT3G32090;AT3G32280;AT3G43920;AT3G57040;AT3G59410;AT4G00020;AT4G00540;AT4G14410;AT4G15900;AT4G25210;AT4G25400;AT4G25530;AT4G37280;AT4G37460;AT5G04590;AT5G05550;AT5G21160;AT5G52040;AT5G58230	206.25	12.805760422559954	0.26666666666666666	1.0	200	514	200	1.0
CHG	loss	GO:0010496	intercellular transport	3	AT1G11130;AT1G62360;AT5G26700	3.405	1.706157964550763	0.881057268722467	0.6965174129353234	139	514	200	1.0
CHG	loss	GO:0010497	plasmodesmata-mediated intercellular transport	3	AT1G11130;AT1G62360;AT5G26700	2.225	1.4192867927237256	1.348314606741573	0.373134328358209	74	514	200	1.0
CHG	loss	GO:0010556	regulation of macromolecule biosynthetic process	55	AT1G03840;AT1G05460;AT1G13400;AT1G14580;AT1G19510;AT1G31640;AT1G34170;AT1G34310;AT1G34390;AT1G34410;AT1G35540;AT1G36060;AT1G49190;AT1G55950;AT1G57800;AT1G62310;AT1G62360;AT1G62975;AT1G66140;AT1G71692;AT1G71930;AT1G75390;AT1G77980;AT2G01370;AT2G10440;AT2G21450;AT2G32700;AT2G33310;AT2G33540;AT2G41310;AT2G42430;AT3G03260;AT3G07610;AT3G21175;AT3G22430;AT3G22760;AT3G32090;AT3G32280;AT3G43920;AT3G57040;AT3G59410;AT4G00020;AT4G00540;AT4G14410;AT4G15900;AT4G25210;AT4G25400;AT4G25530;AT4G37280;AT4G37460;AT5G04590;AT5G05550;AT5G21160;AT5G52040;AT5G58230	211.0	13.199621206686318	0.26066350710900477	1.0	200	514	200	1.0
CHG	loss	GO:0010557	positive regulation of macromolecule biosynthetic process	10	AT1G03840;AT1G31640;AT1G71692;AT1G71930;AT1G77980;AT2G10440;AT2G32700;AT2G33540;AT2G42430;AT5G21160	39.345	5.894571655345303	0.25416190113102044	1.0	200	514	200	1.0
CHG	loss	GO:0010558	negative regulation of macromolecule biosynthetic process	15	AT1G05460;AT1G57800;AT2G21450;AT2G32700;AT3G07610;AT3G22430;AT3G32280;AT3G43920;AT4G15900;AT4G25530;AT4G37460;AT5G04590;AT5G21160;AT5G52040;AT5G58230	55.16	6.744953669225612	0.2719361856417694	1.0	200	514	200	1.0
CHG	loss	GO:0010604	positive regulation of macromolecule metabolic process	10	AT1G03840;AT1G31640;AT1G71692;AT1G71930;AT1G77980;AT2G10440;AT2G32700;AT2G33540;AT2G42430;AT5G21160	46.14	6.53149293806552	0.21673168617251842	1.0	200	514	200	1.0
CHG	loss	GO:0010605	negative regulation of macromolecule metabolic process	15	AT1G05460;AT1G57800;AT2G21450;AT2G32700;AT3G07610;AT3G22430;AT3G32280;AT3G43920;AT4G15900;AT4G25530;AT4G37460;AT5G04590;AT5G21160;AT5G52040;AT5G58230	59.59	6.855793170742485	0.2517200872629636	1.0	200	514	200	1.0
CHG	loss	GO:0010608	post-transcriptional regulation of gene expression	4	AT1G05460;AT3G43920;AT3G59410;AT5G21160	15.515	3.4885204600231297	0.25781501772478244	1.0	200	514	200	1.0
CHG	loss	GO:0010628	positive regulation of gene expression	3	AT1G71930;AT2G33540;AT5G21160	9.11	2.797838451376348	0.32930845225027444	0.9950248756218906	199	514	200	1.0
CHG	loss	GO:0010629	negative regulation of gene expression	11	AT1G05460;AT1G57800;AT2G21450;AT3G07610;AT3G22430;AT3G32280;AT3G43920;AT4G25530;AT5G21160;AT5G52040;AT5G58230	37.31	5.18110991969866	0.2948271240954168	1.0	200	514	200	1.0
CHG	loss	GO:0010646	regulation of cell communication	7	AT1G03840;AT1G66140;AT2G33540;AT3G26940;AT4G16830;AT4G20940;AT5G21160	35.635	5.513780463529562	0.1964360881156167	1.0	200	514	200	1.0
CHG	loss	GO:0010647	positive regulation of cell communication	3	AT1G03840;AT3G26940;AT4G20940	9.615	2.831391000903972	0.31201248049922	1.0	200	514	200	1.0
CHG	loss	GO:0010817	regulation of hormone levels	6	AT1G62360;AT3G30180;AT4G29740;AT4G33090;AT5G01240;AT5G38450	28.395	4.833112351270141	0.21130480718436345	1.0	200	514	200	1.0
CHG	loss	GO:0010927	cellular component assembly involved in morphogenesis	3	AT1G65060;AT4G01810;AT4G21060	6.27	2.323165943276547	0.47846889952153115	0.9552238805970149	191	514	200	1.0
CHG	loss	GO:0015031	protein transport	5	AT1G08190;AT2G47450;AT4G01810;AT5G03840;AT5G24650	38.515	5.030882129408315	0.12981955082435415	1.0	200	514	200	1.0
CHG	loss	GO:0015977	carbon fixation	3	AT1G53310;AT3G60750;AT5G38420	2.175	1.3395428324618819	1.3793103448275863	0.36318407960199006	72	514	200	1.0
CHG	loss	GO:0015979	photosynthesis	6	AT1G50250;AT1G60950;AT2G05100;AT3G60750;AT5G38420;AT5G54270	12.33	3.0904853987682936	0.48661800486618007	0.9850746268656716	197	514	200	1.0
CHG	loss	GO:0015980	energy derivation by oxidation of organic compounds	3	AT1G53310;AT2G07718;AT2G07727	15.455	3.542312098051216	0.19411193788417988	1.0	200	514	200	1.0
CHG	loss	GO:0016043	cellular component organization	59	AT1G08190;AT1G10910;AT1G11590;AT1G23720;AT1G44575;AT1G44980;AT1G53310;AT1G57800;AT1G62310;AT1G62920;AT1G65060;AT1G66345;AT1G67330;AT1G69940;AT2G01280;AT2G07681;AT2G21450;AT2G27380;AT2G28620;AT2G32700;AT2G36710;AT2G39140;AT2G39900;AT2G47450;AT3G07610;AT3G12110;AT3G27980;AT3G28550;AT3G29185;AT3G32280;AT3G43920;AT3G46000;AT3G54580;AT3G54590;AT4G00416;AT4G01810;AT4G03930;AT4G13370;AT4G15900;AT4G21060;AT4G22350;AT4G29160;AT4G32200;AT4G37280;AT5G06620;AT5G06630;AT5G07410;AT5G11420;AT5G22350;AT5G23660;AT5G24650;AT5G38150;AT5G39770;AT5G44700;AT5G49150;AT5G51070;AT5G52360;AT5G58180;AT5G58230	221.355	12.759270159378442	0.266540173025231	1.0	200	514	200	1.0
CHG	loss	GO:0016049	cell growth	10	AT1G69940;AT2G07020;AT2G07040;AT2G25630;AT2G28620;AT3G12110;AT3G23380;AT3G49120;AT3G54870;AT5G52360	41.575	5.4151985189833916	0.24052916416115452	1.0	200	514	200	1.0
CHG	loss	GO:0016050	vesicle organization	3	AT1G08190;AT4G29160;AT5G58180	4.13	1.758721126273293	0.7263922518159807	0.8109452736318408	162	514	200	1.0
CHG	loss	GO:0016051	carbohydrate biosynthetic process	8	AT1G32300;AT1G67330;AT2G32620;AT2G32700;AT3G60750;AT4G02130;AT4G24010;AT5G38420	34.5	5.883026432033082	0.2318840579710145	1.0	200	514	200	1.0
CHG	loss	GO:0016052	carbohydrate catabolic process	9	AT1G11590;AT1G44980;AT1G69830;AT1G69940;AT2G36710;AT3G27980;AT4G03930;AT4G22080;AT5G07410	19.375	4.351364728450143	0.4645161290322581	0.9950248756218906	199	514	200	1.0
CHG	loss	GO:0016070	RNA metabolic process	14	AT1G10910;AT1G62910;AT1G66345;AT2G01280;AT2G02750;AT2G39140;AT3G16680;AT3G43920;AT3G49640;AT4G15900;AT4G22350;AT5G21160;AT5G39920;AT5G52040	117.975	9.214357004153902	0.11866920957830049	1.0	200	514	200	1.0
CHG	loss	GO:0016071	mRNA metabolic process	6	AT1G62910;AT4G15900;AT4G22350;AT5G21160;AT5G39920;AT5G52040	33.78	4.7845166945053	0.17761989342806395	1.0	200	514	200	1.0
CHG	loss	GO:0016101	diterpenoid metabolic process	5	AT1G31950;AT1G36060;AT1G44090;AT1G80340;AT3G29110	5.025	2.0259257143340665	0.9950248756218905	0.6069651741293532	121	514	200	1.0
CHG	loss	GO:0016102	diterpenoid biosynthetic process	4	AT1G31950;AT1G44090;AT1G80340;AT3G29110	4.205	1.8902314673076415	0.9512485136741974	0.6169154228855721	123	514	200	1.0
CHG	loss	GO:0016114	terpenoid biosynthetic process	5	AT1G31950;AT1G44090;AT1G78960;AT1G80340;AT3G29110	11.14	2.900068964697216	0.4488330341113106	0.9900497512437811	198	514	200	1.0
CHG	loss	GO:0016192	vesicle-mediated transport	9	AT1G08190;AT2G28640;AT4G01810;AT4G12120;AT4G27040;AT4G29160;AT5G05987;AT5G52270;AT5G58180	39.575	5.7283832797744685	0.22741629816803535	1.0	200	514	200	1.0
CHG	loss	GO:0016310	phosphorylation	4	AT1G49340;AT3G06580;AT3G59410;AT4G20940	19.895	3.9829605822804774	0.20105554159336517	1.0	200	514	200	1.0
CHG	loss	GO:0016567	protein ubiquitination	6	AT1G49220;AT1G57800;AT2G38220;AT4G15900;AT5G05560;AT5G15400	51.23	6.082524147095555	0.11711887565879368	1.0	200	514	200	1.0
CHG	loss	GO:0019219	regulation of nucleobase-containing compound metabolic process	45	AT1G03840;AT1G13400;AT1G14580;AT1G19510;AT1G31640;AT1G34170;AT1G34310;AT1G34390;AT1G34410;AT1G35540;AT1G36060;AT1G49190;AT1G55950;AT1G62360;AT1G62975;AT1G66140;AT1G71692;AT1G71930;AT1G75390;AT1G77980;AT2G01370;AT2G10440;AT2G32700;AT2G33310;AT2G33540;AT2G41310;AT2G42430;AT3G03260;AT3G21175;AT3G22760;AT3G32090;AT3G57040;AT4G00020;AT4G00540;AT4G14410;AT4G15900;AT4G25210;AT4G25400;AT4G25530;AT4G37280;AT4G37460;AT5G04590;AT5G05550;AT5G21160;AT5G58230	172.185	11.646921267012937	0.2613468072131719	1.0	200	514	200	1.0
CHG	loss	GO:0019222	regulation of metabolic process	59	AT1G03840;AT1G05460;AT1G13400;AT1G14580;AT1G19510;AT1G31640;AT1G34170;AT1G34310;AT1G34390;AT1G34410;AT1G35540;AT1G36060;AT1G49190;AT1G55950;AT1G57800;AT1G62310;AT1G62360;AT1G62975;AT1G66140;AT1G71692;AT1G71930;AT1G75390;AT1G77980;AT2G01370;AT2G01900;AT2G05100;AT2G10440;AT2G21450;AT2G32700;AT2G33310;AT2G33380;AT2G33540;AT2G41310;AT2G42430;AT3G03260;AT3G07610;AT3G21175;AT3G22430;AT3G22760;AT3G32090;AT3G32280;AT3G43920;AT3G47860;AT3G57040;AT3G59410;AT4G00020;AT4G00540;AT4G14410;AT4G15900;AT4G25210;AT4G25400;AT4G25530;AT4G37280;AT4G37460;AT5G04590;AT5G05550;AT5G21160;AT5G52040;AT5G58230	251.23	13.697704187198859	0.23484456474147197	1.0	200	514	200	1.0
CHG	loss	GO:0019538	protein metabolic process	45	AT1G07200;AT1G07920;AT1G20620;AT1G24510;AT1G49220;AT1G49340;AT1G50250;AT1G57800;AT1G63770;AT1G65350;AT2G04160;AT2G07200;AT2G07715;AT2G27920;AT2G29040;AT2G38220;AT2G39140;AT2G44065;AT3G04230;AT3G10950;AT3G12700;AT3G30180;AT3G42550;AT3G59410;AT4G03415;AT4G04460;AT4G05490;AT4G15900;AT4G20940;AT4G21060;AT4G21640;AT4G22350;AT4G30350;AT4G33090;AT5G05560;AT5G10770;AT5G15400;AT5G18380;AT5G28550;AT5G36180;AT5G51070;AT5G58240;AT5G60390;AT5G64140;AT5G64760	198.73	11.431408487146633	0.22643788054143815	1.0	200	514	200	1.0
CHG	loss	GO:0019637	organophosphate metabolic process	5	AT1G34260;AT1G49340;AT2G01900;AT2G47650;AT4G27030	58.78	6.858687921169764	0.08506294658046955	1.0	200	514	200	1.0
CHG	loss	GO:0019684	photosynthesis, light reaction	4	AT1G50250;AT1G60950;AT2G05100;AT5G54270	7.145	2.411218571594041	0.5598320503848846	0.945273631840796	189	514	200	1.0
CHG	loss	GO:0019725	cellular homeostasis	3	AT3G51860;AT4G14410;AT5G28030	22.025	4.367422008462211	0.1362088535754824	1.0	200	514	200	1.0
CHG	loss	GO:0019748	secondary metabolic process	4	AT1G65060;AT2G30210;AT4G30530;AT5G36180	17.345	3.586917200047973	0.23061400980109542	1.0	200	514	200	1.0
CHG	loss	GO:0019752	carboxylic acid metabolic process	13	AT1G32300;AT1G36060;AT1G44090;AT1G71920;AT1G80340;AT2G04350;AT2G33380;AT3G06350;AT3G45140;AT4G27030;AT5G25880;AT5G26780;AT5G28030	71.03	7.351129164965064	0.183021258623117	1.0	200	514	200	1.0
CHG	loss	GO:0019827	stem cell population maintenance	3	AT1G34110;AT1G62360;AT3G24240	10.15	2.7032387981826522	0.29556650246305416	1.0	200	514	200	1.0
CHG	loss	GO:0019941	modification-dependent protein catabolic process	5	AT1G65350;AT4G05490;AT5G05560;AT5G15400;AT5G64760	24.275	4.70099723463013	0.2059732234809475	1.0	200	514	200	1.0
CHG	loss	GO:0019953	sexual reproduction	5	AT4G00020;AT4G32200;AT5G39770;AT5G48605;AT5G49150	26.19	4.742773450208215	0.19091256204658266	1.0	200	514	200	1.0
CHG	loss	GO:0021700	developmental maturation	6	AT1G77980;AT3G12110;AT3G47860;AT3G54870;AT4G21060;AT5G23660	22.165	4.426937428968249	0.27069704489059326	1.0	200	514	200	1.0
CHG	loss	GO:0022402	cell cycle process	4	AT2G28620;AT4G08630;AT4G32200;AT5G39770	42.29	5.602312022727759	0.09458500827618822	1.0	200	514	200	1.0
CHG	loss	GO:0022414	reproductive process	38	AT1G11130;AT1G13400;AT1G43620;AT1G62360;AT1G66730;AT1G69940;AT1G71440;AT1G71692;AT1G72560;AT2G01280;AT2G07020;AT2G07040;AT2G25630;AT2G31910;AT2G32700;AT2G48130;AT3G06350;AT3G07610;AT3G08640;AT3G23380;AT3G46330;AT3G47860;AT4G00020;AT4G01810;AT4G15900;AT4G16295;AT4G24660;AT4G32200;AT5G01240;AT5G05560;AT5G07410;AT5G23660;AT5G39770;AT5G48605;AT5G49150;AT5G52360;AT5G58230;AT5G62230	169.145	11.605773347778022	0.22465931597150374	1.0	200	514	200	1.0
CHG	loss	GO:0022603	regulation of anatomical structure morphogenesis	6	AT1G11130;AT1G28270;AT1G62310;AT1G77980;AT2G07040;AT5G44700	17.7	4.1460824883255825	0.33898305084745767	1.0	200	514	200	1.0
CHG	loss	GO:0022604	regulation of cell morphogenesis	4	AT1G28270;AT1G62310;AT1G77980;AT2G07040	11.3	3.122498999199197	0.35398230088495575	1.0	200	514	200	1.0
CHG	loss	GO:0022607	cellular component assembly	21	AT1G53310;AT1G62920;AT1G65060;AT1G66345;AT2G01280;AT2G07681;AT2G21450;AT2G39900;AT2G47450;AT3G07610;AT3G29185;AT3G32280;AT4G01810;AT4G15900;AT4G21060;AT4G22350;AT4G32200;AT5G23660;AT5G44700;AT5G51070;AT5G58230	64.51	6.560480165353665	0.32553092543791656	1.0	200	514	200	1.0
CHG	loss	GO:0022613	ribonucleoprotein complex biogenesis	3	AT2G39140;AT4G22350;AT5G21160	17.97	3.729490581835544	0.1669449081803005	1.0	200	514	200	1.0
CHG	loss	GO:0022622	root system development	14	AT1G03840;AT1G11130;AT1G14580;AT1G34110;AT1G49340;AT1G71692;AT2G04160;AT2G42430;AT3G12110;AT3G24240;AT3G54870;AT4G15900;AT4G21060;AT5G01240	61.37	6.950043165333586	0.22812449079354735	1.0	200	514	200	1.0
CHG	loss	GO:0022900	electron transport chain	4	AT1G60950;AT2G07695;AT2G07718;AT2G07727	5.63	1.9781557067126945	0.7104795737122558	0.835820895522388	167	514	200	1.0
CHG	loss	GO:0023051	regulation of signaling	7	AT1G03840;AT1G66140;AT2G33540;AT3G26940;AT4G16830;AT4G20940;AT5G21160	35.705	5.532447469249042	0.1960509732530458	1.0	200	514	200	1.0
CHG	loss	GO:0023052	signaling	25	AT1G11130;AT1G21230;AT1G28270;AT1G33910;AT1G48220;AT1G49190;AT1G64480;AT2G16750;AT2G41310;AT3G12700;AT3G49120;AT3G57040;AT4G14940;AT4G15735;AT4G15900;AT4G16860;AT4G16890;AT4G20940;AT5G05550;AT5G24090;AT5G40440;AT5G41740;AT5G44510;AT5G44870;AT5G59430	112.815	9.407485051808504	0.2216017373576209	1.0	200	514	200	1.0
CHG	loss	GO:0023056	positive regulation of signaling	3	AT1G03840;AT3G26940;AT4G20940	9.685	2.854080412321977	0.3097573567372225	1.0	200	514	200	1.0
CHG	loss	GO:0030001	metal ion transport	7	AT1G07810;AT1G29830;AT2G07681;AT3G51860;AT5G09400;AT5G37500;AT5G46370	28.305	4.691692125448984	0.24730612965907084	1.0	200	514	200	1.0
CHG	loss	GO:0030029	actin filament-based process	5	AT2G39900;AT3G46000;AT5G49150;AT5G52360;AT5G54280	16.19	3.6060920675989383	0.3088326127239036	1.0	200	514	200	1.0
CHG	loss	GO:0030036	actin cytoskeleton organization	4	AT2G39900;AT3G46000;AT5G49150;AT5G52360	13.68	3.424558365687468	0.29239766081871343	1.0	200	514	200	1.0
CHG	loss	GO:0030154	cell differentiation	12	AT1G69940;AT1G71930;AT2G07020;AT2G07040;AT2G25630;AT3G12110;AT3G23380;AT3G54870;AT4G21060;AT5G49150;AT5G52360;AT5G58230	60.02	6.477623020830996	0.19993335554815062	1.0	200	514	200	1.0
CHG	loss	GO:0030163	protein catabolic process	6	AT1G50250;AT1G65350;AT4G05490;AT5G05560;AT5G15400;AT5G64760	29.43	5.43462050193019	0.20387359836901123	1.0	200	514	200	1.0
CHG	loss	GO:0031047	regulatory ncRNA-mediated gene silencing	8	AT1G05460;AT2G21450;AT3G07610;AT3G22430;AT3G32280;AT3G43920;AT4G25530;AT5G52040	17.72	3.673091341091324	0.4514672686230249	1.0	200	514	200	1.0
CHG	loss	GO:0031048	regulatory ncRNA-mediated heterochromatin formation	3	AT2G21450;AT3G07610;AT3G32280	7.6	2.4556058315617353	0.39473684210526316	0.9850746268656716	197	514	200	1.0
CHG	loss	GO:0031347	regulation of defense response	6	AT3G49120;AT4G00020;AT4G37460;AT5G13190;AT5G24090;AT5G40440	29.765	4.7780513810548255	0.20157903578027886	1.0	200	514	200	1.0
CHG	loss	GO:0031349	positive regulation of defense response	3	AT3G49120;AT5G24090;AT5G40440	13.32	3.395231950839291	0.22522522522522523	1.0	200	514	200	1.0
CHG	loss	GO:0031507	heterochromatin formation	4	AT2G21450;AT3G07610;AT3G32280;AT5G58230	10.98	3.0347322781425046	0.36429872495446264	1.0	200	514	200	1.0
CHG	loss	GO:0031667	response to nutrient levels	4	AT1G20620;AT1G53310;AT1G70410;AT3G59410	23.995	4.575475385137594	0.16670139612419255	1.0	200	514	200	1.0
CHG	loss	GO:0031669	cellular response to nutrient levels	3	AT1G20620;AT1G53310;AT3G59410	16.29	3.771723743860362	0.1841620626151013	1.0	200	514	200	1.0
CHG	loss	GO:0032101	regulation of response to external stimulus	4	AT3G49120;AT5G13190;AT5G24090;AT5G40440	22.71	4.471677537569095	0.17613386173491852	1.0	200	514	200	1.0
CHG	loss	GO:0032103	positive regulation of response to external stimulus	3	AT3G49120;AT5G24090;AT5G40440	12.185	3.315233777578888	0.24620434961017643	1.0	200	514	200	1.0
CHG	loss	GO:0032446	protein modification by small protein conjugation	6	AT1G49220;AT1G57800;AT2G38220;AT4G15900;AT5G05560;AT5G15400	53.735	6.258975555152772	0.11165906764678515	1.0	200	514	200	1.0
CHG	loss	GO:0032501	multicellular organismal process	58	AT1G03840;AT1G11130;AT1G13400;AT1G14580;AT1G34110;AT1G43620;AT1G49340;AT1G50750;AT1G53310;AT1G62360;AT1G65060;AT1G66730;AT1G69940;AT1G71440;AT1G71692;AT1G72560;AT1G75390;AT1G77980;AT1G80340;AT2G01280;AT2G04160;AT2G07020;AT2G07040;AT2G25630;AT2G27380;AT2G31910;AT2G32700;AT2G38220;AT2G42430;AT2G48130;AT3G06350;AT3G07610;AT3G08640;AT3G12110;AT3G22760;AT3G23380;AT3G24240;AT3G46330;AT3G47860;AT3G54870;AT4G00020;AT4G01810;AT4G15900;AT4G16295;AT4G21060;AT4G24660;AT5G01240;AT5G03840;AT5G05560;AT5G07410;AT5G11420;AT5G23660;AT5G40440;AT5G44700;AT5G49150;AT5G52360;AT5G58230;AT5G62230	280.17	13.914061233155468	0.20701716814791019	1.0	200	514	200	1.0
CHG	loss	GO:0032502	developmental process	60	AT1G03840;AT1G11130;AT1G13400;AT1G14580;AT1G34110;AT1G43620;AT1G49340;AT1G50750;AT1G53310;AT1G62360;AT1G65060;AT1G66730;AT1G69940;AT1G71440;AT1G71692;AT1G71930;AT1G72560;AT1G75390;AT1G77980;AT1G80340;AT2G01280;AT2G04160;AT2G07020;AT2G07040;AT2G25630;AT2G27380;AT2G28620;AT2G31910;AT2G32700;AT2G38220;AT2G42430;AT2G48130;AT3G06350;AT3G07610;AT3G08640;AT3G12110;AT3G22760;AT3G23380;AT3G24240;AT3G46330;AT3G47860;AT3G49120;AT3G54870;AT4G00020;AT4G01810;AT4G14940;AT4G15900;AT4G21060;AT4G24660;AT5G01240;AT5G03840;AT5G05560;AT5G11420;AT5G23660;AT5G40440;AT5G44700;AT5G49150;AT5G52360;AT5G58230;AT5G62230	299.805	14.006676086781052	0.20013008455496073	1.0	200	514	200	1.0
CHG	loss	GO:0032774	RNA biosynthetic process	11	AT1G62910;AT1G66345;AT2G01280;AT2G39140;AT3G16680;AT3G43920;AT3G49640;AT4G15900;AT4G22350;AT5G39920;AT5G52040	83.28	8.351143634257543	0.13208453410182516	1.0	200	514	200	1.0
CHG	loss	GO:0032787	monocarboxylic acid metabolic process	5	AT2G04350;AT2G33380;AT3G06350;AT3G45140;AT4G27030	36.46	5.601642616233211	0.13713658804168952	1.0	200	514	200	1.0
CHG	loss	GO:0032870	cellular response to hormone stimulus	11	AT1G49190;AT1G71930;AT2G05100;AT2G16750;AT2G41310;AT3G57040;AT4G14940;AT4G15900;AT5G05550;AT5G40440;AT5G59430	48.94	6.538837817227172	0.22476501838986515	1.0	200	514	200	1.0
CHG	loss	GO:0032989	cellular anatomical entity morphogenesis	3	AT1G65060;AT4G01810;AT4G21060	6.27	2.323165943276547	0.47846889952153115	0.9552238805970149	191	514	200	1.0
CHG	loss	GO:0033036	macromolecule localization	8	AT1G03840;AT1G08190;AT1G72560;AT2G47450;AT2G48130;AT4G01810;AT5G03840;AT5G24650	68.165	7.194287664529347	0.11736228269639844	1.0	200	514	200	1.0
CHG	loss	GO:0033365	protein localization to organelle	4	AT1G03840;AT1G08190;AT2G47450;AT5G03840	19.13	4.125905961119334	0.20909566126502876	1.0	200	514	200	1.0
CHG	loss	GO:0033554	cellular response to stress	21	AT1G20620;AT1G33910;AT1G53310;AT1G65990;AT1G66730;AT2G01900;AT2G05100;AT2G27120;AT2G32700;AT2G36490;AT3G51860;AT3G59410;AT4G00020;AT4G16830;AT4G35970;AT5G13190;AT5G15400;AT5G21160;AT5G24090;AT5G39770;AT5G44870	95.27	8.320883366566443	0.2204261572373255	1.0	200	514	200	1.0
CHG	loss	GO:0033993	response to lipid	15	AT1G07200;AT1G71930;AT2G05100;AT2G16750;AT2G33380;AT3G45140;AT3G47860;AT4G00970;AT4G14940;AT4G16830;AT4G20940;AT4G30350;AT5G37500;AT5G40440;AT5G54270	80.105	8.208165142100853	0.1872542288246676	1.0	200	514	200	1.0
CHG	loss	GO:0034220	monoatomic ion transmembrane transport	12	AT1G07810;AT2G07560;AT2G07689;AT2G07695;AT2G07727;AT2G28170;AT2G31910;AT3G44910;AT3G51860;AT5G09400;AT5G37500;AT5G46370	44.885	6.089480683933574	0.26734989417400024	1.0	200	514	200	1.0
CHG	loss	GO:0034284	response to monosaccharide	3	AT4G14410;AT4G15900;AT5G21160	7.485	2.5278004272489536	0.4008016032064128	0.9850746268656716	197	514	200	1.0
CHG	loss	GO:0034654	nucleobase-containing compound biosynthetic process	14	AT1G62910;AT1G66345;AT1G66730;AT2G01280;AT2G27120;AT2G39140;AT2G47650;AT3G16680;AT3G43920;AT3G49640;AT4G15900;AT4G22350;AT5G39920;AT5G52040	107.115	9.317820292321608	0.13070064883536386	1.0	200	514	200	1.0
CHG	loss	GO:0035556	intracellular signal transduction	11	AT1G28270;AT1G33910;AT1G48220;AT1G49190;AT1G64480;AT2G41310;AT3G12700;AT3G57040;AT5G05550;AT5G40440;AT5G59430	36.755	5.699559193481532	0.2992790096585498	1.0	200	514	200	1.0
CHG	loss	GO:0035670	plant-type ovary development	3	AT1G11130;AT5G05560;AT5G62230	7.52	2.475802900071006	0.398936170212766	1.0	200	514	200	1.0
CHG	loss	GO:0036211	protein modification process	13	AT1G20620;AT1G49220;AT1G49340;AT1G57800;AT2G38220;AT3G30180;AT3G59410;AT4G03415;AT4G15900;AT4G20940;AT4G22350;AT5G05560;AT5G15400	91.585	7.987037936556949	0.14194464158977999	1.0	200	514	200	1.0
CHG	loss	GO:0036293	response to decreased oxygen levels	3	AT2G32700;AT2G43430;AT5G13190	16.735	4.367467801827506	0.17926501344487603	1.0	200	514	200	1.0
CHG	loss	GO:0040007	growth	11	AT1G69940;AT2G07020;AT2G07040;AT2G25630;AT2G28620;AT3G12110;AT3G23380;AT3G24240;AT3G49120;AT3G54870;AT5G52360	49.885	5.874672331287967	0.22050716648291072	1.0	200	514	200	1.0
CHG	loss	GO:0040008	regulation of growth	6	AT1G03840;AT1G28270;AT1G34110;AT1G77980;AT2G07040;AT3G24240	27.795	4.754258617281973	0.21586616297895303	1.0	200	514	200	1.0
CHG	loss	GO:0040029	epigenetic regulation of gene expression	7	AT1G57800;AT1G62310;AT2G21450;AT3G07610;AT3G32280;AT3G43920;AT5G58230	28.495	4.897956206419159	0.2456571328303211	1.0	200	514	200	1.0
CHG	loss	GO:0042221	response to chemical	57	AT1G07200;AT1G07810;AT1G20620;AT1G34170;AT1G34310;AT1G34390;AT1G34410;AT1G35540;AT1G36060;AT1G49190;AT1G52760;AT1G65990;AT1G66730;AT1G66950;AT1G70410;AT1G71930;AT2G01900;AT2G04160;AT2G05100;AT2G16750;AT2G31910;AT2G32700;AT2G33310;AT2G33380;AT2G41310;AT2G43430;AT3G08640;AT3G12700;AT3G45140;AT3G47860;AT3G49120;AT3G51860;AT3G57040;AT3G59410;AT4G00970;AT4G04460;AT4G14410;AT4G14940;AT4G15900;AT4G16830;AT4G16890;AT4G20940;AT4G30350;AT4G35970;AT5G03840;AT5G05550;AT5G13190;AT5G15400;AT5G21160;AT5G24090;AT5G28030;AT5G37500;AT5G39020;AT5G40440;AT5G51890;AT5G54270;AT5G59430	237.905	13.348257376901238	0.23959143355541077	1.0	200	514	200	1.0
CHG	loss	GO:0042445	hormone metabolic process	4	AT1G62360;AT3G30180;AT4G29740;AT5G38450	9.28	2.882984564648242	0.4310344827586207	0.9900497512437811	198	514	200	1.0
CHG	loss	GO:0042545	cell wall modification	10	AT1G11590;AT1G44980;AT1G67330;AT1G69940;AT2G27380;AT2G32700;AT2G36710;AT3G27980;AT4G03930;AT5G07410	15.06	3.738502373946014	0.6640106241699867	0.9253731343283582	185	514	200	1.0
CHG	loss	GO:0042546	cell wall biogenesis	5	AT1G14110;AT1G67330;AT4G15900;AT4G20170;AT5G44700	19.86	4.0804901666343945	0.25176233635448136	1.0	200	514	200	1.0
CHG	loss	GO:0042592	homeostatic process	3	AT3G51860;AT4G14410;AT5G28030	35.18	5.407180411267959	0.08527572484366117	1.0	200	514	200	1.0
CHG	loss	GO:0042594	response to starvation	3	AT1G20620;AT1G53310;AT3G59410	19.41	4.053628004639792	0.1545595054095827	1.0	200	514	200	1.0
CHG	loss	GO:0042742	defense response to bacterium	10	AT1G52940;AT1G69940;AT3G28930;AT3G49120;AT3G59740;AT4G15900;AT4G16890;AT4G37460;AT5G40440;AT5G44510	37.745	5.740206877805035	0.26493575307987816	1.0	200	514	200	1.0
CHG	loss	GO:0042743	hydrogen peroxide metabolic process	3	AT1G20620;AT3G49120;AT5G51890	6.375	2.5601513627127597	0.47058823529411764	0.9353233830845771	187	514	200	1.0
CHG	loss	GO:0042744	hydrogen peroxide catabolic process	3	AT1G20620;AT3G49120;AT5G51890	5.26	2.2231509170544412	0.5703422053231939	0.8656716417910447	173	514	200	1.0
CHG	loss	GO:0043170	macromolecule metabolic process	77	AT1G07200;AT1G07920;AT1G10910;AT1G11590;AT1G20620;AT1G24510;AT1G44980;AT1G49220;AT1G49340;AT1G50250;AT1G57800;AT1G62910;AT1G63770;AT1G65350;AT1G66345;AT1G66730;AT1G67330;AT1G69830;AT1G69940;AT1G71930;AT2G01280;AT2G02750;AT2G04160;AT2G07200;AT2G07715;AT2G27120;AT2G27920;AT2G29040;AT2G32620;AT2G32700;AT2G36490;AT2G36710;AT2G38220;AT2G39140;AT2G44065;AT3G04230;AT3G10950;AT3G12700;AT3G16680;AT3G27980;AT3G30180;AT3G42550;AT3G43920;AT3G49640;AT3G59410;AT4G00020;AT4G02130;AT4G03415;AT4G03930;AT4G04460;AT4G05490;AT4G15900;AT4G20940;AT4G21060;AT4G21640;AT4G22080;AT4G22350;AT4G24010;AT4G30350;AT4G33090;AT5G05560;AT5G07410;AT5G10770;AT5G15400;AT5G18380;AT5G21160;AT5G28550;AT5G36180;AT5G39770;AT5G39920;AT5G49010;AT5G51070;AT5G52040;AT5G58240;AT5G60390;AT5G64140;AT5G64760	394.51	15.44506069913656	0.1951788294339814	1.0	200	514	200	1.0
CHG	loss	GO:0043207	response to external biotic stimulus	28	AT1G05460;AT1G21835;AT1G52940;AT1G66730;AT1G69940;AT1G71930;AT2G32700;AT2G33380;AT2G36490;AT3G28930;AT3G43920;AT3G45140;AT3G49120;AT3G51860;AT3G59740;AT4G08290;AT4G14276;AT4G15900;AT4G16860;AT4G16890;AT4G37460;AT5G08055;AT5G08315;AT5G40440;AT5G44510;AT5G44870;AT5G52605;AT5G54430	111.185	8.84990254183617	0.2518325313666412	1.0	200	514	200	1.0
CHG	loss	GO:0043412	macromolecule modification	17	AT1G10910;AT1G20620;AT1G49220;AT1G49340;AT1G57800;AT2G02750;AT2G38220;AT2G39140;AT3G30180;AT3G49640;AT3G59410;AT4G03415;AT4G15900;AT4G20940;AT4G22350;AT5G05560;AT5G15400	120.455	9.412118518165842	0.14113154289983812	1.0	200	514	200	1.0
CHG	loss	GO:0043436	oxoacid metabolic process	15	AT1G32300;AT1G36060;AT1G44090;AT1G66140;AT1G71920;AT1G80340;AT2G04350;AT2G33380;AT3G06350;AT3G45140;AT4G27030;AT4G30530;AT5G25880;AT5G26780;AT5G28030	78.46	7.65299941199534	0.1911802192199847	1.0	200	514	200	1.0
CHG	loss	GO:0043632	modification-dependent macromolecule catabolic process	5	AT1G65350;AT4G05490;AT5G05560;AT5G15400;AT5G64760	24.695	4.706588467244613	0.2024701356549909	1.0	200	514	200	1.0
CHG	loss	GO:0043687	post-translational protein modification	7	AT1G49220;AT1G57800;AT2G38220;AT4G15900;AT4G22350;AT5G05560;AT5G15400	63.51	6.615126604986519	0.11021886317115415	1.0	200	514	200	1.0
CHG	loss	GO:0043933	protein-containing complex organization	12	AT1G53310;AT1G62920;AT1G66345;AT2G01280;AT2G07681;AT2G47450;AT3G29185;AT3G46000;AT4G22350;AT5G23660;AT5G51070;AT5G52360	32.495	5.062605554455165	0.3692875827050316	1.0	200	514	200	1.0
CHG	loss	GO:0044042	glucan metabolic process	3	AT1G69830;AT2G32620;AT4G24010	22.84	4.802540994098851	0.13134851138353765	1.0	200	514	200	1.0
CHG	loss	GO:0044085	cellular component biogenesis	26	AT1G14110;AT1G53310;AT1G62920;AT1G65060;AT1G66345;AT1G67330;AT2G01280;AT2G07681;AT2G21450;AT2G39140;AT2G39900;AT2G47450;AT3G07610;AT3G29185;AT3G32280;AT4G01810;AT4G15900;AT4G20170;AT4G21060;AT4G22350;AT4G32200;AT5G21160;AT5G23660;AT5G44700;AT5G51070;AT5G58230	94.07	8.25682142231514	0.27638992239821414	1.0	200	514	200	1.0
CHG	loss	GO:0044238	primary metabolic process	117	AT1G07200;AT1G07920;AT1G10910;AT1G11590;AT1G17150;AT1G20620;AT1G24510;AT1G31740;AT1G31950;AT1G32300;AT1G34260;AT1G36060;AT1G43620;AT1G44090;AT1G44980;AT1G49220;AT1G49340;AT1G50250;AT1G53310;AT1G55120;AT1G56630;AT1G57800;AT1G62910;AT1G63770;AT1G65350;AT1G66345;AT1G66730;AT1G67330;AT1G69830;AT1G69940;AT1G71920;AT1G71930;AT1G78960;AT1G80340;AT2G01280;AT2G01900;AT2G02750;AT2G04160;AT2G04350;AT2G07200;AT2G07715;AT2G25630;AT2G27120;AT2G27920;AT2G29040;AT2G32620;AT2G32700;AT2G33380;AT2G36490;AT2G36710;AT2G38220;AT2G39140;AT2G44065;AT2G47650;AT3G04230;AT3G06580;AT3G10950;AT3G12700;AT3G13750;AT3G16680;AT3G27980;AT3G29110;AT3G30180;AT3G42550;AT3G43920;AT3G44830;AT3G45140;AT3G45940;AT3G49640;AT3G59410;AT3G60750;AT4G00020;AT4G02130;AT4G03415;AT4G03930;AT4G04460;AT4G05490;AT4G11050;AT4G13760;AT4G15900;AT4G16070;AT4G20940;AT4G21060;AT4G21640;AT4G22080;AT4G22350;AT4G23560;AT4G24010;AT4G27030;AT4G30350;AT4G33090;AT5G05560;AT5G07410;AT5G10770;AT5G13980;AT5G15400;AT5G18380;AT5G21160;AT5G24090;AT5G26780;AT5G28030;AT5G28550;AT5G36180;AT5G38420;AT5G39770;AT5G39920;AT5G42260;AT5G42930;AT5G44840;AT5G49010;AT5G51070;AT5G52040;AT5G55360;AT5G58240;AT5G60390;AT5G64140;AT5G64760	555.795	16.788477447346	0.21050927050441262	1.0	200	514	200	1.0
CHG	loss	GO:0044281	small molecule metabolic process	20	AT1G32300;AT1G36060;AT1G44090;AT1G66140;AT1G71920;AT1G80340;AT2G04350;AT2G19800;AT2G33380;AT2G43430;AT2G47650;AT3G06350;AT3G06580;AT3G45140;AT4G27030;AT4G30530;AT5G13980;AT5G25880;AT5G26780;AT5G28030	120.08	9.357542412407295	0.1665556295802798	1.0	200	514	200	1.0
CHG	loss	GO:0044282	small molecule catabolic process	3	AT1G36060;AT2G19800;AT2G43430	16.67	3.656651473684627	0.17996400719856026	1.0	200	514	200	1.0
CHG	loss	GO:0044283	small molecule biosynthetic process	9	AT1G32300;AT1G44090;AT1G71920;AT1G80340;AT2G33380;AT3G06350;AT3G45140;AT4G27030;AT5G28030	50.86	6.030787676580916	0.17695635076681085	1.0	200	514	200	1.0
CHG	loss	GO:0044419	biological process involved in interspecies interaction between organisms	28	AT1G05460;AT1G21835;AT1G52940;AT1G66730;AT1G69940;AT1G71930;AT2G32700;AT2G33380;AT2G36490;AT3G28930;AT3G43920;AT3G45140;AT3G49120;AT3G51860;AT3G59740;AT4G08290;AT4G14276;AT4G15900;AT4G16860;AT4G16890;AT4G37460;AT5G08055;AT5G08315;AT5G40440;AT5G44510;AT5G44870;AT5G52605;AT5G54430	112.465	8.854872952222403	0.2489663450851376	1.0	200	514	200	1.0
CHG	loss	GO:0044706	multi-multicellular organism process	9	AT1G69940;AT2G07020;AT2G07040;AT2G25630;AT2G31910;AT3G23380;AT4G16295;AT5G07410;AT5G52360	29.43	5.156074087908358	0.3058103975535168	1.0	200	514	200	1.0
CHG	loss	GO:0045087	innate immune response	4	AT1G05460;AT3G43920;AT5G40440;AT5G44870	18.155	3.7869479795740473	0.22032497934453318	1.0	200	514	200	1.0
CHG	loss	GO:0045088	regulation of innate immune response	4	AT3G49120;AT5G13190;AT5G24090;AT5G40440	12.3	3.3719430600174696	0.3252032520325203	1.0	200	514	200	1.0
CHG	loss	GO:0045089	positive regulation of innate immune response	3	AT3G49120;AT5G24090;AT5G40440	8.095	2.7177150328906823	0.3705991352686843	0.9900497512437811	198	514	200	1.0
CHG	loss	GO:0045184	establishment of protein localization	5	AT1G08190;AT2G47450;AT4G01810;AT5G03840;AT5G24650	42.19	5.20518011215751	0.11851149561507467	1.0	200	514	200	1.0
CHG	loss	GO:0045229	external encapsulating structure organization	21	AT1G11590;AT1G23720;AT1G44980;AT1G65060;AT1G67330;AT1G69940;AT2G27380;AT2G32700;AT2G36710;AT3G27980;AT3G28550;AT3G54580;AT3G54590;AT4G01810;AT4G03930;AT4G15900;AT4G21060;AT5G06630;AT5G07410;AT5G11420;AT5G44700	31.48	5.733201548873019	0.6670902160101652	0.9800995024875622	196	514	200	1.0
CHG	loss	GO:0045333	cellular respiration	3	AT1G53310;AT2G07718;AT2G07727	14.08	3.413736955302797	0.21306818181818182	1.0	200	514	200	1.0
CHG	loss	GO:0045488	pectin metabolic process	10	AT1G11590;AT1G44980;AT1G69940;AT2G32700;AT2G36710;AT3G27980;AT4G02130;AT4G03930;AT4G22080;AT5G07410	13.875	3.4941916089419016	0.7207207207207207	0.8955223880597015	179	514	200	1.0
CHG	loss	GO:0045490	pectin catabolic process	8	AT1G11590;AT1G44980;AT1G69940;AT2G36710;AT3G27980;AT4G03930;AT4G22080;AT5G07410	7.15	2.552939482243948	1.1188811188811187	0.417910447761194	83	514	200	1.0
CHG	loss	GO:0045814	negative regulation of gene expression, epigenetic	6	AT1G57800;AT2G21450;AT3G07610;AT3G32280;AT3G43920;AT5G58230	17.155	3.642934943146798	0.3497522588166715	1.0	200	514	200	1.0
CHG	loss	GO:0045892	negative regulation of DNA-templated transcription	5	AT2G32700;AT4G15900;AT4G37460;AT5G04590;AT5G58230	20.3	4.223742416388572	0.24630541871921183	1.0	200	514	200	1.0
CHG	loss	GO:0045893	positive regulation of DNA-templated transcription	8	AT1G03840;AT1G31640;AT1G71692;AT1G71930;AT1G77980;AT2G10440;AT2G32700;AT2G42430	29.975	5.423502097353687	0.26688907422852376	1.0	200	514	200	1.0
CHG	loss	GO:0045934	negative regulation of nucleobase-containing compound metabolic process	6	AT2G32700;AT4G15900;AT4G37460;AT5G04590;AT5G21160;AT5G58230	24.145	4.512646119517915	0.24849865396562434	1.0	200	514	200	1.0
CHG	loss	GO:0045944	positive regulation of transcription by RNA polymerase II	3	AT1G31640;AT1G71692;AT1G77980	6.55	2.4407990494917855	0.4580152671755725	0.9701492537313433	194	514	200	1.0
CHG	loss	GO:0046394	carboxylic acid biosynthetic process	9	AT1G32300;AT1G44090;AT1G71920;AT1G80340;AT2G33380;AT3G06350;AT3G45140;AT4G27030;AT5G28030	40.045	5.429822741121472	0.22474715944562365	1.0	200	514	200	1.0
CHG	loss	GO:0046486	glycerolipid metabolic process	4	AT1G34260;AT1G49340;AT2G01900;AT4G27030	21.795	4.661863897627203	0.18352833218628126	1.0	200	514	200	1.0
CHG	loss	GO:0046686	response to cadmium ion	3	AT1G52760;AT4G04460;AT5G28030	7.655	2.534950689855722	0.3919007184846505	0.9850746268656716	197	514	200	1.0
CHG	loss	GO:0046907	intracellular transport	8	AT1G08190;AT1G72560;AT2G47450;AT4G01810;AT4G29160;AT5G03840;AT5G24650;AT5G52270	46.3	5.861740355901188	0.17278617710583155	1.0	200	514	200	1.0
CHG	loss	GO:0048229	gametophyte development	13	AT1G49340;AT1G65060;AT1G77980;AT2G38220;AT3G07610;AT4G00020;AT4G01810;AT4G21060;AT5G05560;AT5G44700;AT5G49150;AT5G58230;AT5G62230	56.21	6.619357974909655	0.23127557374132715	1.0	200	514	200	1.0
CHG	loss	GO:0048285	organelle fission	3	AT4G32200;AT5G22350;AT5G39770	20.7	3.7469987990390416	0.14492753623188406	1.0	200	514	200	1.0
CHG	loss	GO:0048316	seed development	18	AT1G11130;AT1G43620;AT1G66730;AT1G71440;AT2G01280;AT2G32700;AT2G48130;AT3G06350;AT3G08640;AT3G46330;AT3G47860;AT4G00020;AT4G15900;AT4G24660;AT5G01240;AT5G05560;AT5G23660;AT5G58230	68.13	6.987352860704934	0.26420079260237783	1.0	200	514	200	1.0
CHG	loss	GO:0048364	root development	14	AT1G03840;AT1G11130;AT1G14580;AT1G34110;AT1G49340;AT1G71692;AT2G04160;AT2G42430;AT3G12110;AT3G24240;AT3G54870;AT4G15900;AT4G21060;AT5G01240	61.145	6.9895618603743355	0.22896393817973668	1.0	200	514	200	1.0
CHG	loss	GO:0048366	leaf development	6	AT1G11130;AT1G53310;AT3G07610;AT3G08640;AT4G15900;AT5G58230	35.29	5.400546268665788	0.1700198356474922	1.0	200	514	200	1.0
CHG	loss	GO:0048367	shoot system development	13	AT1G11130;AT1G13400;AT1G53310;AT1G62360;AT1G72560;AT2G32700;AT3G07610;AT3G08640;AT4G01810;AT4G15900;AT5G05560;AT5G58230;AT5G62230	77.53	7.759452300259286	0.16767702824713013	1.0	200	514	200	1.0
CHG	loss	GO:0048437	floral organ development	6	AT1G11130;AT1G13400;AT1G62360;AT4G01810;AT5G05560;AT5G62230	26.97	4.527593179604382	0.2224694104560623	1.0	200	514	200	1.0
CHG	loss	GO:0048438	floral whorl development	6	AT1G11130;AT1G13400;AT1G62360;AT4G01810;AT5G05560;AT5G62230	22.815	4.263892001446557	0.26298487836949375	1.0	200	514	200	1.0
CHG	loss	GO:0048440	carpel development	5	AT1G11130;AT1G13400;AT1G62360;AT5G05560;AT5G62230	9.69	2.8555034582363943	0.5159958720330238	0.9800995024875622	196	514	200	1.0
CHG	loss	GO:0048467	gynoecium development	5	AT1G11130;AT1G13400;AT1G62360;AT5G05560;AT5G62230	12.225	3.1167892132770207	0.40899795501022496	0.9950248756218906	199	514	200	1.0
CHG	loss	GO:0048468	cell development	9	AT1G69940;AT2G07020;AT2G07040;AT2G25630;AT3G12110;AT3G23380;AT3G54870;AT4G21060;AT5G52360	29.355	4.999897498949351	0.3065917220235054	1.0	200	514	200	1.0
CHG	loss	GO:0048469	cell maturation	3	AT3G12110;AT3G54870;AT4G21060	14.07	3.4110262385387764	0.21321961620469082	1.0	200	514	200	1.0
CHG	loss	GO:0048481	plant ovule development	3	AT1G11130;AT5G05560;AT5G62230	7.415	2.476444023191318	0.4045853000674309	1.0	200	514	200	1.0
CHG	loss	GO:0048507	meristem development	9	AT1G03840;AT1G11130;AT1G34110;AT1G50750;AT1G62360;AT1G72560;AT2G32700;AT3G24240;AT5G03840	29.155	4.8042663331668	0.3086949065340422	1.0	200	514	200	1.0
CHG	loss	GO:0048511	rhythmic process	4	AT2G41310;AT3G12700;AT3G57040;AT4G30350	12.995	3.308319059582982	0.30781069642170067	1.0	200	514	200	1.0
CHG	loss	GO:0048518	positive regulation of biological process	24	AT1G03840;AT1G11130;AT1G31640;AT1G36060;AT1G66730;AT1G71692;AT1G71930;AT1G77980;AT2G05100;AT2G10440;AT2G16750;AT2G32700;AT2G33540;AT2G42430;AT3G26940;AT3G29185;AT3G49120;AT4G20940;AT4G25530;AT5G21160;AT5G24090;AT5G37500;AT5G40440;AT5G58230	102.575	8.876619570534691	0.23397514014135998	1.0	200	514	200	1.0
CHG	loss	GO:0048519	negative regulation of biological process	22	AT1G05460;AT1G36060;AT1G57800;AT1G66140;AT1G70410;AT2G21450;AT2G32700;AT2G33540;AT3G07610;AT3G22430;AT3G32280;AT3G43920;AT3G47860;AT4G15900;AT4G25530;AT4G37460;AT5G03840;AT5G04590;AT5G13190;AT5G21160;AT5G52040;AT5G58230	109.36	9.274179208965126	0.2011704462326262	1.0	200	514	200	1.0
CHG	loss	GO:0048522	positive regulation of cellular process	20	AT1G03840;AT1G11130;AT1G31640;AT1G36060;AT1G66730;AT1G71692;AT1G71930;AT1G77980;AT2G05100;AT2G10440;AT2G16750;AT2G32700;AT2G33540;AT2G42430;AT3G26940;AT3G29185;AT4G20940;AT5G21160;AT5G37500;AT5G58230	79.38	8.305155025645258	0.25195263290501385	1.0	200	514	200	1.0
CHG	loss	GO:0048523	negative regulation of cellular process	19	AT1G05460;AT1G57800;AT1G66140;AT2G21450;AT2G32700;AT2G33540;AT3G07610;AT3G22430;AT3G32280;AT3G43920;AT3G47860;AT4G15900;AT4G25530;AT4G37460;AT5G04590;AT5G13190;AT5G21160;AT5G52040;AT5G58230	87.04	8.18647665360368	0.21829044117647056	1.0	200	514	200	1.0
CHG	loss	GO:0048580	regulation of post-embryonic development	6	AT1G36060;AT1G70410;AT2G32700;AT4G25530;AT5G03840;AT5G58230	39.835	6.018951320620567	0.15062131291577757	1.0	200	514	200	1.0
CHG	loss	GO:0048581	negative regulation of post-embryonic development	3	AT1G36060;AT1G70410;AT5G03840	12.945	3.511691188017534	0.2317497103128621	1.0	200	514	200	1.0
CHG	loss	GO:0048583	regulation of response to stimulus	17	AT1G03840;AT1G66140;AT1G66730;AT2G32700;AT2G33540;AT3G26940;AT3G49120;AT3G51860;AT4G00020;AT4G16830;AT4G20940;AT4G37280;AT4G37460;AT5G13190;AT5G21160;AT5G24090;AT5G40440	87.53	7.606516942727445	0.19421912487147264	1.0	200	514	200	1.0
CHG	loss	GO:0048584	positive regulation of response to stimulus	7	AT1G03840;AT1G66730;AT3G26940;AT3G49120;AT4G20940;AT5G24090;AT5G40440	30.46	4.777907491779219	0.22980958634274457	1.0	200	514	200	1.0
CHG	loss	GO:0048585	negative regulation of response to stimulus	5	AT1G66140;AT2G32700;AT2G33540;AT4G37460;AT5G13190	24.03	4.173619532252546	0.20807324178110695	1.0	200	514	200	1.0
CHG	loss	GO:0048588	developmental cell growth	8	AT1G69940;AT2G07020;AT2G07040;AT2G25630;AT3G12110;AT3G23380;AT3G54870;AT5G52360	22.22	4.352194848579277	0.36003600360036003	1.0	200	514	200	1.0
CHG	loss	GO:0048589	developmental growth	11	AT1G69940;AT2G07020;AT2G07040;AT2G25630;AT2G28620;AT3G12110;AT3G23380;AT3G24240;AT3G49120;AT3G54870;AT5G52360	43.79	5.597847800717725	0.25119890385932864	1.0	200	514	200	1.0
CHG	loss	GO:0048608	reproductive structure development	25	AT1G11130;AT1G13400;AT1G43620;AT1G62360;AT1G66730;AT1G71440;AT1G71692;AT1G72560;AT2G01280;AT2G32700;AT2G48130;AT3G06350;AT3G07610;AT3G08640;AT3G46330;AT3G47860;AT4G00020;AT4G01810;AT4G15900;AT4G24660;AT5G01240;AT5G05560;AT5G23660;AT5G58230;AT5G62230	123.05	9.620161121311877	0.2031694433157253	1.0	200	514	200	1.0
CHG	loss	GO:0048609	multicellular organismal reproductive process	4	AT2G32700;AT3G47860;AT5G23660;AT5G49150	18.165	3.8688208798030463	0.2202036884117809	1.0	200	514	200	1.0
CHG	loss	GO:0048638	regulation of developmental growth	6	AT1G03840;AT1G28270;AT1G34110;AT1G77980;AT2G07040;AT3G24240	20.565	4.12986379920694	0.29175784099197666	1.0	200	514	200	1.0
CHG	loss	GO:0048646	anatomical structure formation involved in morphogenesis	4	AT1G65060;AT2G42430;AT4G01810;AT4G21060	22.35	4.071547617307206	0.17897091722595077	1.0	200	514	200	1.0
CHG	loss	GO:0048731	system development	37	AT1G03840;AT1G11130;AT1G13400;AT1G14580;AT1G34110;AT1G43620;AT1G49340;AT1G53310;AT1G62360;AT1G66730;AT1G71440;AT1G71692;AT1G72560;AT2G01280;AT2G04160;AT2G32700;AT2G42430;AT2G48130;AT3G06350;AT3G07610;AT3G08640;AT3G12110;AT3G24240;AT3G46330;AT3G47860;AT3G54870;AT4G00020;AT4G01810;AT4G15900;AT4G21060;AT4G24660;AT5G01240;AT5G05560;AT5G23660;AT5G44700;AT5G58230;AT5G62230	194.905	11.822266068736349	0.1898360739847618	1.0	200	514	200	1.0
CHG	loss	GO:0048764	trichoblast maturation	3	AT3G12110;AT3G54870;AT4G21060	14.07	3.4110262385387764	0.21321961620469082	1.0	200	514	200	1.0
CHG	loss	GO:0048765	root hair cell differentiation	3	AT3G12110;AT3G54870;AT4G21060	14.07	3.4110262385387764	0.21321961620469082	1.0	200	514	200	1.0
CHG	loss	GO:0048827	phyllome development	11	AT1G11130;AT1G13400;AT1G53310;AT1G62360;AT3G07610;AT3G08640;AT4G01810;AT4G15900;AT5G05560;AT5G58230;AT5G62230	53.485	6.5084387528807826	0.20566513975881087	1.0	200	514	200	1.0
CHG	loss	GO:0048831	regulation of shoot system development	5	AT1G49340;AT2G32700;AT4G25530;AT5G03840;AT5G58230	18.565	3.9592644518900135	0.26932399676811203	1.0	200	514	200	1.0
CHG	loss	GO:0048856	anatomical structure development	60	AT1G03840;AT1G11130;AT1G13400;AT1G14580;AT1G34110;AT1G43620;AT1G49340;AT1G50750;AT1G53310;AT1G62360;AT1G65060;AT1G66730;AT1G69940;AT1G71440;AT1G71692;AT1G71930;AT1G72560;AT1G75390;AT1G77980;AT1G80340;AT2G01280;AT2G04160;AT2G07020;AT2G07040;AT2G25630;AT2G27380;AT2G28620;AT2G31910;AT2G32700;AT2G38220;AT2G42430;AT2G48130;AT3G06350;AT3G07610;AT3G08640;AT3G12110;AT3G22760;AT3G23380;AT3G24240;AT3G46330;AT3G47860;AT3G49120;AT3G54870;AT4G00020;AT4G01810;AT4G14940;AT4G15900;AT4G21060;AT4G24660;AT5G01240;AT5G03840;AT5G05560;AT5G11420;AT5G23660;AT5G40440;AT5G44700;AT5G49150;AT5G52360;AT5G58230;AT5G62230	292.94	13.814354852833343	0.2048200996791152	1.0	200	514	200	1.0
CHG	loss	GO:0048868	pollen tube development	7	AT1G69940;AT2G07020;AT2G07040;AT2G25630;AT2G31910;AT3G23380;AT5G52360	21.25	4.223446459942399	0.32941176470588235	1.0	200	514	200	1.0
CHG	loss	GO:0048869	cellular developmental process	14	AT1G69940;AT1G71930;AT2G07020;AT2G07040;AT2G25630;AT3G07610;AT3G12110;AT3G22760;AT3G23380;AT3G54870;AT4G21060;AT5G49150;AT5G52360;AT5G58230	67.275	6.845390785046467	0.20810107766629504	1.0	200	514	200	1.0
CHG	loss	GO:0048878	chemical homeostasis	3	AT3G51860;AT4G14410;AT5G28030	31.955	5.292728502388924	0.09388202159286498	1.0	200	514	200	1.0
CHG	loss	GO:0050776	regulation of immune response	4	AT3G49120;AT5G13190;AT5G24090;AT5G40440	13.425	3.5474462645683538	0.29795158286778395	1.0	200	514	200	1.0
CHG	loss	GO:0050778	positive regulation of immune response	3	AT3G49120;AT5G24090;AT5G40440	8.23	2.7526532654876825	0.3645200486026731	0.9900497512437811	198	514	200	1.0
CHG	loss	GO:0050789	regulation of biological process	98	AT1G03840;AT1G05460;AT1G11130;AT1G13400;AT1G14580;AT1G19510;AT1G21230;AT1G28270;AT1G31640;AT1G33910;AT1G34110;AT1G34170;AT1G34310;AT1G34390;AT1G34410;AT1G35540;AT1G36060;AT1G48220;AT1G49190;AT1G49340;AT1G55950;AT1G57800;AT1G62310;AT1G62360;AT1G62975;AT1G64480;AT1G66140;AT1G66730;AT1G70410;AT1G71692;AT1G71930;AT1G75390;AT1G77980;AT2G01370;AT2G01900;AT2G05100;AT2G07040;AT2G10440;AT2G16750;AT2G21450;AT2G32700;AT2G33310;AT2G33380;AT2G33540;AT2G41310;AT2G42430;AT3G03260;AT3G07610;AT3G12700;AT3G16060;AT3G21175;AT3G22430;AT3G22760;AT3G24240;AT3G26940;AT3G29185;AT3G32090;AT3G32280;AT3G43920;AT3G47860;AT3G49120;AT3G51860;AT3G54870;AT3G57040;AT3G59410;AT4G00020;AT4G00540;AT4G14410;AT4G14940;AT4G15735;AT4G15900;AT4G16830;AT4G16860;AT4G16890;AT4G20940;AT4G25210;AT4G25400;AT4G25530;AT4G37280;AT4G37460;AT4G40100;AT5G03840;AT5G04590;AT5G05550;AT5G13190;AT5G21160;AT5G24090;AT5G26700;AT5G37500;AT5G40440;AT5G41740;AT5G44510;AT5G44700;AT5G44870;AT5G52040;AT5G54270;AT5G58230;AT5G59430	428.175	16.02854874902881	0.2288783791673965	1.0	200	514	200	1.0
CHG	loss	GO:0050793	regulation of developmental process	18	AT1G03840;AT1G11130;AT1G28270;AT1G34110;AT1G36060;AT1G49340;AT1G62310;AT1G62360;AT1G70410;AT1G77980;AT2G07040;AT2G32700;AT3G24240;AT4G25530;AT5G03840;AT5G26700;AT5G44700;AT5G58230	88.57	8.295486724719751	0.20322908434007	1.0	200	514	200	1.0
CHG	loss	GO:0050794	regulation of cellular process	93	AT1G03840;AT1G05460;AT1G11130;AT1G13400;AT1G14580;AT1G19510;AT1G21230;AT1G28270;AT1G31640;AT1G33910;AT1G34170;AT1G34310;AT1G34390;AT1G34410;AT1G35540;AT1G36060;AT1G48220;AT1G49190;AT1G55950;AT1G57800;AT1G62310;AT1G62360;AT1G62975;AT1G64480;AT1G66140;AT1G66730;AT1G70410;AT1G71692;AT1G71930;AT1G75390;AT1G77980;AT2G01370;AT2G01900;AT2G05100;AT2G07040;AT2G10440;AT2G16750;AT2G21450;AT2G32700;AT2G33310;AT2G33380;AT2G33540;AT2G41310;AT2G42430;AT3G03260;AT3G07610;AT3G12700;AT3G16060;AT3G21175;AT3G22430;AT3G22760;AT3G26940;AT3G29185;AT3G32090;AT3G32280;AT3G43920;AT3G47860;AT3G49120;AT3G51860;AT3G54870;AT3G57040;AT3G59410;AT4G00020;AT4G00540;AT4G14410;AT4G14940;AT4G15735;AT4G15900;AT4G16830;AT4G16860;AT4G16890;AT4G20940;AT4G25210;AT4G25400;AT4G25530;AT4G37280;AT4G37460;AT4G40100;AT5G04590;AT5G05550;AT5G13190;AT5G21160;AT5G24090;AT5G37500;AT5G40440;AT5G41740;AT5G44510;AT5G44700;AT5G44870;AT5G52040;AT5G54270;AT5G58230;AT5G59430	388.495	15.207234298188267	0.23938532027439222	1.0	200	514	200	1.0
CHG	loss	GO:0050832	defense response to fungus	11	AT1G52940;AT1G71930;AT2G33380;AT2G36490;AT3G49120;AT4G14276;AT4G15900;AT4G16860;AT5G08055;AT5G08315;AT5G52605	24.36	4.309338696366307	0.451559934318555	1.0	200	514	200	1.0
CHG	loss	GO:0050896	response to stimulus	102	AT1G05460;AT1G07200;AT1G07810;AT1G08190;AT1G11130;AT1G20620;AT1G21230;AT1G21835;AT1G28270;AT1G33910;AT1G34170;AT1G34310;AT1G34390;AT1G34410;AT1G35540;AT1G36060;AT1G44575;AT1G48220;AT1G49190;AT1G52760;AT1G52940;AT1G53310;AT1G60950;AT1G64480;AT1G65060;AT1G65990;AT1G66730;AT1G66950;AT1G69940;AT1G70410;AT1G70840;AT1G71930;AT1G80340;AT2G01900;AT2G04160;AT2G05100;AT2G16750;AT2G27120;AT2G31910;AT2G32700;AT2G33310;AT2G33380;AT2G33540;AT2G36490;AT2G36750;AT2G41310;AT2G42430;AT2G43430;AT2G47450;AT3G08640;AT3G12700;AT3G28930;AT3G30180;AT3G43920;AT3G45140;AT3G47860;AT3G49120;AT3G51860;AT3G57040;AT3G59410;AT3G59740;AT4G00020;AT4G00970;AT4G04460;AT4G08290;AT4G14276;AT4G14410;AT4G14940;AT4G15735;AT4G15900;AT4G16830;AT4G16860;AT4G16890;AT4G20940;AT4G30350;AT4G35970;AT4G37460;AT4G40100;AT5G03840;AT5G04590;AT5G05550;AT5G08055;AT5G08315;AT5G13190;AT5G15400;AT5G21160;AT5G24090;AT5G28030;AT5G37500;AT5G38150;AT5G39020;AT5G39770;AT5G40060;AT5G40440;AT5G41740;AT5G44510;AT5G44870;AT5G51890;AT5G52605;AT5G54270;AT5G54430;AT5G59430	481.44	18.057308769581656	0.211864406779661	1.0	200	514	200	1.0
CHG	loss	GO:0051093	negative regulation of developmental process	3	AT1G36060;AT1G70410;AT5G03840	18.565	3.9466156387466924	0.1615943980608672	1.0	200	514	200	1.0
CHG	loss	GO:0051128	regulation of cellular component organization	6	AT1G28270;AT1G77980;AT2G01900;AT2G07040;AT3G29185;AT3G54870	28.75	4.532935031522072	0.20869565217391303	1.0	200	514	200	1.0
CHG	loss	GO:0051179	localization	48	AT1G03840;AT1G07810;AT1G08190;AT1G11130;AT1G28010;AT1G29830;AT1G62360;AT1G65550;AT1G66950;AT1G72560;AT2G07560;AT2G07681;AT2G07689;AT2G07695;AT2G07727;AT2G16980;AT2G28170;AT2G28640;AT2G31910;AT2G41700;AT2G47450;AT2G48130;AT3G16180;AT3G30842;AT3G44910;AT3G51860;AT4G01810;AT4G08290;AT4G08300;AT4G12120;AT4G27040;AT4G28080;AT4G29160;AT4G33090;AT5G01240;AT5G03840;AT5G05987;AT5G09400;AT5G18840;AT5G23660;AT5G24650;AT5G26700;AT5G37500;AT5G38150;AT5G41800;AT5G46370;AT5G52270;AT5G58180	234.175	12.805638406576719	0.20497491192484252	1.0	200	514	200	1.0
CHG	loss	GO:0051234	establishment of localization	46	AT1G07810;AT1G08190;AT1G11130;AT1G28010;AT1G29830;AT1G62360;AT1G65550;AT1G66950;AT1G72560;AT2G07560;AT2G07681;AT2G07689;AT2G07695;AT2G07727;AT2G16980;AT2G28170;AT2G28640;AT2G31910;AT2G41700;AT2G47450;AT2G48130;AT3G16180;AT3G30842;AT3G44910;AT3G51860;AT4G01810;AT4G08290;AT4G08300;AT4G12120;AT4G27040;AT4G29160;AT4G33090;AT5G01240;AT5G03840;AT5G05987;AT5G09400;AT5G18840;AT5G23660;AT5G24650;AT5G26700;AT5G37500;AT5G38150;AT5G41800;AT5G46370;AT5G52270;AT5G58180	221.12	12.155476132179963	0.20803183791606367	1.0	200	514	200	1.0
CHG	loss	GO:0051239	regulation of multicellular organismal process	9	AT1G28270;AT1G36060;AT1G70410;AT1G77980;AT2G07040;AT2G32700;AT4G25530;AT5G03840;AT5G58230	50.985	6.680926208243883	0.176522506619594	1.0	200	514	200	1.0
CHG	loss	GO:0051241	negative regulation of multicellular organismal process	3	AT1G36060;AT1G70410;AT5G03840	14.37	3.619820437535543	0.20876826722338207	1.0	200	514	200	1.0
CHG	loss	GO:0051252	regulation of RNA metabolic process	45	AT1G03840;AT1G13400;AT1G14580;AT1G19510;AT1G31640;AT1G34170;AT1G34310;AT1G34390;AT1G34410;AT1G35540;AT1G36060;AT1G49190;AT1G55950;AT1G62360;AT1G62975;AT1G66140;AT1G71692;AT1G71930;AT1G75390;AT1G77980;AT2G01370;AT2G10440;AT2G32700;AT2G33310;AT2G33540;AT2G41310;AT2G42430;AT3G03260;AT3G21175;AT3G22760;AT3G32090;AT3G57040;AT4G00020;AT4G00540;AT4G14410;AT4G15900;AT4G25210;AT4G25400;AT4G25530;AT4G37280;AT4G37460;AT5G04590;AT5G05550;AT5G21160;AT5G58230	163.345	11.778623646249997	0.275490526186905	1.0	200	514	200	1.0
CHG	loss	GO:0051253	negative regulation of RNA metabolic process	6	AT2G32700;AT4G15900;AT4G37460;AT5G04590;AT5G21160;AT5G58230	22.02	4.382875768259918	0.2724795640326976	1.0	200	514	200	1.0
CHG	loss	GO:0051254	positive regulation of RNA metabolic process	8	AT1G03840;AT1G31640;AT1G71692;AT1G71930;AT1G77980;AT2G10440;AT2G32700;AT2G42430	34.12	5.741567730158743	0.2344665885111372	1.0	200	514	200	1.0
CHG	loss	GO:0051259	protein complex oligomerization	3	AT1G53310;AT2G47450;AT5G23660	5.105	2.0649394664251046	0.5876591576885406	0.900497512437811	180	514	200	1.0
CHG	loss	GO:0051301	cell division	4	AT1G03840;AT1G14580;AT2G28620;AT4G08630	25.22	4.612114482534031	0.15860428231562254	1.0	200	514	200	1.0
CHG	loss	GO:0051321	meiotic cell cycle	3	AT4G00020;AT4G32200;AT5G39770	20.28	3.8498831151088195	0.14792899408284022	1.0	200	514	200	1.0
CHG	loss	GO:0051510	regulation of unidimensional cell growth	3	AT1G28270;AT1G77980;AT2G07040	9.17	2.729670309762703	0.3271537622682661	1.0	200	514	200	1.0
CHG	loss	GO:0051604	protein maturation	4	AT1G07200;AT1G24510;AT4G30350;AT5G51070	22.53	4.121783594513425	0.17754105636928538	1.0	200	514	200	1.0
CHG	loss	GO:0051607	defense response to virus	3	AT1G05460;AT3G43920;AT5G44870	7.13	2.5540360216723648	0.42075736325385693	0.9850746268656716	197	514	200	1.0
CHG	loss	GO:0051641	cellular localization	9	AT1G08190;AT1G72560;AT2G47450;AT4G01810;AT4G29160;AT5G03840;AT5G24650;AT5G38150;AT5G52270	54.455	6.762246298383385	0.16527407951519604	1.0	200	514	200	1.0
CHG	loss	GO:0051649	establishment of localization in cell	9	AT1G08190;AT1G72560;AT2G47450;AT4G01810;AT4G29160;AT5G03840;AT5G24650;AT5G38150;AT5G52270	49.5	6.309516621738938	0.18181818181818182	1.0	200	514	200	1.0
CHG	loss	GO:0051707	response to other organism	28	AT1G05460;AT1G21835;AT1G52940;AT1G66730;AT1G69940;AT1G71930;AT2G32700;AT2G33380;AT2G36490;AT3G28930;AT3G43920;AT3G45140;AT3G49120;AT3G51860;AT3G59740;AT4G08290;AT4G14276;AT4G15900;AT4G16860;AT4G16890;AT4G37460;AT5G08055;AT5G08315;AT5G40440;AT5G44510;AT5G44870;AT5G52605;AT5G54430	111.185	8.84990254183617	0.2518325313666412	1.0	200	514	200	1.0
CHG	loss	GO:0051716	cellular response to stimulus	47	AT1G11130;AT1G20620;AT1G21230;AT1G28270;AT1G33910;AT1G48220;AT1G49190;AT1G53310;AT1G64480;AT1G65990;AT1G66730;AT1G71930;AT2G01900;AT2G05100;AT2G16750;AT2G27120;AT2G32700;AT2G36490;AT2G41310;AT2G43430;AT3G12700;AT3G49120;AT3G51860;AT3G57040;AT3G59410;AT4G00020;AT4G14410;AT4G14940;AT4G15735;AT4G15900;AT4G16830;AT4G16860;AT4G16890;AT4G20940;AT4G35970;AT5G05550;AT5G13190;AT5G15400;AT5G21160;AT5G24090;AT5G39770;AT5G40440;AT5G41740;AT5G44510;AT5G44870;AT5G51890;AT5G59430	218.905	13.492070819559126	0.21470500902217857	1.0	200	514	200	1.0
CHG	loss	GO:0055082	intracellular chemical homeostasis	3	AT3G51860;AT4G14410;AT5G28030	19.925	4.2566859174714775	0.15056461731493098	1.0	200	514	200	1.0
CHG	loss	GO:0055085	transmembrane transport	28	AT1G07810;AT1G28010;AT1G29830;AT1G65550;AT1G66950;AT2G07560;AT2G07689;AT2G07695;AT2G07727;AT2G16980;AT2G28170;AT2G31910;AT2G41700;AT2G47450;AT3G16180;AT3G30842;AT3G44910;AT3G51860;AT4G08290;AT4G08300;AT5G01240;AT5G09400;AT5G18840;AT5G23660;AT5G24650;AT5G37500;AT5G41800;AT5G46370	125.465	9.497830015324508	0.22316980831307534	1.0	200	514	200	1.0
CHG	loss	GO:0060255	regulation of macromolecule metabolic process	55	AT1G03840;AT1G05460;AT1G13400;AT1G14580;AT1G19510;AT1G31640;AT1G34170;AT1G34310;AT1G34390;AT1G34410;AT1G35540;AT1G36060;AT1G49190;AT1G55950;AT1G57800;AT1G62310;AT1G62360;AT1G62975;AT1G66140;AT1G71692;AT1G71930;AT1G75390;AT1G77980;AT2G01370;AT2G10440;AT2G21450;AT2G32700;AT2G33310;AT2G33540;AT2G41310;AT2G42430;AT3G03260;AT3G07610;AT3G21175;AT3G22430;AT3G22760;AT3G32090;AT3G32280;AT3G43920;AT3G57040;AT3G59410;AT4G00020;AT4G00540;AT4G14410;AT4G15900;AT4G25210;AT4G25400;AT4G25530;AT4G37280;AT4G37460;AT5G04590;AT5G05550;AT5G21160;AT5G52040;AT5G58230	224.175	13.341828023175442	0.24534403925504628	1.0	200	514	200	1.0
CHG	loss	GO:0060560	developmental growth involved in morphogenesis	10	AT1G69940;AT2G07020;AT2G07040;AT2G25630;AT2G28620;AT3G12110;AT3G23380;AT3G49120;AT3G54870;AT5G52360	36.31	5.046176770585823	0.27540622418066646	1.0	200	514	200	1.0
CHG	loss	GO:0061024	membrane organization	5	AT1G08190;AT1G44575;AT4G29160;AT5G24650;AT5G58180	15.7	3.4928498393145984	0.3184713375796179	1.0	200	514	200	1.0
CHG	loss	GO:0061458	reproductive system development	25	AT1G11130;AT1G13400;AT1G43620;AT1G62360;AT1G66730;AT1G71440;AT1G71692;AT1G72560;AT2G01280;AT2G32700;AT2G48130;AT3G06350;AT3G07610;AT3G08640;AT3G46330;AT3G47860;AT4G00020;AT4G01810;AT4G15900;AT4G24660;AT5G01240;AT5G05560;AT5G23660;AT5G58230;AT5G62230	123.05	9.620161121311877	0.2031694433157253	1.0	200	514	200	1.0
CHG	loss	GO:0062197	cellular response to chemical stress	4	AT1G65990;AT2G01900;AT4G16830;AT4G35970	11.485	3.038054476140943	0.348280365694384	1.0	200	514	200	1.0
CHG	loss	GO:0065003	protein-containing complex assembly	10	AT1G53310;AT1G62920;AT1G66345;AT2G01280;AT2G07681;AT2G47450;AT3G29185;AT4G22350;AT5G23660;AT5G51070	29.745	4.909172537200131	0.33619095646327113	1.0	200	514	200	1.0
CHG	loss	GO:0065007	biological regulation	103	AT1G03840;AT1G05460;AT1G11130;AT1G13400;AT1G14580;AT1G19510;AT1G21230;AT1G28270;AT1G31640;AT1G33910;AT1G34110;AT1G34170;AT1G34310;AT1G34390;AT1G34410;AT1G35540;AT1G36060;AT1G48220;AT1G49190;AT1G49340;AT1G55950;AT1G57800;AT1G62310;AT1G62360;AT1G62975;AT1G64480;AT1G66140;AT1G66730;AT1G70410;AT1G71692;AT1G71930;AT1G75390;AT1G77980;AT2G01370;AT2G01900;AT2G05100;AT2G07040;AT2G10440;AT2G16750;AT2G21450;AT2G32700;AT2G33310;AT2G33380;AT2G33540;AT2G41310;AT2G42430;AT3G03260;AT3G07610;AT3G12700;AT3G16060;AT3G21175;AT3G22430;AT3G22760;AT3G24240;AT3G26940;AT3G29185;AT3G30180;AT3G32090;AT3G32280;AT3G43920;AT3G47860;AT3G49120;AT3G51860;AT3G54870;AT3G57040;AT3G59410;AT4G00020;AT4G00540;AT4G14410;AT4G14940;AT4G15735;AT4G15900;AT4G16830;AT4G16860;AT4G16890;AT4G20940;AT4G25210;AT4G25400;AT4G25530;AT4G29740;AT4G33090;AT4G37280;AT4G37460;AT4G40100;AT5G01240;AT5G03840;AT5G04590;AT5G05550;AT5G13190;AT5G21160;AT5G24090;AT5G26700;AT5G37500;AT5G38450;AT5G40440;AT5G41740;AT5G44510;AT5G44700;AT5G44870;AT5G52040;AT5G54270;AT5G58230;AT5G59430	448.04	16.472049052865234	0.22989018837603784	1.0	200	514	200	1.0
CHG	loss	GO:0065008	regulation of biological quality	7	AT1G62360;AT3G30180;AT4G29740;AT4G33090;AT5G01240;AT5G21160;AT5G38450	47.7	6.4420493633625275	0.14675052410901468	1.0	200	514	200	1.0
CHG	loss	GO:0070482	response to oxygen levels	3	AT2G32700;AT2G43430;AT5G13190	17.015	4.422078131376695	0.17631501616220982	1.0	200	514	200	1.0
CHG	loss	GO:0070542	response to fatty acid	4	AT3G45140;AT4G14940;AT5G37500;AT5G40440	18.865	3.997095820717848	0.2120328650940896	1.0	200	514	200	1.0
CHG	loss	GO:0070647	protein modification by small protein conjugation or removal	7	AT1G49220;AT1G57800;AT2G38220;AT4G15900;AT4G22350;AT5G05560;AT5G15400	62.625	6.637346985053604	0.11177644710578842	1.0	200	514	200	1.0
CHG	loss	GO:0070828	heterochromatin organization	4	AT2G21450;AT3G07610;AT3G32280;AT5G58230	11.18	3.0671811162694675	0.35778175313059035	1.0	200	514	200	1.0
CHG	loss	GO:0070887	cellular response to chemical stimulus	24	AT1G20620;AT1G49190;AT1G65990;AT1G71930;AT2G01900;AT2G05100;AT2G16750;AT2G41310;AT2G43430;AT3G49120;AT3G57040;AT4G14410;AT4G14940;AT4G15900;AT4G16830;AT4G16890;AT4G20940;AT4G35970;AT5G05550;AT5G13190;AT5G24090;AT5G40440;AT5G51890;AT5G59430	103.35	9.925598218747409	0.23222060957910015	1.0	200	514	200	1.0
CHG	loss	GO:0071214	cellular response to abiotic stimulus	5	AT2G01900;AT2G05100;AT4G16830;AT4G20940;AT5G24090	21.245	4.124921211368769	0.2353494939985879	1.0	200	514	200	1.0
CHG	loss	GO:0071368	cellular response to cytokinin stimulus	3	AT1G49190;AT2G41310;AT3G57040	6.175	2.210062216318809	0.4858299595141701	0.9900497512437811	198	514	200	1.0
CHG	loss	GO:0071369	cellular response to ethylene stimulus	3	AT5G05550;AT5G40440;AT5G59430	5.255	2.14008761502888	0.570884871550904	0.8756218905472637	175	514	200	1.0
CHG	loss	GO:0071396	cellular response to lipid	4	AT2G05100;AT2G16750;AT4G14940;AT5G40440	32.315	5.231230734731571	0.12378152560730311	1.0	200	514	200	1.0
CHG	loss	GO:0071495	cellular response to endogenous stimulus	11	AT1G49190;AT1G71930;AT2G05100;AT2G16750;AT2G41310;AT3G57040;AT4G14940;AT4G15900;AT5G05550;AT5G40440;AT5G59430	49.275	6.520688230547471	0.2232369355657027	1.0	200	514	200	1.0
CHG	loss	GO:0071554	cell wall organization or biogenesis	21	AT1G11590;AT1G14110;AT1G23720;AT1G44980;AT1G67330;AT1G69940;AT2G27380;AT2G32700;AT2G36710;AT3G27980;AT3G28550;AT3G54580;AT3G54590;AT4G03930;AT4G15900;AT4G20170;AT4G21060;AT5G06630;AT5G07410;AT5G11420;AT5G44700	42.005	6.3501948788993685	0.4999404832758005	1.0	200	514	200	1.0
CHG	loss	GO:0071555	cell wall organization	18	AT1G11590;AT1G23720;AT1G44980;AT1G67330;AT1G69940;AT2G27380;AT2G32700;AT2G36710;AT3G27980;AT3G28550;AT3G54580;AT3G54590;AT4G03930;AT4G15900;AT5G06630;AT5G07410;AT5G11420;AT5G44700	25.78	4.927636350219029	0.6982156710628393	0.9552238805970149	191	514	200	1.0
CHG	loss	GO:0071669	plant-type cell wall organization or biogenesis	11	AT1G23720;AT1G67330;AT2G27380;AT2G32700;AT3G28550;AT3G54580;AT3G54590;AT4G15900;AT5G06630;AT5G11420;AT5G44700	23.445	4.357404617429958	0.4691831947110258	1.0	200	514	200	1.0
CHG	loss	GO:0071695	anatomical structure maturation	3	AT3G12110;AT3G54870;AT4G21060	14.12	3.3786979740722627	0.21246458923512748	1.0	200	514	200	1.0
CHG	loss	GO:0071705	nitrogen compound transport	4	AT1G72560;AT2G07681;AT3G16180;AT5G24650	26.465	4.569329819568732	0.15114301908180616	1.0	200	514	200	1.0
CHG	loss	GO:0071805	potassium ion transmembrane transport	3	AT5G09400;AT5G37500;AT5G46370	8.49	2.5258463927958865	0.35335689045936397	1.0	200	514	200	1.0
CHG	loss	GO:0071840	cellular component organization or biogenesis	62	AT1G08190;AT1G10910;AT1G11590;AT1G14110;AT1G23720;AT1G44575;AT1G44980;AT1G53310;AT1G57800;AT1G62310;AT1G62920;AT1G65060;AT1G66345;AT1G67330;AT1G69940;AT2G01280;AT2G07681;AT2G21450;AT2G27380;AT2G28620;AT2G32700;AT2G36710;AT2G39140;AT2G39900;AT2G47450;AT3G07610;AT3G12110;AT3G27980;AT3G28550;AT3G29185;AT3G32280;AT3G43920;AT3G46000;AT3G54580;AT3G54590;AT4G00416;AT4G01810;AT4G03930;AT4G13370;AT4G15900;AT4G20170;AT4G21060;AT4G22350;AT4G29160;AT4G32200;AT4G37280;AT5G06620;AT5G06630;AT5G07410;AT5G11420;AT5G21160;AT5G22350;AT5G23660;AT5G24650;AT5G38150;AT5G39770;AT5G44700;AT5G49150;AT5G51070;AT5G52360;AT5G58180;AT5G58230	243.185	13.54033880669181	0.2549499352344923	1.0	200	514	200	1.0
CHG	loss	GO:0072330	monocarboxylic acid biosynthetic process	3	AT2G33380;AT3G45140;AT4G27030	17.775	4.037867630321733	0.1687763713080169	1.0	200	514	200	1.0
CHG	loss	GO:0072593	reactive oxygen species metabolic process	3	AT1G20620;AT3G49120;AT5G51890	9.93	3.1408756740756227	0.3021148036253776	0.9950248756218906	199	514	200	1.0
CHG	loss	GO:0072594	establishment of protein localization to organelle	4	AT1G08190;AT2G47450;AT5G03840;AT5G24650	17.765	4.0149439597583365	0.22516183506895582	1.0	200	514	200	1.0
CHG	loss	GO:0080090	regulation of primary metabolic process	47	AT1G03840;AT1G13400;AT1G14580;AT1G19510;AT1G31640;AT1G34170;AT1G34310;AT1G34390;AT1G34410;AT1G35540;AT1G36060;AT1G49190;AT1G55950;AT1G62360;AT1G62975;AT1G66140;AT1G71692;AT1G71930;AT1G75390;AT1G77980;AT2G01370;AT2G10440;AT2G32700;AT2G33310;AT2G33540;AT2G41310;AT2G42430;AT3G03260;AT3G21175;AT3G22760;AT3G32090;AT3G47860;AT3G57040;AT3G59410;AT4G00020;AT4G00540;AT4G14410;AT4G15900;AT4G25210;AT4G25400;AT4G25530;AT4G37280;AT4G37460;AT5G04590;AT5G05550;AT5G21160;AT5G58230	199.18	12.356277756670714	0.23596746661311377	1.0	200	514	200	1.0
CHG	loss	GO:0080092	regulation of pollen tube growth	3	AT1G28270;AT1G77980;AT2G07040	3.84	1.8396738841436	0.78125	0.7512437810945274	150	514	200	1.0
CHG	loss	GO:0080134	regulation of response to stress	8	AT2G32700;AT3G49120;AT3G51860;AT4G00020;AT4G37460;AT5G13190;AT5G24090;AT5G40440	43.99	5.5226714550115865	0.18185951352580132	1.0	200	514	200	1.0
CHG	loss	GO:0080147	root hair cell development	3	AT3G12110;AT3G54870;AT4G21060	11.69	3.173940768193384	0.2566295979469632	1.0	200	514	200	1.0
CHG	loss	GO:0080188	gene silencing by siRNA-directed DNA methylation	3	AT2G21450;AT3G07610;AT3G32280	6.795	2.2633989926656777	0.44150110375275936	0.9800995024875622	196	514	200	1.0
CHG	loss	GO:0090304	nucleic acid metabolic process	20	AT1G10910;AT1G62910;AT1G66345;AT1G66730;AT2G01280;AT2G02750;AT2G27120;AT2G36490;AT2G39140;AT3G16680;AT3G43920;AT3G49640;AT4G00020;AT4G15900;AT4G22350;AT5G21160;AT5G39770;AT5G39920;AT5G49010;AT5G52040	165.245	10.050620627602965	0.12103240642682078	1.0	200	514	200	1.0
CHG	loss	GO:0090351	seedling development	9	AT1G43620;AT1G66730;AT1G75390;AT1G80340;AT2G27380;AT2G32700;AT2G48130;AT5G11420;AT5G40440	13.6	3.3166247903554043	0.6617647058823529	0.9502487562189055	190	514	200	1.0
CHG	loss	GO:0090558	plant epidermis development	7	AT3G07610;AT3G12110;AT3G22760;AT3G54870;AT4G21060;AT5G58230;AT5G62230	31.785	4.538587335283958	0.22022966808242883	1.0	200	514	200	1.0
CHG	loss	GO:0090567	reproductive shoot system development	9	AT1G11130;AT1G13400;AT1G62360;AT1G72560;AT2G32700;AT3G07610;AT4G01810;AT5G05560;AT5G62230	42.205	5.711652562962861	0.21324487619950244	1.0	200	514	200	1.0
CHG	loss	GO:0090627	plant epidermal cell differentiation	3	AT3G12110;AT3G54870;AT4G21060	20.715	4.05632530746734	0.14482259232440262	1.0	200	514	200	1.0
CHG	loss	GO:0090698	post-embryonic plant morphogenesis	3	AT2G04160;AT2G42430;AT5G62230	22.86	4.033658389105353	0.13123359580052493	1.0	200	514	200	1.0
CHG	loss	GO:0097237	cellular response to toxic substance	6	AT1G20620;AT1G65990;AT2G43430;AT3G49120;AT4G35970;AT5G51890	13.56	3.618894858931382	0.44247787610619466	1.0	200	514	200	1.0
CHG	loss	GO:0097305	response to alcohol	11	AT1G71930;AT2G05100;AT2G32700;AT2G33380;AT3G47860;AT4G00970;AT4G16830;AT4G20940;AT5G37500;AT5G40440;AT5G54270	48.925	6.757912029613877	0.22483392948390396	1.0	200	514	200	1.0
CHG	loss	GO:0097435	supramolecular fiber organization	4	AT2G28620;AT2G39900;AT3G46000;AT5G52360	19.79	3.9681103815292245	0.202122283981809	1.0	200	514	200	1.0
CHG	loss	GO:0098542	defense response to other organism	5	AT1G05460;AT3G43920;AT4G16890;AT5G40440;AT5G44870	26.7	4.8342527861087286	0.18726591760299627	1.0	200	514	200	1.0
CHG	loss	GO:0098655	monoatomic cation transmembrane transport	12	AT1G07810;AT2G07560;AT2G07689;AT2G07695;AT2G07727;AT2G28170;AT2G31910;AT3G44910;AT3G51860;AT5G09400;AT5G37500;AT5G46370	39.595	5.735065387595858	0.30306856926379594	1.0	200	514	200	1.0
CHG	loss	GO:0098727	maintenance of cell number	3	AT1G34110;AT1G62360;AT3G24240	10.15	2.7032387981826522	0.29556650246305416	1.0	200	514	200	1.0
CHG	loss	GO:0098754	detoxification	6	AT1G20620;AT1G65990;AT2G43430;AT3G49120;AT4G35970;AT5G51890	21.715	4.2525022045849665	0.2763067004374856	1.0	200	514	200	1.0
CHG	loss	GO:0098869	cellular oxidant detoxification	5	AT1G20620;AT1G65990;AT3G49120;AT4G35970;AT5G51890	10.93	3.0781650378106757	0.4574565416285453	0.9850746268656716	197	514	200	1.0
CHG	loss	GO:0099402	plant organ development	24	AT1G03840;AT1G11130;AT1G13400;AT1G14580;AT1G34110;AT1G49340;AT1G53310;AT1G62360;AT1G71692;AT2G04160;AT2G42430;AT3G07610;AT3G08640;AT3G12110;AT3G24240;AT3G54870;AT4G01810;AT4G15900;AT4G21060;AT5G01240;AT5G05560;AT5G44700;AT5G58230;AT5G62230	116.755	9.48972997508364	0.20555864845188643	1.0	200	514	200	1.0
CHG	loss	GO:0104004	cellular response to environmental stimulus	5	AT2G01900;AT2G05100;AT4G16830;AT4G20940;AT5G24090	21.245	4.124921211368769	0.2353494939985879	1.0	200	514	200	1.0
CHG	loss	GO:0140546	defense response to symbiont	5	AT1G05460;AT3G43920;AT4G16890;AT5G40440;AT5G44870	23.99	4.441835206308316	0.20842017507294708	1.0	200	514	200	1.0
CHG	loss	GO:0140719	constitutive heterochromatin formation	3	AT2G21450;AT3G07610;AT3G32280	8.84	2.6654080363051356	0.3393665158371041	1.0	200	514	200	1.0
CHG	loss	GO:0141187	nucleic acid biosynthetic process	13	AT1G62910;AT1G66345;AT1G66730;AT2G01280;AT2G27120;AT2G39140;AT3G16680;AT3G43920;AT3G49640;AT4G15900;AT4G22350;AT5G39920;AT5G52040	88.715	8.628080609266451	0.1465366623457138	1.0	200	514	200	1.0
CHG	loss	GO:0141194	siRNA-mediated heterochromatin formation	3	AT2G21450;AT3G07610;AT3G32280	6.795	2.2633989926656777	0.44150110375275936	0.9800995024875622	196	514	200	1.0
CHG	loss	GO:0160109	plant gross anatomical part developmental process	46	AT1G03840;AT1G11130;AT1G13400;AT1G14580;AT1G34110;AT1G43620;AT1G49340;AT1G50750;AT1G53310;AT1G62360;AT1G65060;AT1G66730;AT1G71440;AT1G71692;AT1G71930;AT1G72560;AT1G77980;AT2G01280;AT2G04160;AT2G32700;AT2G38220;AT2G42430;AT2G48130;AT3G06350;AT3G07610;AT3G08640;AT3G12110;AT3G22760;AT3G24240;AT3G46330;AT3G47860;AT3G54870;AT4G00020;AT4G01810;AT4G14940;AT4G15900;AT4G21060;AT4G24660;AT5G01240;AT5G03840;AT5G05560;AT5G23660;AT5G44700;AT5G49150;AT5G58230;AT5G62230	236.24	12.865939530403383	0.1947172367084321	1.0	200	514	200	1.0
CHG	loss	GO:0160307	protein biosynthetic process	10	AT1G07920;AT2G07715;AT2G39140;AT2G44065;AT3G04230;AT3G10950;AT5G18380;AT5G58240;AT5G60390;AT5G64140	31.285	4.779516188904485	0.319642000958926	1.0	200	514	200	1.0
CHG	loss	GO:0170039	proteinogenic amino acid metabolic process	3	AT1G71920;AT5G26780;AT5G28030	20.98	3.9660559753992315	0.14299332697807435	1.0	200	514	200	1.0
CHG	loss	GO:1901135	carbohydrate derivative metabolic process	5	AT1G66140;AT2G29040;AT2G47650;AT4G21060;AT4G30530	49.085	6.252021673027051	0.10186411327289396	1.0	200	514	200	1.0
CHG	loss	GO:1901137	carbohydrate derivative biosynthetic process	3	AT2G29040;AT2G47650;AT4G21060	30.265	4.932015308167639	0.09912440112340988	1.0	200	514	200	1.0
CHG	loss	GO:1901419	regulation of response to alcohol	4	AT1G66140;AT2G33540;AT4G16830;AT4G20940	11.625	3.0289230759463	0.34408602150537637	1.0	200	514	200	1.0
CHG	loss	GO:1901700	response to oxygen-containing compound	30	AT1G07200;AT1G36060;AT1G52760;AT1G66730;AT1G66950;AT1G70410;AT1G71930;AT2G05100;AT2G16750;AT2G32700;AT2G33380;AT2G43430;AT3G08640;AT3G12700;AT3G45140;AT3G47860;AT4G00970;AT4G14410;AT4G14940;AT4G15900;AT4G16830;AT4G16890;AT4G20940;AT4G30350;AT5G03840;AT5G21160;AT5G24090;AT5G37500;AT5G40440;AT5G54270	145.645	10.447917256563553	0.2059802945518212	1.0	200	514	200	1.0
CHG	loss	GO:1901701	cellular response to oxygen-containing compound	10	AT2G05100;AT2G16750;AT2G43430;AT4G14410;AT4G14940;AT4G15900;AT4G16890;AT4G20940;AT5G24090;AT5G40440	54.56	6.589871015429617	0.18328445747800587	1.0	200	514	200	1.0
CHG	loss	GO:1902600	proton transmembrane transport	8	AT2G07560;AT2G07689;AT2G07695;AT2G07727;AT2G28170;AT2G31910;AT3G44910;AT3G51860	14.88	3.676356892359606	0.5376344086021505	0.9800995024875622	196	514	200	1.0
CHG	loss	GO:1902679	negative regulation of RNA biosynthetic process	5	AT2G32700;AT4G15900;AT4G37460;AT5G04590;AT5G58230	20.3	4.223742416388572	0.24630541871921183	1.0	200	514	200	1.0
CHG	loss	GO:1902680	positive regulation of RNA biosynthetic process	8	AT1G03840;AT1G31640;AT1G71692;AT1G71930;AT1G77980;AT2G10440;AT2G32700;AT2G42430	29.975	5.423502097353687	0.26688907422852376	1.0	200	514	200	1.0
CHG	loss	GO:1905392	plant organ morphogenesis	9	AT1G11130;AT1G34110;AT2G04160;AT2G42430;AT3G12110;AT3G24240;AT3G54870;AT4G21060;AT5G44700	50.485	6.326908802883125	0.17827077349707834	1.0	200	514	200	1.0
CHG	loss	GO:1905957	regulation of cellular response to alcohol	4	AT1G66140;AT2G33540;AT4G16830;AT4G20940	11.625	3.0289230759463	0.34408602150537637	1.0	200	514	200	1.0
CHG	loss	GO:1990748	cellular detoxification	6	AT1G20620;AT1G65990;AT2G43430;AT3G49120;AT4G35970;AT5G51890	13.47	3.6151210214873806	0.4454342984409799	1.0	200	514	200	1.0
CHG	loss	GO:2000026	regulation of multicellular organismal development	6	AT1G36060;AT1G70410;AT2G32700;AT4G25530;AT5G03840;AT5G58230	41.95	6.209468576295371	0.1430274135876043	1.0	200	514	200	1.0
CHG	loss	GO:2000241	regulation of reproductive process	7	AT1G28270;AT1G77980;AT2G07040;AT2G32700;AT4G25530;AT5G03840;AT5G58230	29.08	4.9115781577818876	0.24071526822558462	1.0	200	514	200	1.0
CHG	loss	GO:2000280	regulation of root development	3	AT3G24240;AT5G26700;AT5G44700	8.335	2.683798613905296	0.3599280143971205	0.9950248756218906	199	514	200	1.0
CHG	loss	GO:2000377	regulation of reactive oxygen species metabolic process	3	AT2G01900;AT2G05100;AT2G33380	5.7	2.197726097583591	0.5263157894736842	0.9303482587064676	186	514	200	1.0
CHG	loss	GO:2001141	regulation of RNA biosynthetic process	44	AT1G03840;AT1G13400;AT1G14580;AT1G19510;AT1G31640;AT1G34170;AT1G34310;AT1G34390;AT1G34410;AT1G35540;AT1G36060;AT1G49190;AT1G55950;AT1G62360;AT1G62975;AT1G66140;AT1G71692;AT1G71930;AT1G75390;AT1G77980;AT2G01370;AT2G10440;AT2G32700;AT2G33310;AT2G33540;AT2G41310;AT2G42430;AT3G03260;AT3G21175;AT3G22760;AT3G32090;AT3G57040;AT4G00020;AT4G00540;AT4G14410;AT4G15900;AT4G25210;AT4G25400;AT4G25530;AT4G37280;AT4G37460;AT5G04590;AT5G05550;AT5G58230	156.21	11.34442153659653	0.28167210805966325	1.0	200	514	200	1.0
CHH	gain	GO:0000041	transition metal ion transport	3	AT2G07681;AT4G31040;AT5G24290	6.345	2.180819799983485	0.4728132387706856	0.9751243781094527	195	377	200	1.0
CHH	gain	GO:0000272	polysaccharide catabolic process	8	AT1G11590;AT1G69940;AT2G36710;AT3G10900;AT3G30540;AT4G03930;AT5G07420;AT5G18990	11.68	3.2492460663975584	0.684931506849315	0.9104477611940298	182	377	200	1.0
CHH	gain	GO:0000280	nuclear division	3	AT1G53490;AT2G01990;AT5G39770	14.32	3.2492460663975584	0.20949720670391062	1.0	200	377	200	1.0
CHH	gain	GO:0000902	cell morphogenesis	7	AT1G26960;AT1G69940;AT1G79250;AT2G07020;AT3G26870;AT5G16490;AT5G36260	36.445	5.4191304653052885	0.19207024283166416	1.0	200	377	200	1.0
CHH	gain	GO:0001101	response to acid chemical	6	AT2G42540;AT3G45140;AT3G46620;AT5G10100;AT5G24030;AT5G37500	37.46	6.09658921037001	0.1601708489054992	1.0	200	377	200	1.0
CHH	gain	GO:0002376	immune system process	3	AT1G64790;AT5G20320;AT5G22290	19.075	4.150828230606514	0.15727391874180865	1.0	200	377	200	1.0
CHH	gain	GO:0003002	regionalization	3	AT1G23420;AT5G20320;AT5G55250	17.07	3.719556425166852	0.1757469244288225	1.0	200	377	200	1.0
CHH	gain	GO:0003006	developmental process involved in reproduction	24	AT1G19890;AT1G23420;AT1G55540;AT1G67990;AT1G69940;AT1G73177;AT1G79250;AT2G07020;AT2G31215;AT2G34880;AT2G48130;AT3G07610;AT3G26870;AT3G46330;AT3G49240;AT4G11880;AT4G13610;AT4G23100;AT4G25010;AT5G16490;AT5G20320;AT5G23040;AT5G36260;AT5G62165	129.795	10.40639106511013	0.1849069686813822	1.0	200	377	200	1.0
CHH	gain	GO:0005975	carbohydrate metabolic process	21	AT1G11590;AT1G17150;AT1G22650;AT1G32180;AT1G69940;AT1G71930;AT2G04062;AT2G15470;AT2G36710;AT3G10900;AT3G30540;AT3G42153;AT3G60140;AT4G02130;AT4G03930;AT4G23560;AT4G28850;AT5G07420;AT5G10100;AT5G18990;AT5G44840	77.685	8.643250256703173	0.27032245607260086	1.0	200	377	200	1.0
CHH	gain	GO:0005976	polysaccharide metabolic process	12	AT1G11590;AT1G32180;AT1G69940;AT1G71930;AT2G36710;AT3G10900;AT3G30540;AT4G02130;AT4G03930;AT4G28850;AT5G07420;AT5G18990	38.27	6.110409151603495	0.31356153645152857	1.0	200	377	200	1.0
CHH	gain	GO:0006091	generation of precursor metabolites and energy	3	AT2G07695;AT2G18660;AT3G55250	21.85	3.921415560738232	0.13729977116704806	1.0	200	377	200	1.0
CHH	gain	GO:0006139	nucleobase-containing compound metabolic process	14	AT1G24706;AT1G36180;AT1G53490;AT1G62930;AT1G73177;AT2G07698;AT2G24490;AT2G42725;AT4G18690;AT5G20320;AT5G23080;AT5G39770;AT5G49010;AT5G53660	169.53	10.317901918510373	0.08258125405532944	1.0	200	377	200	1.0
CHH	gain	GO:0006259	DNA metabolic process	4	AT1G53490;AT2G24490;AT5G39770;AT5G49010	43.135	5.516047044759511	0.09273212008809552	1.0	200	377	200	1.0
CHH	gain	GO:0006310	DNA recombination	3	AT1G53490;AT2G24490;AT5G39770	16.77	3.4448657448440643	0.17889087656529518	1.0	200	377	200	1.0
CHH	gain	GO:0006325	chromatin organization	6	AT1G62310;AT2G34880;AT3G07610;AT3G32280;AT3G49250;AT5G20320	40.255	5.815494389989547	0.14904980747733199	1.0	200	377	200	1.0
CHH	gain	GO:0006338	chromatin remodeling	6	AT1G62310;AT2G34880;AT3G07610;AT3G32280;AT3G49250;AT5G20320	36.35	5.397916264633979	0.16506189821182943	1.0	200	377	200	1.0
CHH	gain	GO:0006346	DNA methylation-dependent constitutive heterochromatin formation	3	AT3G07610;AT3G32280;AT3G49250	6.95	2.552939482243948	0.4316546762589928	0.9601990049751243	192	377	200	1.0
CHH	gain	GO:0006351	DNA-templated transcription	5	AT1G73177;AT2G42725;AT4G18690;AT5G20320;AT5G53660	21.45	4.508602887813479	0.23310023310023312	1.0	200	377	200	1.0
CHH	gain	GO:0006355	regulation of DNA-templated transcription	32	AT1G19510;AT1G23420;AT1G26960;AT1G34170;AT1G34310;AT1G34390;AT1G34410;AT1G35240;AT1G35520;AT1G35540;AT1G49190;AT1G71930;AT1G77980;AT2G02070;AT2G10440;AT2G24790;AT2G31215;AT2G34880;AT3G57040;AT4G00130;AT4G00540;AT4G04030;AT4G11880;AT4G25530;AT5G04590;AT5G22290;AT5G24930;AT5G32670;AT5G33210;AT5G39690;AT5G53660;AT5G62165	136.815	10.212775088094308	0.23389248254942807	1.0	200	377	200	1.0
CHH	gain	GO:0006357	regulation of transcription by RNA polymerase II	4	AT1G26960;AT1G77980;AT4G11880;AT5G62165	19.99	4.433948578862869	0.20010005002501252	1.0	200	377	200	1.0
CHH	gain	GO:0006396	RNA processing	4	AT1G24706;AT1G62930;AT5G20320;AT5G23080	51.615	6.183589168112594	0.07749685169040008	1.0	200	377	200	1.0
CHH	gain	GO:0006397	mRNA processing	3	AT1G24706;AT1G62930;AT5G23080	19.815	3.871792220664731	0.15140045420136258	1.0	200	377	200	1.0
CHH	gain	GO:0006508	proteolysis	4	AT2G04160;AT3G42550;AT5G28550;AT5G36260	30.925	4.750723629090617	0.1293451899757478	1.0	200	377	200	1.0
CHH	gain	GO:0006511	ubiquitin-dependent protein catabolic process	4	AT1G65350;AT3G08790;AT5G02920;AT5G19990	19.98	4.1724812761712915	0.20020020020020018	1.0	200	377	200	1.0
CHH	gain	GO:0006629	lipid metabolic process	10	AT1G24880;AT1G36180;AT1G58525;AT1G80340;AT3G29110;AT3G29190;AT3G43570;AT3G45140;AT4G00400;AT5G44585	71.475	8.184092802504185	0.1399090591115775	1.0	200	377	200	1.0
CHH	gain	GO:0006631	fatty acid metabolic process	3	AT1G36180;AT3G45140;AT5G44585	18.44	4.014523633010515	0.16268980477223427	1.0	200	377	200	1.0
CHH	gain	GO:0006633	fatty acid biosynthetic process	3	AT1G36180;AT3G45140;AT5G44585	10.755	2.7883642158082522	0.2789400278940028	1.0	200	377	200	1.0
CHH	gain	GO:0006720	isoprenoid metabolic process	3	AT1G80340;AT3G29110;AT3G29190	15.395	3.3209900632191003	0.1948684637869438	1.0	200	377	200	1.0
CHH	gain	GO:0006721	terpenoid metabolic process	3	AT1G80340;AT3G29110;AT3G29190	13.415	3.137319715935884	0.22363026462914648	1.0	200	377	200	1.0
CHH	gain	GO:0006790	sulfur compound metabolic process	4	AT1G36180;AT4G23100;AT5G04590;AT5G44585	21.29	4.106811415197928	0.18788163457022078	1.0	200	377	200	1.0
CHH	gain	GO:0006793	phosphorus metabolic process	5	AT1G24880;AT1G36180;AT2G07698;AT3G51860;AT4G00400	50.555	6.587638044094416	0.09890218573830482	1.0	200	377	200	1.0
CHH	gain	GO:0006810	transport	28	AT1G11450;AT1G24706;AT1G34065;AT1G55540;AT1G58520;AT1G65550;AT1G76850;AT2G04090;AT2G07681;AT2G07695;AT2G07698;AT2G16980;AT2G28640;AT2G42005;AT2G48130;AT3G08790;AT3G51860;AT3G51870;AT3G54860;AT4G08670;AT4G12780;AT4G25010;AT4G31040;AT5G05760;AT5G22770;AT5G24030;AT5G24290;AT5G37500	187.245	12.090284322545704	0.149536703249753	1.0	200	377	200	1.0
CHH	gain	GO:0006811	monoatomic ion transport	9	AT1G58520;AT2G07681;AT2G07695;AT2G07698;AT3G51860;AT4G31040;AT5G24030;AT5G24290;AT5G37500	42.49	5.703498926097908	0.21181454459872912	1.0	200	377	200	1.0
CHH	gain	GO:0006812	monoatomic cation transport	8	AT1G58520;AT2G07681;AT2G07695;AT2G07698;AT3G51860;AT4G31040;AT5G24290;AT5G37500	36.68	5.470612397163592	0.21810250817884405	1.0	200	377	200	1.0
CHH	gain	GO:0006826	iron ion transport	3	AT2G07681;AT4G31040;AT5G24290	2.425	1.4981238266578636	1.2371134020618557	0.4427860696517413	88	377	200	1.0
CHH	gain	GO:0006869	lipid transport	3	AT2G48130;AT4G08670;AT4G25010	10.76	3.2545967492148717	0.2788104089219331	1.0	200	377	200	1.0
CHH	gain	GO:0006873	intracellular monoatomic ion homeostasis	3	AT3G51860;AT4G31040;AT5G24030	10.965	2.8729383912642503	0.27359781121751026	1.0	200	377	200	1.0
CHH	gain	GO:0006886	intracellular protein transport	3	AT3G08790;AT5G05760;AT5G22770	25.105	4.23367157441386	0.11949810794662417	1.0	200	377	200	1.0
CHH	gain	GO:0006950	response to stress	36	AT1G05250;AT1G33910;AT1G52940;AT1G58390;AT1G58520;AT1G64790;AT1G69940;AT1G71930;AT1G77100;AT2G01150;AT2G02130;AT2G17690;AT2G18660;AT2G24490;AT2G42540;AT3G10340;AT3G45140;AT3G46620;AT3G51860;AT4G16860;AT4G16890;AT4G19330;AT4G23100;AT4G33300;AT4G35770;AT5G04590;AT5G10100;AT5G17880;AT5G20320;AT5G22290;AT5G22500;AT5G24030;AT5G37500;AT5G39770;AT5G44585;AT5G53120	254.285	13.533801202914164	0.14157343138604322	1.0	200	377	200	1.0
CHH	gain	GO:0006952	defense response	17	AT1G52940;AT1G58390;AT1G64790;AT1G69940;AT1G71930;AT2G02130;AT2G18660;AT3G10340;AT4G16860;AT4G16890;AT4G23100;AT4G33300;AT5G17880;AT5G20320;AT5G22290;AT5G44585;AT5G53120	81.9	8.176184929415397	0.20757020757020755	1.0	200	377	200	1.0
CHH	gain	GO:0006955	immune response	3	AT1G64790;AT5G20320;AT5G22290	15.53	3.836547927499411	0.19317450096587252	1.0	200	377	200	1.0
CHH	gain	GO:0006970	response to osmotic stress	4	AT1G58520;AT2G42540;AT5G22500;AT5G24030	45.875	6.284057208523814	0.08719346049046321	1.0	200	377	200	1.0
CHH	gain	GO:0006979	response to oxidative stress	5	AT1G05250;AT1G77100;AT3G10340;AT4G23100;AT4G35770	29.92	5.178185010213505	0.16711229946524064	1.0	200	377	200	1.0
CHH	gain	GO:0006996	organelle organization	13	AT1G24490;AT1G44575;AT1G53490;AT2G01990;AT2G31900;AT2G42540;AT3G44370;AT3G54860;AT3G61230;AT4G34090;AT5G23040;AT5G23120;AT5G39770	97.225	9.060594627285814	0.13371046541527384	1.0	200	377	200	1.0
CHH	gain	GO:0007049	cell cycle	6	AT1G53490;AT2G01990;AT2G38195;AT2G38220;AT4G08630;AT5G39770	38.595	5.339566930004731	0.1554605518849592	1.0	200	377	200	1.0
CHH	gain	GO:0007154	cell communication	16	AT1G21230;AT1G33910;AT1G49005;AT1G49190;AT1G58520;AT1G76850;AT2G01450;AT2G24790;AT2G34070;AT2G42540;AT3G57040;AT4G16295;AT4G16860;AT4G16890;AT5G17880;AT5G44585	101.36	8.601185964737676	0.15785319652722968	1.0	200	377	200	1.0
CHH	gain	GO:0007165	signal transduction	12	AT1G21230;AT1G33910;AT1G49190;AT1G58520;AT2G01450;AT2G24790;AT2G34070;AT2G42540;AT3G57040;AT4G16860;AT4G16890;AT5G17880	96.52	8.49291469402585	0.12432656444260258	1.0	200	377	200	1.0
CHH	gain	GO:0007275	multicellular organism development	35	AT1G13245;AT1G19890;AT1G23420;AT1G26960;AT1G49005;AT1G55540;AT1G67990;AT1G73177;AT1G77980;AT1G80340;AT2G04160;AT2G27380;AT2G31215;AT2G34880;AT2G38195;AT2G38220;AT2G42540;AT2G48130;AT3G07610;AT3G11260;AT3G46330;AT3G49240;AT4G11880;AT4G13610;AT4G19330;AT4G23100;AT4G25010;AT5G20320;AT5G23040;AT5G36260;AT5G44585;AT5G53660;AT5G55250;AT5G61230;AT5G62165	220.795	12.604085647122668	0.15851808238411197	1.0	200	377	200	1.0
CHH	gain	GO:0007389	pattern specification process	3	AT1G23420;AT5G20320;AT5G55250	21.635	4.070844506978852	0.1386642015253062	1.0	200	377	200	1.0
CHH	gain	GO:0007623	circadian rhythm	3	AT2G42540;AT3G57040;AT5G24930	11.75	3.2691742076555053	0.2553191489361702	1.0	200	377	200	1.0
CHH	gain	GO:0008104	intracellular protein localization	5	AT1G24490;AT3G08790;AT3G44370;AT5G05760;AT5G22770	41.115	5.1099681995096455	0.12161011796181442	1.0	200	377	200	1.0
CHH	gain	GO:0008152	metabolic process	83	AT1G03475;AT1G05250;AT1G11590;AT1G17150;AT1G22650;AT1G24706;AT1G24880;AT1G32180;AT1G36180;AT1G50490;AT1G53490;AT1G58525;AT1G62930;AT1G65350;AT1G67980;AT1G67990;AT1G69940;AT1G71920;AT1G71930;AT1G73177;AT1G77100;AT1G80340;AT2G01150;AT2G01450;AT2G04062;AT2G04160;AT2G07695;AT2G07698;AT2G07715;AT2G15470;AT2G18660;AT2G22450;AT2G23600;AT2G24490;AT2G30920;AT2G32750;AT2G36710;AT2G38195;AT2G38220;AT2G42725;AT3G08790;AT3G10340;AT3G10900;AT3G10950;AT3G29110;AT3G29190;AT3G30540;AT3G42153;AT3G42550;AT3G43570;AT3G45140;AT3G46620;AT3G51860;AT3G55250;AT3G60140;AT4G00400;AT4G02130;AT4G03930;AT4G18690;AT4G23100;AT4G23560;AT4G28850;AT5G02920;AT5G04590;AT5G07420;AT5G10100;AT5G18990;AT5G19990;AT5G20320;AT5G22500;AT5G23040;AT5G23080;AT5G28550;AT5G36260;AT5G39770;AT5G40850;AT5G44585;AT5G44840;AT5G49010;AT5G53120;AT5G53660;AT5G55250;AT5G56970	553.12	17.743325505664995	0.1500578536303153	1.0	200	377	200	1.0
CHH	gain	GO:0008299	isoprenoid biosynthetic process	3	AT1G80340;AT3G29110;AT3G29190	12.16	3.012374478712764	0.24671052631578946	1.0	200	377	200	1.0
CHH	gain	GO:0008610	lipid biosynthetic process	8	AT1G24880;AT1G36180;AT1G80340;AT3G29110;AT3G29190;AT3G45140;AT4G00400;AT5G44585	43.43	5.835674768182343	0.18420446695832374	1.0	200	377	200	1.0
CHH	gain	GO:0009056	catabolic process	18	AT1G05250;AT1G11590;AT1G65350;AT1G69940;AT1G77100;AT2G36710;AT3G08790;AT3G10340;AT3G10900;AT3G30540;AT4G03930;AT5G02920;AT5G07420;AT5G18990;AT5G19990;AT5G36260;AT5G39770;AT5G56970	87.135	9.014253990209053	0.2065760027543467	1.0	200	377	200	1.0
CHH	gain	GO:0009057	macromolecule catabolic process	14	AT1G11590;AT1G65350;AT1G69940;AT2G36710;AT3G08790;AT3G10900;AT3G30540;AT4G03930;AT5G02920;AT5G07420;AT5G18990;AT5G19990;AT5G36260;AT5G39770	46.41	6.649954887065059	0.301659125188537	1.0	200	377	200	1.0
CHH	gain	GO:0009058	biosynthetic process	37	AT1G03475;AT1G24706;AT1G24880;AT1G32180;AT1G36180;AT1G62930;AT1G67980;AT1G67990;AT1G71920;AT1G73177;AT1G80340;AT2G07698;AT2G07715;AT2G22450;AT2G23600;AT2G30920;AT2G32750;AT2G42725;AT3G10340;AT3G10950;AT3G29110;AT3G29190;AT3G45140;AT4G00400;AT4G02130;AT4G18690;AT4G23100;AT5G10100;AT5G20320;AT5G22500;AT5G23040;AT5G23080;AT5G40850;AT5G44585;AT5G53120;AT5G53660;AT5G55250	267.99	13.384315447567525	0.1380648531661629	1.0	200	377	200	1.0
CHH	gain	GO:0009059	macromolecule biosynthetic process	15	AT1G24706;AT1G32180;AT1G62930;AT1G73177;AT2G07715;AT2G32750;AT2G42725;AT3G10950;AT4G00400;AT4G02130;AT4G18690;AT5G20320;AT5G23040;AT5G23080;AT5G53660	154.675	11.002244089275381	0.09697753353806368	1.0	200	377	200	1.0
CHH	gain	GO:0009266	response to temperature stimulus	7	AT1G33910;AT2G17690;AT2G42540;AT4G19330;AT4G23100;AT5G04590;AT5G37500	52.705	6.3362429719827125	0.13281472346077222	1.0	200	377	200	1.0
CHH	gain	GO:0009314	response to radiation	12	AT1G13245;AT1G44575;AT1G80340;AT2G24790;AT2G42540;AT4G31040;AT4G40100;AT5G17880;AT5G23040;AT5G40850;AT5G53660;AT5G61230	68.295	7.214428251774322	0.1757083241818581	1.0	200	377	200	1.0
CHH	gain	GO:0009408	response to heat	4	AT1G33910;AT2G17690;AT2G42540;AT4G23100	21.475	4.150828230606501	0.18626309662398136	1.0	200	377	200	1.0
CHH	gain	GO:0009409	response to cold	4	AT2G42540;AT4G19330;AT5G04590;AT5G37500	31.605	5.065468882541877	0.1265622528081	1.0	200	377	200	1.0
CHH	gain	GO:0009414	response to water deprivation	6	AT2G42540;AT3G45140;AT3G46620;AT5G10100;AT5G24030;AT5G37500	33.255	5.746300984111405	0.18042399639152007	1.0	200	377	200	1.0
CHH	gain	GO:0009415	response to water	6	AT2G42540;AT3G45140;AT3G46620;AT5G10100;AT5G24030;AT5G37500	34.025	5.7977905274337145	0.1763409257898604	1.0	200	377	200	1.0
CHH	gain	GO:0009416	response to light stimulus	12	AT1G13245;AT1G44575;AT1G80340;AT2G24790;AT2G42540;AT4G31040;AT4G40100;AT5G17880;AT5G23040;AT5G40850;AT5G53660;AT5G61230	64.47	7.002792300218532	0.18613308515588647	1.0	200	377	200	1.0
CHH	gain	GO:0009555	pollen development	8	AT1G19890;AT1G73177;AT1G77980;AT2G34880;AT2G38195;AT2G38220;AT3G07610;AT5G36260	36.905	5.414422868598276	0.2167727950142257	1.0	200	377	200	1.0
CHH	gain	GO:0009605	response to external stimulus	21	AT1G52940;AT1G58390;AT1G64790;AT1G69940;AT1G71930;AT2G04450;AT2G15480;AT2G18660;AT3G45140;AT3G51860;AT3G51870;AT4G16860;AT4G16890;AT4G23100;AT4G33300;AT5G17880;AT5G20320;AT5G22290;AT5G36260;AT5G44585;AT5G53120	113.965	9.001320736425276	0.18426709954810688	1.0	200	377	200	1.0
CHH	gain	GO:0009607	response to biotic stimulus	20	AT1G52940;AT1G58390;AT1G64790;AT1G69940;AT1G71930;AT2G04450;AT2G15480;AT2G18660;AT3G45140;AT3G51860;AT3G51870;AT4G16860;AT4G16890;AT4G23100;AT4G33300;AT5G17880;AT5G20320;AT5G22290;AT5G44585;AT5G53120	96.525	8.51171986146151	0.20720020720020718	1.0	200	377	200	1.0
CHH	gain	GO:0009611	response to wounding	5	AT3G10340;AT3G45140;AT4G35770;AT5G22500;AT5G44585	21.045	4.876779162521096	0.2375861249703017	1.0	200	377	200	1.0
CHH	gain	GO:0009617	response to bacterium	10	AT1G52940;AT1G64790;AT1G69940;AT3G45140;AT4G16890;AT4G23100;AT4G33300;AT5G17880;AT5G44585;AT5G53120	43.36	6.337223366743513	0.23062730627306274	1.0	200	377	200	1.0
CHH	gain	GO:0009620	response to fungus	5	AT1G52940;AT1G71930;AT3G45140;AT4G16860;AT4G23100	28.42	4.9450581391930895	0.17593244194229415	1.0	200	377	200	1.0
CHH	gain	GO:0009627	systemic acquired resistance	3	AT1G64790;AT2G18660;AT4G16890	6.265	2.339823711308185	0.47885075818036715	0.945273631840796	189	377	200	1.0
CHH	gain	GO:0009628	response to abiotic stimulus	25	AT1G13245;AT1G33910;AT1G44575;AT1G58520;AT1G80340;AT2G01150;AT2G17690;AT2G24790;AT2G42540;AT3G45140;AT3G46620;AT4G19330;AT4G23100;AT4G31040;AT4G40100;AT5G04590;AT5G10100;AT5G17880;AT5G22500;AT5G23040;AT5G24030;AT5G37500;AT5G40850;AT5G53660;AT5G61230	178.565	11.088542510176987	0.14000504018144652	1.0	200	377	200	1.0
CHH	gain	GO:0009636	response to toxic substance	3	AT1G05250;AT1G77100;AT2G04090	21.585	4.498085703941172	0.13898540653231412	1.0	200	377	200	1.0
CHH	gain	GO:0009639	response to red or far red light	8	AT1G13245;AT1G80340;AT2G24790;AT2G42540;AT5G17880;AT5G23040;AT5G53660;AT5G61230	18.985	3.9223430497599323	0.42138530418751646	1.0	200	377	200	1.0
CHH	gain	GO:0009651	response to salt stress	3	AT2G42540;AT5G22500;AT5G24030	37.355	5.673532849997456	0.08031053406505154	1.0	200	377	200	1.0
CHH	gain	GO:0009653	anatomical structure morphogenesis	12	AT1G26960;AT1G49005;AT1G69940;AT1G79250;AT2G04160;AT2G07020;AT3G11260;AT3G26870;AT4G11880;AT5G16490;AT5G36260;AT5G44585	91.74	8.600720900017764	0.13080444735120994	1.0	200	377	200	1.0
CHH	gain	GO:0009657	plastid organization	6	AT1G24490;AT1G44575;AT2G42540;AT4G34090;AT5G23040;AT5G23120	23.14	4.484462063614768	0.25929127052722556	1.0	200	377	200	1.0
CHH	gain	GO:0009658	chloroplast organization	3	AT1G24490;AT4G34090;AT5G23040	17.33	3.861489349978851	0.17311021350259667	1.0	200	377	200	1.0
CHH	gain	GO:0009664	plant-type cell wall organization	10	AT1G05250;AT1G23720;AT2G27380;AT2G34070;AT3G28550;AT3G54580;AT3G54590;AT5G06630;AT5G16490;AT5G44585	12.025	3.086158615495968	0.8316008316008315	0.8009950248756219	160	377	200	1.0
CHH	gain	GO:0009698	phenylpropanoid metabolic process	5	AT1G05250;AT1G67980;AT1G67990;AT3G10340;AT5G22500	11.035	3.1102692809465857	0.45310376076121434	0.9950248756218906	199	377	200	1.0
CHH	gain	GO:0009699	phenylpropanoid biosynthetic process	4	AT1G67980;AT1G67990;AT3G10340;AT5G22500	7.36	2.4495713910804886	0.5434782608695652	0.9601990049751243	192	377	200	1.0
CHH	gain	GO:0009719	response to endogenous stimulus	22	AT1G26960;AT1G34170;AT1G34310;AT1G34390;AT1G34410;AT1G35240;AT1G35520;AT1G35540;AT1G49190;AT1G71930;AT2G04160;AT2G34070;AT2G42540;AT3G11260;AT3G45140;AT3G46620;AT3G57040;AT4G16890;AT4G23100;AT4G35770;AT5G24290;AT5G37500	103.585	8.949456687419689	0.21238596321861275	1.0	200	377	200	1.0
CHH	gain	GO:0009725	response to hormone	22	AT1G26960;AT1G34170;AT1G34310;AT1G34390;AT1G34410;AT1G35240;AT1G35520;AT1G35540;AT1G49190;AT1G71930;AT2G04160;AT2G34070;AT2G42540;AT3G11260;AT3G45140;AT3G46620;AT3G57040;AT4G16890;AT4G23100;AT4G35770;AT5G24290;AT5G37500	103.345	8.966937883134893	0.212879191059074	1.0	200	377	200	1.0
CHH	gain	GO:0009733	response to auxin	4	AT1G71930;AT2G04160;AT3G11260;AT4G16890	26.535	4.576983176722409	0.15074429998115696	1.0	200	377	200	1.0
CHH	gain	GO:0009735	response to cytokinin	3	AT1G49190;AT1G71930;AT3G57040	9.06	2.9960640847618727	0.3311258278145695	1.0	200	377	200	1.0
CHH	gain	GO:0009737	response to abscisic acid	4	AT1G71930;AT2G42540;AT3G46620;AT5G37500	41.155	5.944827583706683	0.09719353662981411	1.0	200	377	200	1.0
CHH	gain	GO:0009753	response to jasmonic acid	6	AT2G34070;AT3G45140;AT4G23100;AT4G35770;AT5G24290;AT5G37500	16.76	3.705725300126809	0.35799522673031026	1.0	200	377	200	1.0
CHH	gain	GO:0009755	hormone-mediated signaling pathway	3	AT1G49190;AT2G34070;AT3G57040	35.96	5.296074017609639	0.08342602892102335	1.0	200	377	200	1.0
CHH	gain	GO:0009791	post-embryonic development	22	AT1G23420;AT1G26960;AT1G55540;AT1G67990;AT1G73177;AT1G80340;AT2G04160;AT2G27380;AT2G31215;AT2G34880;AT2G48130;AT3G07610;AT3G46330;AT3G49240;AT4G11880;AT4G13610;AT4G19330;AT4G23100;AT4G25010;AT5G20320;AT5G23040;AT5G62165	131.325	9.969923520268392	0.16752332000761472	1.0	200	377	200	1.0
CHH	gain	GO:0009793	embryo development ending in seed dormancy	6	AT1G55540;AT2G34880;AT3G46330;AT3G49240;AT4G13610;AT5G23040	41.825	6.301140769733668	0.1434548714883443	1.0	200	377	200	1.0
CHH	gain	GO:0009798	axis specification	3	AT1G23420;AT5G20320;AT5G55250	6.745	2.3216319691113836	0.4447739065974796	0.9850746268656716	197	377	200	1.0
CHH	gain	GO:0009826	unidimensional cell growth	7	AT1G26960;AT1G69940;AT1G79250;AT2G07020;AT3G26870;AT5G16490;AT5G36260	27.65	4.63653965797771	0.25316455696202533	1.0	200	377	200	1.0
CHH	gain	GO:0009845	seed germination	4	AT1G80340;AT2G27380;AT2G48130;AT4G19330	9.99	3.0049792012591365	0.40040040040040037	0.9950248756218906	199	377	200	1.0
CHH	gain	GO:0009856	pollination	8	AT1G69940;AT1G76850;AT1G79250;AT2G07020;AT3G26870;AT4G16295;AT5G16490;AT5G36260	25.685	4.584296565450372	0.3114658360911038	1.0	200	377	200	1.0
CHH	gain	GO:0009860	pollen tube growth	6	AT1G69940;AT1G79250;AT2G07020;AT3G26870;AT5G16490;AT5G36260	13.25	3.182373328193912	0.4528301886792453	0.9850746268656716	197	377	200	1.0
CHH	gain	GO:0009889	regulation of biosynthetic process	42	AT1G19510;AT1G23420;AT1G24706;AT1G26960;AT1G34170;AT1G34310;AT1G34390;AT1G34410;AT1G35240;AT1G35520;AT1G35540;AT1G44120;AT1G49190;AT1G62310;AT1G71930;AT1G77980;AT2G02070;AT2G10440;AT2G24790;AT2G31215;AT2G34880;AT3G07610;AT3G32280;AT3G49250;AT3G57040;AT4G00130;AT4G00540;AT4G04030;AT4G11880;AT4G25530;AT5G04590;AT5G20320;AT5G22290;AT5G23080;AT5G24930;AT5G32670;AT5G33210;AT5G39690;AT5G40850;AT5G53660;AT5G61230;AT5G62165	194.645	11.472967140195236	0.2157774409823011	1.0	200	377	200	1.0
CHH	gain	GO:0009890	negative regulation of biosynthetic process	10	AT1G24706;AT2G34880;AT3G07610;AT3G32280;AT3G49250;AT4G04030;AT4G25530;AT5G04590;AT5G20320;AT5G23080	49.035	6.258096755404153	0.20393596410727033	1.0	200	377	200	1.0
CHH	gain	GO:0009891	positive regulation of biosynthetic process	9	AT1G71930;AT1G77980;AT2G02070;AT2G10440;AT4G11880;AT5G22290;AT5G40850;AT5G61230;AT5G62165	39.99	5.742812899616339	0.2250562640660165	1.0	200	377	200	1.0
CHH	gain	GO:0009892	negative regulation of metabolic process	12	AT1G24706;AT2G34880;AT3G07610;AT3G32280;AT3G49250;AT4G04030;AT4G25530;AT5G04590;AT5G20320;AT5G23080;AT5G44585;AT5G61230	56.045	6.707680299477581	0.21411365866714246	1.0	200	377	200	1.0
CHH	gain	GO:0009893	positive regulation of metabolic process	9	AT1G71930;AT1G77980;AT2G02070;AT2G10440;AT4G11880;AT5G22290;AT5G40850;AT5G61230;AT5G62165	47.935	6.47771371704551	0.18775425054761655	1.0	200	377	200	1.0
CHH	gain	GO:0009908	flower development	6	AT1G23420;AT2G31215;AT3G07610;AT4G23100;AT4G25010;AT5G62165	35.02	5.157480004808529	0.17133066818960593	1.0	200	377	200	1.0
CHH	gain	GO:0009909	regulation of flower development	6	AT2G24790;AT2G34880;AT4G25530;AT5G22290;AT5G24930;AT5G62165	15.595	3.4381644812312246	0.3847386983007374	1.0	200	377	200	1.0
CHH	gain	GO:0009932	cell tip growth	7	AT1G26960;AT1G69940;AT1G79250;AT2G07020;AT3G26870;AT5G16490;AT5G36260	16.345	3.4793641660510333	0.4282655246252677	0.9950248756218906	199	377	200	1.0
CHH	gain	GO:0009943	adaxial/abaxial axis specification	3	AT1G23420;AT5G20320;AT5G55250	3.48	1.6880758276807355	0.8620689655172414	0.7164179104477612	143	377	200	1.0
CHH	gain	GO:0009944	polarity specification of adaxial/abaxial axis	3	AT1G23420;AT5G20320;AT5G55250	3.04	1.5742934923323544	0.9868421052631579	0.6268656716417911	125	377	200	1.0
CHH	gain	GO:0009955	adaxial/abaxial pattern specification	3	AT1G23420;AT5G20320;AT5G55250	4.13	1.8174432590867866	0.7263922518159807	0.8059701492537313	161	377	200	1.0
CHH	gain	GO:0009987	cellular process	150	AT1G03475;AT1G05250;AT1G11450;AT1G11590;AT1G14110;AT1G17150;AT1G19890;AT1G21230;AT1G22650;AT1G23720;AT1G24490;AT1G24706;AT1G24880;AT1G26960;AT1G32180;AT1G33910;AT1G34065;AT1G36180;AT1G44120;AT1G44575;AT1G49005;AT1G49190;AT1G50490;AT1G53490;AT1G55540;AT1G58520;AT1G58525;AT1G62310;AT1G62930;AT1G65350;AT1G65550;AT1G67980;AT1G67990;AT1G69940;AT1G71920;AT1G71930;AT1G73177;AT1G76850;AT1G77100;AT1G79250;AT1G80340;AT2G01150;AT2G01450;AT2G01990;AT2G04062;AT2G04090;AT2G04160;AT2G07020;AT2G07681;AT2G07695;AT2G07698;AT2G07715;AT2G15470;AT2G16980;AT2G18660;AT2G22450;AT2G23600;AT2G24490;AT2G24790;AT2G27380;AT2G28640;AT2G30920;AT2G31900;AT2G32750;AT2G34070;AT2G34880;AT2G36710;AT2G38195;AT2G38220;AT2G42005;AT2G42540;AT2G42725;AT3G07610;AT3G08790;AT3G10340;AT3G10900;AT3G10950;AT3G26870;AT3G28550;AT3G29110;AT3G29190;AT3G30540;AT3G32280;AT3G42153;AT3G42550;AT3G43570;AT3G44370;AT3G45140;AT3G46620;AT3G49250;AT3G51860;AT3G51870;AT3G54580;AT3G54590;AT3G54860;AT3G55250;AT3G57040;AT3G60140;AT3G61230;AT4G00400;AT4G02130;AT4G03930;AT4G08630;AT4G08990;AT4G12780;AT4G14140;AT4G16295;AT4G16860;AT4G16890;AT4G18690;AT4G20170;AT4G23100;AT4G23560;AT4G25010;AT4G28850;AT4G31040;AT4G34090;AT5G02370;AT5G02920;AT5G04590;AT5G05760;AT5G06630;AT5G07420;AT5G10100;AT5G16490;AT5G17880;AT5G18990;AT5G19990;AT5G20320;AT5G22290;AT5G22500;AT5G22770;AT5G23040;AT5G23080;AT5G23120;AT5G24030;AT5G24290;AT5G28550;AT5G36260;AT5G37500;AT5G39770;AT5G40850;AT5G44585;AT5G44840;AT5G49010;AT5G53120;AT5G53660;AT5G55250;AT5G56970;AT5G61230	911.225	15.822590653871929	0.16461356964525775	1.0	200	377	200	1.0
CHH	gain	GO:0010015	root morphogenesis	6	AT1G26960;AT1G49005;AT2G04160;AT3G11260;AT4G11880;AT5G44585	30.72	4.786606313454243	0.1953125	1.0	200	377	200	1.0
CHH	gain	GO:0010038	response to metal ion	3	AT3G51860;AT4G23100;AT5G37500	20.285	4.091915810473137	0.14789253142716294	1.0	200	377	200	1.0
CHH	gain	GO:0010073	meristem maintenance	5	AT1G49005;AT3G11260;AT4G11880;AT5G20320;AT5G44585	17.41	3.843422953566263	0.2871912693854107	1.0	200	377	200	1.0
CHH	gain	GO:0010074	maintenance of meristem identity	4	AT1G49005;AT3G11260;AT4G11880;AT5G20320	7.125	2.399869788134348	0.5614035087719298	0.9353233830845771	187	377	200	1.0
CHH	gain	GO:0010087	phloem or xylem histogenesis	3	AT1G49005;AT1G71930;AT5G23080	10.905	3.0059898536089587	0.27510316368638243	1.0	200	377	200	1.0
CHH	gain	GO:0010114	response to red light	5	AT1G13245;AT1G80340;AT2G24790;AT5G17880;AT5G53660	6.63	2.5363556532947036	0.7541478129713424	0.8159203980099502	163	377	200	1.0
CHH	gain	GO:0010119	regulation of stomatal movement	3	AT3G51860;AT4G40100;AT5G37500	11.62	3.1836457089318233	0.25817555938037867	1.0	200	377	200	1.0
CHH	gain	GO:0010154	fruit development	9	AT1G55540;AT1G67990;AT2G34880;AT2G48130;AT3G46330;AT3G49240;AT4G13610;AT4G25010;AT5G23040	61.755	7.607560384249324	0.14573718727228563	1.0	200	377	200	1.0
CHH	gain	GO:0010218	response to far red light	3	AT1G13245;AT5G53660;AT5G61230	4.72	2.0812496246245913	0.6355932203389831	0.8557213930348259	171	377	200	1.0
CHH	gain	GO:0010467	gene expression	11	AT1G24706;AT1G62930;AT1G73177;AT2G07715;AT2G42725;AT3G10950;AT4G18690;AT5G20320;AT5G23040;AT5G23080;AT5G53660	117.51	9.765239372385997	0.09360905454854905	1.0	200	377	200	1.0
CHH	gain	GO:0010468	regulation of gene expression	39	AT1G19510;AT1G23420;AT1G24706;AT1G26960;AT1G34170;AT1G34310;AT1G34390;AT1G34410;AT1G35240;AT1G35520;AT1G35540;AT1G49190;AT1G62310;AT1G71930;AT1G77980;AT2G02070;AT2G10440;AT2G24790;AT2G31215;AT2G34880;AT3G07610;AT3G32280;AT3G49250;AT3G57040;AT4G00130;AT4G00540;AT4G04030;AT4G11880;AT4G25530;AT5G04590;AT5G20320;AT5G22290;AT5G23080;AT5G24930;AT5G32670;AT5G33210;AT5G39690;AT5G53660;AT5G62165	179.825	11.135276152839932	0.21687751981092732	1.0	200	377	200	1.0
CHH	gain	GO:0010556	regulation of macromolecule biosynthetic process	40	AT1G19510;AT1G23420;AT1G24706;AT1G26960;AT1G34170;AT1G34310;AT1G34390;AT1G34410;AT1G35240;AT1G35520;AT1G35540;AT1G44120;AT1G49190;AT1G62310;AT1G71930;AT1G77980;AT2G02070;AT2G10440;AT2G24790;AT2G31215;AT2G34880;AT3G07610;AT3G32280;AT3G49250;AT3G57040;AT4G00130;AT4G00540;AT4G04030;AT4G11880;AT4G25530;AT5G04590;AT5G20320;AT5G22290;AT5G23080;AT5G24930;AT5G32670;AT5G33210;AT5G39690;AT5G53660;AT5G62165	184.06	11.180178889445537	0.21732043898728676	1.0	200	377	200	1.0
CHH	gain	GO:0010557	positive regulation of macromolecule biosynthetic process	7	AT1G71930;AT1G77980;AT2G02070;AT2G10440;AT4G11880;AT5G22290;AT5G62165	34.95	5.468774999942839	0.20028612303290413	1.0	200	377	200	1.0
CHH	gain	GO:0010558	negative regulation of macromolecule biosynthetic process	10	AT1G24706;AT2G34880;AT3G07610;AT3G32280;AT3G49250;AT4G04030;AT4G25530;AT5G04590;AT5G20320;AT5G23080	47.6	6.220932405998302	0.21008403361344538	1.0	200	377	200	1.0
CHH	gain	GO:0010604	positive regulation of macromolecule metabolic process	7	AT1G71930;AT1G77980;AT2G02070;AT2G10440;AT4G11880;AT5G22290;AT5G62165	40.865	6.015544447512619	0.1712957298421632	1.0	200	377	200	1.0
CHH	gain	GO:0010605	negative regulation of macromolecule metabolic process	11	AT1G24706;AT2G34880;AT3G07610;AT3G32280;AT3G49250;AT4G04030;AT4G25530;AT5G04590;AT5G20320;AT5G23080;AT5G61230	51.685	6.451028987688689	0.2128277062977653	1.0	200	377	200	1.0
CHH	gain	GO:0010629	negative regulation of gene expression	8	AT1G24706;AT2G34880;AT3G07610;AT3G32280;AT3G49250;AT4G25530;AT5G20320;AT5G23080	32.075	5.164240021532667	0.24941543257989085	1.0	200	377	200	1.0
CHH	gain	GO:0010817	regulation of hormone levels	3	AT4G11880;AT5G55250;AT5G56970	25.0	4.688283267892419	0.12	1.0	200	377	200	1.0
CHH	gain	GO:0010876	lipid localization	3	AT2G48130;AT4G08670;AT4G25010	10.76	3.2545967492148717	0.2788104089219331	1.0	200	377	200	1.0
CHH	gain	GO:0015031	protein transport	3	AT3G08790;AT5G05760;AT5G22770	33.505	4.72122600602851	0.08953887479480674	1.0	200	377	200	1.0
CHH	gain	GO:0015849	organic acid transport	3	AT2G42005;AT2G48130;AT4G25010	7.875	2.6209492555179326	0.38095238095238093	0.9800995024875622	196	377	200	1.0
CHH	gain	GO:0016043	cellular component organization	39	AT1G05250;AT1G11590;AT1G23720;AT1G24490;AT1G44575;AT1G53490;AT1G62310;AT1G69940;AT2G01990;AT2G07681;AT2G27380;AT2G31900;AT2G34070;AT2G34880;AT2G36710;AT2G42540;AT3G07610;AT3G28550;AT3G32280;AT3G44370;AT3G49250;AT3G54580;AT3G54590;AT3G54860;AT3G55250;AT3G61230;AT4G03930;AT4G23100;AT4G34090;AT5G05760;AT5G06630;AT5G07420;AT5G16490;AT5G18990;AT5G20320;AT5G23040;AT5G23120;AT5G39770;AT5G44585	190.11	12.875088349211392	0.20514439008994792	1.0	200	377	200	1.0
CHH	gain	GO:0016049	cell growth	8	AT1G26960;AT1G44120;AT1G69940;AT1G79250;AT2G07020;AT3G26870;AT5G16490;AT5G36260	36.69	4.959223729577047	0.21804306350504227	1.0	200	377	200	1.0
CHH	gain	GO:0016051	carbohydrate biosynthetic process	3	AT1G32180;AT4G02130;AT5G10100	30.015	5.422616988134048	0.09995002498750624	1.0	200	377	200	1.0
CHH	gain	GO:0016052	carbohydrate catabolic process	8	AT1G11590;AT1G69940;AT2G36710;AT3G10900;AT3G30540;AT4G03930;AT5G07420;AT5G18990	17.18	3.922703149615074	0.46565774155995343	0.9950248756218906	199	377	200	1.0
CHH	gain	GO:0016070	RNA metabolic process	8	AT1G24706;AT1G62930;AT1G73177;AT2G42725;AT4G18690;AT5G20320;AT5G23080;AT5G53660	101.13	8.350035928066482	0.07910610105804411	1.0	200	377	200	1.0
CHH	gain	GO:0016071	mRNA metabolic process	3	AT1G24706;AT1G62930;AT5G23080	28.395	4.37938066397522	0.10565240359218173	1.0	200	377	200	1.0
CHH	gain	GO:0016101	diterpenoid metabolic process	3	AT1G80340;AT3G29110;AT3G29190	4.67	1.9751202495038127	0.6423982869379015	0.8656716417910447	173	377	200	1.0
CHH	gain	GO:0016102	diterpenoid biosynthetic process	3	AT1G80340;AT3G29110;AT3G29190	4.025	1.8095234179197568	0.7453416149068323	0.835820895522388	167	377	200	1.0
CHH	gain	GO:0016114	terpenoid biosynthetic process	3	AT1G80340;AT3G29110;AT3G29190	10.195	2.864781841606789	0.2942618930848455	0.9950248756218906	199	377	200	1.0
CHH	gain	GO:0016192	vesicle-mediated transport	7	AT1G76850;AT2G28640;AT3G08790;AT3G54860;AT4G12780;AT5G05760;AT5G22770	35.245	5.403237455452065	0.19860973187686198	1.0	200	377	200	1.0
CHH	gain	GO:0016567	protein ubiquitination	7	AT1G50490;AT1G53490;AT1G73177;AT2G01150;AT2G38195;AT2G38220;AT3G46620	43.75	6.356689389926177	0.16	1.0	200	377	200	1.0
CHH	gain	GO:0019219	regulation of nucleobase-containing compound metabolic process	32	AT1G19510;AT1G23420;AT1G26960;AT1G34170;AT1G34310;AT1G34390;AT1G34410;AT1G35240;AT1G35520;AT1G35540;AT1G49190;AT1G71930;AT1G77980;AT2G02070;AT2G10440;AT2G24790;AT2G31215;AT2G34880;AT3G57040;AT4G00130;AT4G00540;AT4G04030;AT4G11880;AT4G25530;AT5G04590;AT5G22290;AT5G24930;AT5G32670;AT5G33210;AT5G39690;AT5G53660;AT5G62165	150.59	10.425540753361508	0.21249750979480708	1.0	200	377	200	1.0
CHH	gain	GO:0019222	regulation of metabolic process	43	AT1G19510;AT1G23420;AT1G24706;AT1G26960;AT1G34170;AT1G34310;AT1G34390;AT1G34410;AT1G35240;AT1G35520;AT1G35540;AT1G44120;AT1G49190;AT1G62310;AT1G71930;AT1G77980;AT2G02070;AT2G10440;AT2G24790;AT2G31215;AT2G34880;AT3G07610;AT3G32280;AT3G49250;AT3G57040;AT4G00130;AT4G00540;AT4G04030;AT4G11880;AT4G25530;AT5G04590;AT5G20320;AT5G22290;AT5G23080;AT5G24930;AT5G32670;AT5G33210;AT5G39690;AT5G40850;AT5G44585;AT5G53660;AT5G61230;AT5G62165	219.16	12.194851372608213	0.19620368680416134	1.0	200	377	200	1.0
CHH	gain	GO:0019538	protein metabolic process	20	AT1G50490;AT1G53490;AT1G65350;AT1G73177;AT2G01150;AT2G01450;AT2G04160;AT2G07715;AT2G32750;AT2G38195;AT2G38220;AT3G08790;AT3G10950;AT3G42550;AT3G46620;AT5G02920;AT5G19990;AT5G23040;AT5G28550;AT5G36260	170.84	11.062748302298077	0.11706860220088972	1.0	200	377	200	1.0
CHH	gain	GO:0019637	organophosphate metabolic process	4	AT1G24880;AT1G36180;AT2G07698;AT4G00400	50.15	6.611921052160238	0.07976071784646062	1.0	200	377	200	1.0
CHH	gain	GO:0019725	cellular homeostasis	3	AT3G51860;AT4G31040;AT5G24030	19.13	3.732706792664008	0.15682174594877157	1.0	200	377	200	1.0
CHH	gain	GO:0019748	secondary metabolic process	6	AT1G05250;AT1G67980;AT1G67990;AT3G10340;AT4G23100;AT5G22500	15.59	3.7949835309260544	0.38486209108402825	1.0	200	377	200	1.0
CHH	gain	GO:0019752	carboxylic acid metabolic process	7	AT1G36180;AT1G71920;AT1G80340;AT2G23600;AT3G10340;AT3G45140;AT5G44585	60.86	6.841812625320855	0.11501807426881368	1.0	200	377	200	1.0
CHH	gain	GO:0019827	stem cell population maintenance	4	AT1G49005;AT3G11260;AT4G11880;AT5G20320	8.61	2.667939279668862	0.4645760743321719	0.9701492537313433	194	377	200	1.0
CHH	gain	GO:0019941	modification-dependent protein catabolic process	4	AT1G65350;AT3G08790;AT5G02920;AT5G19990	20.56	4.190035799369745	0.19455252918287938	1.0	200	377	200	1.0
CHH	gain	GO:0019953	sexual reproduction	5	AT1G19890;AT1G53490;AT2G01990;AT5G39770;AT5G61230	22.295	4.4359863615660435	0.22426553038797936	1.0	200	377	200	1.0
CHH	gain	GO:0021700	developmental maturation	3	AT1G26960;AT1G73177;AT1G77980	18.99	4.081654076474395	0.1579778830963665	1.0	200	377	200	1.0
CHH	gain	GO:0022402	cell cycle process	4	AT1G53490;AT2G01990;AT4G08630;AT5G39770	36.57	5.140534991613221	0.10937927262783702	1.0	200	377	200	1.0
CHH	gain	GO:0022414	reproductive process	30	AT1G19890;AT1G23420;AT1G53490;AT1G55540;AT1G67990;AT1G69940;AT1G73177;AT1G76850;AT1G79250;AT2G01990;AT2G07020;AT2G31215;AT2G34880;AT2G48130;AT3G07610;AT3G26870;AT3G46330;AT3G49240;AT4G11880;AT4G13610;AT4G16295;AT4G23100;AT4G25010;AT5G16490;AT5G20320;AT5G23040;AT5G36260;AT5G39770;AT5G61230;AT5G62165	147.09	10.894122268452819	0.20395676116663267	1.0	200	377	200	1.0
CHH	gain	GO:0022603	regulation of anatomical structure morphogenesis	3	AT1G62310;AT1G77980;AT5G44585	15.61	3.4099706743607108	0.19218449711723254	1.0	200	377	200	1.0
CHH	gain	GO:0022604	regulation of cell morphogenesis	3	AT1G62310;AT1G77980;AT5G44585	9.795	2.7537202109146826	0.30627871362940273	0.9950248756218906	199	377	200	1.0
CHH	gain	GO:0022607	cellular component assembly	12	AT1G53490;AT2G07681;AT2G42540;AT3G07610;AT3G32280;AT3G44370;AT3G49250;AT3G55250;AT3G61230;AT4G34090;AT5G16490;AT5G23120	55.875	6.886898794087232	0.21476510067114093	1.0	200	377	200	1.0
CHH	gain	GO:0022622	root system development	6	AT1G26960;AT1G49005;AT2G04160;AT3G11260;AT4G11880;AT5G44585	54.205	6.006078171319492	0.11069089567383084	1.0	200	377	200	1.0
CHH	gain	GO:0023052	signaling	14	AT1G21230;AT1G33910;AT1G49005;AT1G49190;AT1G58520;AT2G01450;AT2G24790;AT2G34070;AT2G42540;AT3G57040;AT4G16860;AT4G16890;AT5G17880;AT5G44585	98.25	8.459166625619854	0.14249363867684478	1.0	200	377	200	1.0
CHH	gain	GO:0030001	metal ion transport	5	AT2G07681;AT3G51860;AT4G31040;AT5G24290;AT5G37500	23.47	4.477622136804318	0.2130379207498935	1.0	200	377	200	1.0
CHH	gain	GO:0030154	cell differentiation	11	AT1G19890;AT1G26960;AT1G49005;AT1G69940;AT1G71930;AT1G79250;AT2G07020;AT3G26870;AT5G16490;AT5G36260;AT5G44585	52.57	6.871324472035966	0.20924481643522921	1.0	200	377	200	1.0
CHH	gain	GO:0030163	protein catabolic process	5	AT1G65350;AT3G08790;AT5G02920;AT5G19990;AT5G36260	25.28	4.593647787978509	0.19778481012658228	1.0	200	377	200	1.0
CHH	gain	GO:0031047	regulatory ncRNA-mediated gene silencing	7	AT1G24706;AT3G07610;AT3G32280;AT3G49250;AT4G25530;AT5G20320;AT5G23080	15.125	3.4898961302594658	0.4628099173553719	1.0	200	377	200	1.0
CHH	gain	GO:0031048	regulatory ncRNA-mediated heterochromatin formation	3	AT3G07610;AT3G32280;AT3G49250	6.535	2.3913960357916446	0.4590665646518745	0.9601990049751243	192	377	200	1.0
CHH	gain	GO:0031507	heterochromatin formation	3	AT3G07610;AT3G32280;AT3G49250	9.49	3.075695043400758	0.3161222339304531	0.9950248756218906	199	377	200	1.0
CHH	gain	GO:0032446	protein modification by small protein conjugation	7	AT1G50490;AT1G53490;AT1G73177;AT2G01150;AT2G38195;AT2G38220;AT3G46620	46.1	6.459876159803686	0.15184381778741865	1.0	200	377	200	1.0
CHH	gain	GO:0032501	multicellular organismal process	42	AT1G13245;AT1G19890;AT1G23420;AT1G26960;AT1G49005;AT1G55540;AT1G67990;AT1G69940;AT1G73177;AT1G76850;AT1G77980;AT1G79250;AT1G80340;AT2G04160;AT2G07020;AT2G27380;AT2G31215;AT2G34880;AT2G38195;AT2G38220;AT2G42540;AT2G48130;AT3G07610;AT3G11260;AT3G26870;AT3G46330;AT3G49240;AT4G11880;AT4G13610;AT4G16295;AT4G19330;AT4G23100;AT4G25010;AT5G16490;AT5G20320;AT5G23040;AT5G36260;AT5G44585;AT5G53660;AT5G55250;AT5G61230;AT5G62165	244.4	13.039555207137965	0.1718494271685761	1.0	200	377	200	1.0
CHH	gain	GO:0032502	developmental process	43	AT1G13245;AT1G19890;AT1G23420;AT1G26960;AT1G49005;AT1G55540;AT1G67990;AT1G69940;AT1G71930;AT1G73177;AT1G77980;AT1G79250;AT1G80340;AT2G04160;AT2G07020;AT2G27380;AT2G31215;AT2G34880;AT2G38195;AT2G38220;AT2G42540;AT2G48130;AT3G07610;AT3G11260;AT3G26870;AT3G46330;AT3G49240;AT4G00400;AT4G11880;AT4G13610;AT4G19330;AT4G23100;AT4G25010;AT5G16490;AT5G20320;AT5G23040;AT5G23080;AT5G36260;AT5G44585;AT5G53660;AT5G55250;AT5G61230;AT5G62165	260.94	13.657466822218623	0.16478884034643979	1.0	200	377	200	1.0
CHH	gain	GO:0032774	RNA biosynthetic process	8	AT1G24706;AT1G62930;AT1G73177;AT2G42725;AT4G18690;AT5G20320;AT5G23080;AT5G53660	71.155	7.219485785012656	0.11243060923336379	1.0	200	377	200	1.0
CHH	gain	GO:0032787	monocarboxylic acid metabolic process	5	AT1G36180;AT2G23600;AT3G10340;AT3G45140;AT5G44585	31.425	4.827460512526223	0.15910898965791567	1.0	200	377	200	1.0
CHH	gain	GO:0032870	cellular response to hormone stimulus	4	AT1G49190;AT1G71930;AT2G34070;AT3G57040	43.275	5.991608715528759	0.09243212016175621	1.0	200	377	200	1.0
CHH	gain	GO:0032879	regulation of localization	4	AT4G11880;AT4G12780;AT5G16490;AT5G23040	12.8	3.2999999999999936	0.3125	1.0	200	377	200	1.0
CHH	gain	GO:0033036	macromolecule localization	11	AT1G24490;AT1G24706;AT1G55540;AT2G48130;AT3G08790;AT3G44370;AT4G08670;AT4G23100;AT4G25010;AT5G05760;AT5G22770	59.185	6.379715902765561	0.18585790318492862	1.0	200	377	200	1.0
CHH	gain	GO:0033554	cellular response to stress	8	AT1G33910;AT1G58520;AT2G01150;AT2G24490;AT3G51860;AT4G23100;AT5G22290;AT5G39770	82.155	8.020035847800218	0.09737690950033473	1.0	200	377	200	1.0
CHH	gain	GO:0033993	response to lipid	10	AT1G26960;AT1G71930;AT2G34070;AT2G42540;AT3G45140;AT3G46620;AT4G23100;AT4G35770;AT5G24290;AT5G37500	70.285	7.625206554579388	0.14227786867752723	1.0	200	377	200	1.0
CHH	gain	GO:0034220	monoatomic ion transmembrane transport	8	AT1G58520;AT2G07695;AT2G07698;AT3G51860;AT4G31040;AT5G24030;AT5G24290;AT5G37500	38.285	5.506702733941637	0.20895912237168607	1.0	200	377	200	1.0
CHH	gain	GO:0034654	nucleobase-containing compound biosynthetic process	10	AT1G24706;AT1G36180;AT1G62930;AT1G73177;AT2G07698;AT2G42725;AT4G18690;AT5G20320;AT5G23080;AT5G53660	91.39	8.175444942019892	0.109421162052741	1.0	200	377	200	1.0
CHH	gain	GO:0035556	intracellular signal transduction	5	AT1G33910;AT1G49190;AT1G58520;AT2G01450;AT3G57040	31.875	5.2734594906948935	0.1568627450980392	1.0	200	377	200	1.0
CHH	gain	GO:0036211	protein modification process	8	AT1G50490;AT1G53490;AT1G73177;AT2G01150;AT2G01450;AT2G38195;AT2G38220;AT3G46620	77.755	7.5388974658102805	0.10288727413028102	1.0	200	377	200	1.0
CHH	gain	GO:0040007	growth	9	AT1G26960;AT1G44120;AT1G69940;AT1G79250;AT2G07020;AT3G26870;AT4G25010;AT5G16490;AT5G36260	43.89	5.41182963516035	0.20505809979494188	1.0	200	377	200	1.0
CHH	gain	GO:0040008	regulation of growth	4	AT1G77980;AT4G11880;AT4G12780;AT5G44585	24.52	4.371452847738381	0.1631321370309951	1.0	200	377	200	1.0
CHH	gain	GO:0040029	epigenetic regulation of gene expression	6	AT1G62310;AT2G34880;AT3G07610;AT3G32280;AT3G49250;AT5G20320	24.59	4.062253069418494	0.24400162667751119	1.0	200	377	200	1.0
CHH	gain	GO:0042221	response to chemical	33	AT1G05250;AT1G26960;AT1G34170;AT1G34310;AT1G34390;AT1G34410;AT1G35240;AT1G35520;AT1G35540;AT1G49190;AT1G58520;AT1G71930;AT1G77100;AT2G01150;AT2G04090;AT2G04160;AT2G34070;AT2G34880;AT2G42540;AT3G11260;AT3G45140;AT3G46620;AT3G51860;AT3G57040;AT4G16890;AT4G23100;AT4G35770;AT5G10100;AT5G24030;AT5G24290;AT5G36260;AT5G37500;AT5G61230	208.045	12.209953931117218	0.15861952942872937	1.0	200	377	200	1.0
CHH	gain	GO:0042545	cell wall modification	9	AT1G11590;AT1G69940;AT2G27380;AT2G34070;AT2G36710;AT4G03930;AT4G23100;AT5G07420;AT5G18990	13.09	3.1451391066215213	0.6875477463712758	0.945273631840796	189	377	200	1.0
CHH	gain	GO:0042546	cell wall biogenesis	4	AT1G14110;AT4G20170;AT4G28850;AT5G16490	17.885	4.06100664860327	0.22365110427732734	1.0	200	377	200	1.0
CHH	gain	GO:0042592	homeostatic process	3	AT3G51860;AT4G31040;AT5G24030	30.53	4.622672387266915	0.0982640026203734	1.0	200	377	200	1.0
CHH	gain	GO:0042742	defense response to bacterium	8	AT1G52940;AT1G64790;AT1G69940;AT4G16890;AT4G23100;AT4G33300;AT5G17880;AT5G53120	32.71	5.310922707025581	0.24457352491592785	1.0	200	377	200	1.0
CHH	gain	GO:0043170	macromolecule metabolic process	43	AT1G11590;AT1G24706;AT1G32180;AT1G50490;AT1G53490;AT1G62930;AT1G65350;AT1G69940;AT1G71930;AT1G73177;AT2G01150;AT2G01450;AT2G04160;AT2G07715;AT2G24490;AT2G32750;AT2G36710;AT2G38195;AT2G38220;AT2G42725;AT3G08790;AT3G10900;AT3G10950;AT3G30540;AT3G42550;AT3G46620;AT4G00400;AT4G02130;AT4G03930;AT4G18690;AT4G28850;AT5G02920;AT5G07420;AT5G18990;AT5G19990;AT5G20320;AT5G23040;AT5G23080;AT5G28550;AT5G36260;AT5G39770;AT5G49010;AT5G53660	339.895	15.540398160922846	0.12650965739419529	1.0	200	377	200	1.0
CHH	gain	GO:0043207	response to external biotic stimulus	20	AT1G52940;AT1G58390;AT1G64790;AT1G69940;AT1G71930;AT2G04450;AT2G15480;AT2G18660;AT3G45140;AT3G51860;AT3G51870;AT4G16860;AT4G16890;AT4G23100;AT4G33300;AT5G17880;AT5G20320;AT5G22290;AT5G44585;AT5G53120	96.155	8.512988605654208	0.20799750402995165	1.0	200	377	200	1.0
CHH	gain	GO:0043412	macromolecule modification	8	AT1G50490;AT1G53490;AT1G73177;AT2G01150;AT2G01450;AT2G38195;AT2G38220;AT3G46620	102.945	8.451152288297799	0.07771139929088348	1.0	200	377	200	1.0
CHH	gain	GO:0043436	oxoacid metabolic process	8	AT1G36180;AT1G71920;AT1G80340;AT2G23600;AT3G10340;AT3G45140;AT4G23100;AT5G44585	67.405	7.334233088742128	0.11868555745122765	1.0	200	377	200	1.0
CHH	gain	GO:0043632	modification-dependent macromolecule catabolic process	4	AT1G65350;AT3G08790;AT5G02920;AT5G19990	20.845	4.217934921261833	0.1918925401775006	1.0	200	377	200	1.0
CHH	gain	GO:0043687	post-translational protein modification	7	AT1G50490;AT1G53490;AT1G73177;AT2G01150;AT2G38195;AT2G38220;AT3G46620	54.275	6.686506935612971	0.12897282358360204	1.0	200	377	200	1.0
CHH	gain	GO:0043933	protein-containing complex organization	6	AT2G07681;AT2G42540;AT3G44370;AT3G55250;AT4G34090;AT5G23120	28.315	4.696357631186101	0.2119018188239449	1.0	200	377	200	1.0
CHH	gain	GO:0044085	cellular component biogenesis	15	AT1G14110;AT1G53490;AT2G07681;AT2G42540;AT3G07610;AT3G32280;AT3G44370;AT3G49250;AT3G55250;AT3G61230;AT4G20170;AT4G28850;AT4G34090;AT5G16490;AT5G23120	82.285	9.055041413488947	0.18229324907334266	1.0	200	377	200	1.0
CHH	gain	GO:0044238	primary metabolic process	64	AT1G11590;AT1G17150;AT1G22650;AT1G24706;AT1G24880;AT1G32180;AT1G36180;AT1G50490;AT1G53490;AT1G58525;AT1G62930;AT1G65350;AT1G69940;AT1G71920;AT1G71930;AT1G73177;AT1G80340;AT2G01150;AT2G01450;AT2G04062;AT2G04160;AT2G07698;AT2G07715;AT2G15470;AT2G24490;AT2G32750;AT2G36710;AT2G38195;AT2G38220;AT2G42725;AT3G08790;AT3G10340;AT3G10900;AT3G10950;AT3G29110;AT3G29190;AT3G30540;AT3G42153;AT3G42550;AT3G43570;AT3G45140;AT3G46620;AT3G60140;AT4G00400;AT4G02130;AT4G03930;AT4G18690;AT4G23560;AT4G28850;AT5G02920;AT5G07420;AT5G10100;AT5G18990;AT5G19990;AT5G20320;AT5G23040;AT5G23080;AT5G28550;AT5G36260;AT5G39770;AT5G44585;AT5G44840;AT5G49010;AT5G53660	479.72	17.765742314914817	0.13341115650796298	1.0	200	377	200	1.0
CHH	gain	GO:0044272	sulfur compound biosynthetic process	3	AT1G36180;AT4G23100;AT5G44585	12.15	3.316247879758086	0.24691358024691357	1.0	200	377	200	1.0
CHH	gain	GO:0044281	small molecule metabolic process	11	AT1G36180;AT1G71920;AT1G80340;AT2G07698;AT2G22450;AT2G23600;AT2G30920;AT3G10340;AT3G45140;AT4G23100;AT5G44585	103.455	8.630062282509995	0.1063264221158958	1.0	200	377	200	1.0
CHH	gain	GO:0044283	small molecule biosynthetic process	9	AT1G36180;AT1G71920;AT1G80340;AT2G22450;AT2G23600;AT2G30920;AT3G10340;AT3G45140;AT5G44585	43.495	5.570455546901003	0.20692033567076676	1.0	200	377	200	1.0
CHH	gain	GO:0044419	biological process involved in interspecies interaction between organisms	20	AT1G52940;AT1G58390;AT1G64790;AT1G69940;AT1G71930;AT2G04450;AT2G15480;AT2G18660;AT3G45140;AT3G51860;AT3G51870;AT4G16860;AT4G16890;AT4G23100;AT4G33300;AT5G17880;AT5G20320;AT5G22290;AT5G44585;AT5G53120	97.395	8.628381945648973	0.20534935058267878	1.0	200	377	200	1.0
CHH	gain	GO:0044550	secondary metabolite biosynthetic process	5	AT1G67980;AT1G67990;AT3G10340;AT4G23100;AT5G22500	8.69	2.676546282058282	0.5753739930955121	0.9402985074626866	188	377	200	1.0
CHH	gain	GO:0044706	multi-multicellular organism process	8	AT1G69940;AT1G76850;AT1G79250;AT2G07020;AT3G26870;AT4G16295;AT5G16490;AT5G36260	25.685	4.584296565450372	0.3114658360911038	1.0	200	377	200	1.0
CHH	gain	GO:0045087	innate immune response	3	AT1G64790;AT5G20320;AT5G22290	14.795	3.7219584898276357	0.2027712064886786	1.0	200	377	200	1.0
CHH	gain	GO:0045184	establishment of protein localization	4	AT3G08790;AT3G44370;AT5G05760;AT5G22770	36.86	5.242175121073326	0.10851871947911015	1.0	200	377	200	1.0
CHH	gain	GO:0045229	external encapsulating structure organization	17	AT1G05250;AT1G11590;AT1G23720;AT1G69940;AT2G27380;AT2G34070;AT2G36710;AT3G28550;AT3G54580;AT3G54590;AT4G03930;AT4G23100;AT5G06630;AT5G07420;AT5G16490;AT5G18990;AT5G44585	27.37	4.786762998102149	0.6211180124223602	0.9950248756218906	199	377	200	1.0
CHH	gain	GO:0045488	pectin metabolic process	7	AT1G11590;AT1G69940;AT2G36710;AT4G02130;AT4G03930;AT5G07420;AT5G18990	12.15	3.4230834053525485	0.5761316872427983	0.9751243781094527	195	377	200	1.0
CHH	gain	GO:0045490	pectin catabolic process	6	AT1G11590;AT1G69940;AT2G36710;AT4G03930;AT5G07420;AT5G18990	6.21	2.4486526907669055	0.966183574879227	0.6019900497512438	120	377	200	1.0
CHH	gain	GO:0045814	negative regulation of gene expression, epigenetic	5	AT2G34880;AT3G07610;AT3G32280;AT3G49250;AT5G20320	14.95	3.6245689398878893	0.33444816053511706	1.0	200	377	200	1.0
CHH	gain	GO:0045892	negative regulation of DNA-templated transcription	3	AT2G34880;AT4G04030;AT5G04590	17.64	3.792149786071221	0.17006802721088435	1.0	200	377	200	1.0
CHH	gain	GO:0045893	positive regulation of DNA-templated transcription	7	AT1G71930;AT1G77980;AT2G02070;AT2G10440;AT4G11880;AT5G22290;AT5G62165	26.675	4.835222332013273	0.2624179943767573	1.0	200	377	200	1.0
CHH	gain	GO:0045934	negative regulation of nucleobase-containing compound metabolic process	3	AT2G34880;AT4G04030;AT5G04590	21.035	4.006716236520871	0.14261944378416924	1.0	200	377	200	1.0
CHH	gain	GO:0045944	positive regulation of transcription by RNA polymerase II	3	AT1G77980;AT4G11880;AT5G62165	6.065	2.391814165022023	0.49464138499587795	0.9552238805970149	191	377	200	1.0
CHH	gain	GO:0046394	carboxylic acid biosynthetic process	7	AT1G36180;AT1G71920;AT1G80340;AT2G23600;AT3G10340;AT3G45140;AT5G44585	33.725	4.986920392386444	0.20756115641215714	1.0	200	377	200	1.0
CHH	gain	GO:0046907	intracellular transport	5	AT1G24706;AT1G55540;AT3G08790;AT5G05760;AT5G22770	40.445	5.612216585271814	0.12362467548522685	1.0	200	377	200	1.0
CHH	gain	GO:0046942	carboxylic acid transport	3	AT2G42005;AT2G48130;AT4G25010	7.875	2.6209492555179326	0.38095238095238093	0.9800995024875622	196	377	200	1.0
CHH	gain	GO:0047484	regulation of response to osmotic stress	3	AT1G26960;AT2G01150;AT2G34880	4.695	2.322062660653238	0.6389776357827476	0.7860696517412935	157	377	200	1.0
CHH	gain	GO:0048229	gametophyte development	9	AT1G19890;AT1G73177;AT1G77980;AT2G34880;AT2G38195;AT2G38220;AT3G07610;AT5G36260;AT5G61230	47.955	6.3798883219066305	0.1876759461995621	1.0	200	377	200	1.0
CHH	gain	GO:0048285	organelle fission	3	AT1G53490;AT2G01990;AT5G39770	17.685	3.7610869439564962	0.16963528413910095	1.0	200	377	200	1.0
CHH	gain	GO:0048316	seed development	9	AT1G55540;AT1G67990;AT2G34880;AT2G48130;AT3G46330;AT3G49240;AT4G13610;AT4G25010;AT5G23040	58.87	7.373811768685224	0.15287922541192459	1.0	200	377	200	1.0
CHH	gain	GO:0048364	root development	6	AT1G26960;AT1G49005;AT2G04160;AT3G11260;AT4G11880;AT5G44585	54.02	5.973240326656875	0.11106997408367271	1.0	200	377	200	1.0
CHH	gain	GO:0048366	leaf development	4	AT2G42540;AT3G07610;AT5G53660;AT5G62165	30.7	5.109794516416488	0.13029315960912052	1.0	200	377	200	1.0
CHH	gain	GO:0048367	shoot system development	10	AT1G13245;AT1G23420;AT1G73177;AT2G31215;AT2G42540;AT3G07610;AT4G23100;AT4G25010;AT5G53660;AT5G62165	67.775	7.2934474016064605	0.14754703061600885	1.0	200	377	200	1.0
CHH	gain	GO:0048437	floral organ development	4	AT1G23420;AT2G31215;AT4G25010;AT5G62165	24.085	4.225846069132199	0.16607847207805687	1.0	200	377	200	1.0
CHH	gain	GO:0048438	floral whorl development	3	AT1G23420;AT2G31215;AT4G25010	20.335	3.8746322406132845	0.1475288910745021	1.0	200	377	200	1.0
CHH	gain	GO:0048468	cell development	7	AT1G26960;AT1G69940;AT1G79250;AT2G07020;AT3G26870;AT5G16490;AT5G36260	25.755	4.489429251029582	0.27179188507086005	1.0	200	377	200	1.0
CHH	gain	GO:0048507	meristem development	5	AT1G49005;AT3G11260;AT4G11880;AT5G20320;AT5G44585	25.98	4.660429164787284	0.1924557351809084	1.0	200	377	200	1.0
CHH	gain	GO:0048511	rhythmic process	3	AT2G42540;AT3G57040;AT5G24930	11.75	3.2691742076555053	0.2553191489361702	1.0	200	377	200	1.0
CHH	gain	GO:0048518	positive regulation of biological process	17	AT1G71930;AT1G77980;AT2G01150;AT2G01450;AT2G02070;AT2G04450;AT2G10440;AT2G34880;AT3G11260;AT4G11880;AT4G25530;AT5G22290;AT5G23040;AT5G37500;AT5G40850;AT5G61230;AT5G62165	88.8	8.393449827097362	0.19144144144144146	1.0	200	377	200	1.0
CHH	gain	GO:0048519	negative regulation of biological process	16	AT1G13245;AT1G24706;AT2G32710;AT2G34880;AT3G07610;AT3G32280;AT3G49250;AT4G04030;AT4G12780;AT4G25530;AT5G04590;AT5G20320;AT5G22290;AT5G23080;AT5G44585;AT5G61230	95.91	8.865207273380655	0.16682306328849963	1.0	200	377	200	1.0
CHH	gain	GO:0048522	positive regulation of cellular process	14	AT1G71930;AT1G77980;AT2G01150;AT2G01450;AT2G02070;AT2G04450;AT2G10440;AT4G11880;AT5G22290;AT5G23040;AT5G37500;AT5G40850;AT5G61230;AT5G62165	68.67	7.307605627016283	0.2038735983690112	1.0	200	377	200	1.0
CHH	gain	GO:0048523	negative regulation of cellular process	15	AT1G13245;AT1G24706;AT2G32710;AT2G34880;AT3G07610;AT3G32280;AT3G49250;AT4G04030;AT4G12780;AT4G25530;AT5G04590;AT5G20320;AT5G23080;AT5G44585;AT5G61230	76.055	8.43812627305364	0.19722569193346917	1.0	200	377	200	1.0
CHH	gain	GO:0048580	regulation of post-embryonic development	6	AT2G24790;AT2G34880;AT4G25530;AT5G22290;AT5G24930;AT5G62165	35.36	5.2792423698860445	0.16968325791855204	1.0	200	377	200	1.0
CHH	gain	GO:0048583	regulation of response to stimulus	7	AT1G26960;AT2G01150;AT2G04450;AT2G24790;AT2G34880;AT3G51860;AT5G44585	77.22	7.688406857080352	0.09065009065009065	1.0	200	377	200	1.0
CHH	gain	GO:0048584	positive regulation of response to stimulus	3	AT2G01150;AT2G04450;AT2G34880	25.825	4.7722505173136165	0.11616650532429816	1.0	200	377	200	1.0
CHH	gain	GO:0048588	developmental cell growth	7	AT1G26960;AT1G69940;AT1G79250;AT2G07020;AT3G26870;AT5G16490;AT5G36260	19.63	3.680095107466659	0.35659704533876724	1.0	200	377	200	1.0
CHH	gain	GO:0048589	developmental growth	8	AT1G26960;AT1G69940;AT1G79250;AT2G07020;AT3G26870;AT4G25010;AT5G16490;AT5G36260	38.5	5.286775955154526	0.2077922077922078	1.0	200	377	200	1.0
CHH	gain	GO:0048608	reproductive structure development	17	AT1G23420;AT1G55540;AT1G67990;AT1G73177;AT2G31215;AT2G34880;AT2G48130;AT3G07610;AT3G46330;AT3G49240;AT4G11880;AT4G13610;AT4G23100;AT4G25010;AT5G20320;AT5G23040;AT5G62165	107.32	9.341712905029839	0.15840477077897877	1.0	200	377	200	1.0
CHH	gain	GO:0048609	multicellular organismal reproductive process	4	AT1G19890;AT2G01990;AT4G25010;AT5G61230	16.035	3.5614287863159677	0.2494543186778921	1.0	200	377	200	1.0
CHH	gain	GO:0048638	regulation of developmental growth	3	AT1G77980;AT4G11880;AT5G44585	18.08	3.7647841903620556	0.16592920353982302	1.0	200	377	200	1.0
CHH	gain	GO:0048731	system development	25	AT1G13245;AT1G23420;AT1G26960;AT1G49005;AT1G55540;AT1G67990;AT1G73177;AT2G04160;AT2G31215;AT2G34880;AT2G42540;AT2G48130;AT3G07610;AT3G11260;AT3G46330;AT3G49240;AT4G11880;AT4G13610;AT4G23100;AT4G25010;AT5G20320;AT5G23040;AT5G44585;AT5G53660;AT5G62165	170.63	11.169740372990043	0.14651585301529627	1.0	200	377	200	1.0
CHH	gain	GO:0048827	phyllome development	8	AT1G23420;AT1G73177;AT2G31215;AT2G42540;AT3G07610;AT4G25010;AT5G53660;AT5G62165	46.98	6.075327151684953	0.17028522775649213	1.0	200	377	200	1.0
CHH	gain	GO:0048831	regulation of shoot system development	6	AT2G24790;AT2G34880;AT4G25530;AT5G22290;AT5G24930;AT5G62165	16.655	3.5504894028851774	0.36025217652356645	1.0	200	377	200	1.0
CHH	gain	GO:0048856	anatomical structure development	43	AT1G13245;AT1G19890;AT1G23420;AT1G26960;AT1G49005;AT1G55540;AT1G67990;AT1G69940;AT1G71930;AT1G73177;AT1G77980;AT1G79250;AT1G80340;AT2G04160;AT2G07020;AT2G27380;AT2G31215;AT2G34880;AT2G38195;AT2G38220;AT2G42540;AT2G48130;AT3G07610;AT3G11260;AT3G26870;AT3G46330;AT3G49240;AT4G00400;AT4G11880;AT4G13610;AT4G19330;AT4G23100;AT4G25010;AT5G16490;AT5G20320;AT5G23040;AT5G23080;AT5G36260;AT5G44585;AT5G53660;AT5G55250;AT5G61230;AT5G62165	255.105	13.421772423938886	0.16855804472668118	1.0	200	377	200	1.0
CHH	gain	GO:0048868	pollen tube development	6	AT1G69940;AT1G79250;AT2G07020;AT3G26870;AT5G16490;AT5G36260	18.875	3.826143619886736	0.31788079470198677	1.0	200	377	200	1.0
CHH	gain	GO:0048869	cellular developmental process	12	AT1G19890;AT1G26960;AT1G49005;AT1G69940;AT1G71930;AT1G79250;AT2G07020;AT3G07610;AT3G26870;AT5G16490;AT5G36260;AT5G44585	58.755	7.225993011344491	0.2042379371968343	1.0	200	377	200	1.0
CHH	gain	GO:0048878	chemical homeostasis	3	AT3G51860;AT4G31040;AT5G24030	27.555	4.265791251338967	0.10887316276537834	1.0	200	377	200	1.0
CHH	gain	GO:0050789	regulation of biological process	64	AT1G13245;AT1G19510;AT1G21230;AT1G23420;AT1G24706;AT1G26960;AT1G33910;AT1G34170;AT1G34310;AT1G34390;AT1G34410;AT1G35240;AT1G35520;AT1G35540;AT1G44120;AT1G49005;AT1G49190;AT1G58520;AT1G62310;AT1G71930;AT1G77980;AT2G01150;AT2G01450;AT2G02070;AT2G04450;AT2G10440;AT2G24790;AT2G31215;AT2G32710;AT2G34070;AT2G34880;AT2G42540;AT3G07610;AT3G11260;AT3G32280;AT3G49250;AT3G51860;AT3G57040;AT4G00130;AT4G00540;AT4G04030;AT4G11880;AT4G12780;AT4G16860;AT4G16890;AT4G25530;AT4G40100;AT5G04590;AT5G16490;AT5G17880;AT5G20320;AT5G22290;AT5G23040;AT5G23080;AT5G24930;AT5G32670;AT5G33210;AT5G37500;AT5G39690;AT5G40850;AT5G44585;AT5G53660;AT5G61230;AT5G62165	373.69	14.581285951520073	0.17126495223313443	1.0	200	377	200	1.0
CHH	gain	GO:0050793	regulation of developmental process	12	AT1G49005;AT1G62310;AT1G77980;AT2G24790;AT2G34880;AT3G11260;AT4G11880;AT4G25530;AT5G22290;AT5G24930;AT5G44585;AT5G62165	77.925	8.253446249900717	0.1539942252165544	1.0	200	377	200	1.0
CHH	gain	GO:0050794	regulation of cellular process	63	AT1G13245;AT1G19510;AT1G21230;AT1G23420;AT1G24706;AT1G26960;AT1G33910;AT1G34170;AT1G34310;AT1G34390;AT1G34410;AT1G35240;AT1G35520;AT1G35540;AT1G44120;AT1G49005;AT1G49190;AT1G58520;AT1G62310;AT1G71930;AT1G77980;AT2G01150;AT2G01450;AT2G02070;AT2G04450;AT2G10440;AT2G24790;AT2G31215;AT2G32710;AT2G34070;AT2G34880;AT2G42540;AT3G07610;AT3G32280;AT3G49250;AT3G51860;AT3G57040;AT4G00130;AT4G00540;AT4G04030;AT4G11880;AT4G12780;AT4G16860;AT4G16890;AT4G25530;AT4G40100;AT5G04590;AT5G16490;AT5G17880;AT5G20320;AT5G22290;AT5G23040;AT5G23080;AT5G24930;AT5G32670;AT5G33210;AT5G37500;AT5G39690;AT5G40850;AT5G44585;AT5G53660;AT5G61230;AT5G62165	338.775	14.147945963990942	0.18596413548815588	1.0	200	377	200	1.0
CHH	gain	GO:0050801	monoatomic ion homeostasis	3	AT3G51860;AT4G31040;AT5G24030	17.045	3.490411866814566	0.1760046934584922	1.0	200	377	200	1.0
CHH	gain	GO:0050832	defense response to fungus	4	AT1G52940;AT1G71930;AT4G16860;AT4G23100	21.04	4.445042182027079	0.19011406844106465	1.0	200	377	200	1.0
CHH	gain	GO:0050896	response to stimulus	68	AT1G05250;AT1G13245;AT1G21230;AT1G26960;AT1G33910;AT1G34170;AT1G34310;AT1G34390;AT1G34410;AT1G35240;AT1G35520;AT1G35540;AT1G44575;AT1G49190;AT1G52940;AT1G58390;AT1G58520;AT1G64790;AT1G69940;AT1G71930;AT1G77100;AT1G80340;AT2G01150;AT2G01450;AT2G02130;AT2G04090;AT2G04160;AT2G04450;AT2G15480;AT2G17690;AT2G18660;AT2G24490;AT2G24790;AT2G34070;AT2G34880;AT2G42540;AT3G10340;AT3G11260;AT3G45140;AT3G46620;AT3G51860;AT3G51870;AT3G57040;AT4G16860;AT4G16890;AT4G19330;AT4G23100;AT4G31040;AT4G33300;AT4G35770;AT4G40100;AT5G04590;AT5G10100;AT5G17880;AT5G20320;AT5G22290;AT5G22500;AT5G23040;AT5G24030;AT5G24290;AT5G36260;AT5G37500;AT5G39770;AT5G40850;AT5G44585;AT5G53120;AT5G53660;AT5G61230	419.145	16.305642428313707	0.1622350260649656	1.0	200	377	200	1.0
CHH	gain	GO:0051049	regulation of transport	4	AT4G11880;AT4G12780;AT5G16490;AT5G23040	10.975	3.066655344181997	0.36446469248291574	0.9950248756218906	199	377	200	1.0
CHH	gain	GO:0051128	regulation of cellular component organization	5	AT1G77980;AT2G01450;AT4G12780;AT5G16490;AT5G44585	24.73	4.691172561311301	0.2021835826930853	1.0	200	377	200	1.0
CHH	gain	GO:0051179	localization	32	AT1G11450;AT1G24490;AT1G24706;AT1G34065;AT1G55540;AT1G58520;AT1G65550;AT1G76850;AT2G04090;AT2G07681;AT2G07695;AT2G07698;AT2G16980;AT2G28640;AT2G42005;AT2G48130;AT3G08790;AT3G44370;AT3G51860;AT3G51870;AT3G54860;AT4G08670;AT4G12780;AT4G23100;AT4G25010;AT4G31040;AT5G05760;AT5G16490;AT5G22770;AT5G24030;AT5G24290;AT5G37500	203.06	12.68015772772552	0.15758888998325618	1.0	200	377	200	1.0
CHH	gain	GO:0051234	establishment of localization	30	AT1G11450;AT1G24706;AT1G34065;AT1G55540;AT1G58520;AT1G65550;AT1G76850;AT2G04090;AT2G07681;AT2G07695;AT2G07698;AT2G16980;AT2G28640;AT2G42005;AT2G48130;AT3G08790;AT3G44370;AT3G51860;AT3G51870;AT3G54860;AT4G08670;AT4G12780;AT4G25010;AT4G31040;AT5G05760;AT5G16490;AT5G22770;AT5G24030;AT5G24290;AT5G37500	192.415	12.520494199511571	0.1559130005456955	1.0	200	377	200	1.0
CHH	gain	GO:0051239	regulation of multicellular organismal process	8	AT1G77980;AT2G24790;AT2G34880;AT3G11260;AT4G25530;AT5G22290;AT5G24930;AT5G62165	45.375	5.728383279774489	0.1763085399449036	1.0	200	377	200	1.0
CHH	gain	GO:0051252	regulation of RNA metabolic process	32	AT1G19510;AT1G23420;AT1G26960;AT1G34170;AT1G34310;AT1G34390;AT1G34410;AT1G35240;AT1G35520;AT1G35540;AT1G49190;AT1G71930;AT1G77980;AT2G02070;AT2G10440;AT2G24790;AT2G31215;AT2G34880;AT3G57040;AT4G00130;AT4G00540;AT4G04030;AT4G11880;AT4G25530;AT5G04590;AT5G22290;AT5G24930;AT5G32670;AT5G33210;AT5G39690;AT5G53660;AT5G62165	143.105	10.361176332830254	0.22361203312253242	1.0	200	377	200	1.0
CHH	gain	GO:0051253	negative regulation of RNA metabolic process	3	AT2G34880;AT4G04030;AT5G04590	19.21	4.010723126818901	0.15616866215512754	1.0	200	377	200	1.0
CHH	gain	GO:0051254	positive regulation of RNA metabolic process	7	AT1G71930;AT1G77980;AT2G02070;AT2G10440;AT4G11880;AT5G22290;AT5G62165	30.19	5.016363224488424	0.23186485591255382	1.0	200	377	200	1.0
CHH	gain	GO:0051321	meiotic cell cycle	3	AT1G53490;AT2G01990;AT5G39770	17.285	3.6883295677040553	0.17356089094590685	1.0	200	377	200	1.0
CHH	gain	GO:0051641	cellular localization	7	AT1G24706;AT1G55540;AT3G08790;AT3G44370;AT5G05760;AT5G16490;AT5G22770	47.56	6.003865421543002	0.1471825063078217	1.0	200	377	200	1.0
CHH	gain	GO:0051649	establishment of localization in cell	6	AT1G24706;AT1G55540;AT3G08790;AT5G05760;AT5G16490;AT5G22770	43.19	5.850119656895933	0.13892104653855059	1.0	200	377	200	1.0
CHH	gain	GO:0051707	response to other organism	20	AT1G52940;AT1G58390;AT1G64790;AT1G69940;AT1G71930;AT2G04450;AT2G15480;AT2G18660;AT3G45140;AT3G51860;AT3G51870;AT4G16860;AT4G16890;AT4G23100;AT4G33300;AT5G17880;AT5G20320;AT5G22290;AT5G44585;AT5G53120	96.155	8.512988605654208	0.20799750402995165	1.0	200	377	200	1.0
CHH	gain	GO:0051716	cellular response to stimulus	21	AT1G05250;AT1G21230;AT1G33910;AT1G49190;AT1G58520;AT1G71930;AT1G77100;AT2G01150;AT2G01450;AT2G24490;AT2G24790;AT2G34070;AT2G42540;AT3G51860;AT3G57040;AT4G16860;AT4G16890;AT4G23100;AT5G17880;AT5G22290;AT5G39770	190.375	11.945475084733932	0.1103086014445174	1.0	200	377	200	1.0
CHH	gain	GO:0055082	intracellular chemical homeostasis	3	AT3G51860;AT4G31040;AT5G24030	17.22	3.5045113782095254	0.17421602787456447	1.0	200	377	200	1.0
CHH	gain	GO:0055085	transmembrane transport	16	AT1G11450;AT1G34065;AT1G58520;AT1G65550;AT2G04090;AT2G07695;AT2G07698;AT2G16980;AT2G42005;AT3G51860;AT3G51870;AT4G25010;AT4G31040;AT5G24030;AT5G24290;AT5G37500	109.005	9.48972997508364	0.14678225769460118	1.0	200	377	200	1.0
CHH	gain	GO:0060255	regulation of macromolecule metabolic process	41	AT1G19510;AT1G23420;AT1G24706;AT1G26960;AT1G34170;AT1G34310;AT1G34390;AT1G34410;AT1G35240;AT1G35520;AT1G35540;AT1G44120;AT1G49190;AT1G62310;AT1G71930;AT1G77980;AT2G02070;AT2G10440;AT2G24790;AT2G31215;AT2G34880;AT3G07610;AT3G32280;AT3G49250;AT3G57040;AT4G00130;AT4G00540;AT4G04030;AT4G11880;AT4G25530;AT5G04590;AT5G20320;AT5G22290;AT5G23080;AT5G24930;AT5G32670;AT5G33210;AT5G39690;AT5G53660;AT5G61230;AT5G62165	195.285	11.384365375373509	0.20994956089817446	1.0	200	377	200	1.0
CHH	gain	GO:0060560	developmental growth involved in morphogenesis	7	AT1G26960;AT1G69940;AT1G79250;AT2G07020;AT3G26870;AT5G16490;AT5G36260	31.975	4.825388585388729	0.21892103205629396	1.0	200	377	200	1.0
CHH	gain	GO:0061024	membrane organization	4	AT1G44575;AT2G42540;AT3G44370;AT5G05760	13.285	3.5275735286454326	0.301091456529921	1.0	200	377	200	1.0
CHH	gain	GO:0061458	reproductive system development	17	AT1G23420;AT1G55540;AT1G67990;AT1G73177;AT2G31215;AT2G34880;AT2G48130;AT3G07610;AT3G46330;AT3G49240;AT4G11880;AT4G13610;AT4G23100;AT4G25010;AT5G20320;AT5G23040;AT5G62165	107.32	9.341712905029839	0.15840477077897877	1.0	200	377	200	1.0
CHH	gain	GO:0065001	specification of axis polarity	3	AT1G23420;AT5G20320;AT5G55250	4.03	1.8517829246431663	0.7444168734491314	0.8159203980099502	163	377	200	1.0
CHH	gain	GO:0065003	protein-containing complex assembly	6	AT2G07681;AT2G42540;AT3G44370;AT3G55250;AT4G34090;AT5G23120	26.115	4.476804105609271	0.22975301550832855	1.0	200	377	200	1.0
CHH	gain	GO:0065007	biological regulation	67	AT1G13245;AT1G19510;AT1G21230;AT1G23420;AT1G24706;AT1G26960;AT1G33910;AT1G34170;AT1G34310;AT1G34390;AT1G34410;AT1G35240;AT1G35520;AT1G35540;AT1G44120;AT1G49005;AT1G49190;AT1G58520;AT1G62310;AT1G71930;AT1G77980;AT2G01150;AT2G01450;AT2G02070;AT2G04450;AT2G10440;AT2G24790;AT2G31215;AT2G32710;AT2G34070;AT2G34880;AT2G42540;AT3G07610;AT3G11260;AT3G32280;AT3G49250;AT3G51860;AT3G57040;AT4G00130;AT4G00540;AT4G04030;AT4G11880;AT4G12780;AT4G16860;AT4G16890;AT4G25530;AT4G31040;AT4G40100;AT5G04590;AT5G16490;AT5G17880;AT5G20320;AT5G22290;AT5G23040;AT5G23080;AT5G24930;AT5G32670;AT5G33210;AT5G37500;AT5G39690;AT5G40850;AT5G44585;AT5G53660;AT5G55250;AT5G56970;AT5G61230;AT5G62165	390.885	15.015384610459783	0.17140591222482315	1.0	200	377	200	1.0
CHH	gain	GO:0065008	regulation of biological quality	6	AT2G42540;AT4G11880;AT4G31040;AT5G16490;AT5G55250;AT5G56970	41.88	5.861365028728346	0.14326647564469913	1.0	200	377	200	1.0
CHH	gain	GO:0070542	response to fatty acid	6	AT2G34070;AT3G45140;AT4G23100;AT4G35770;AT5G24290;AT5G37500	17.05	3.785168424258018	0.3519061583577712	1.0	200	377	200	1.0
CHH	gain	GO:0070647	protein modification by small protein conjugation or removal	7	AT1G50490;AT1G53490;AT1G73177;AT2G01150;AT2G38195;AT2G38220;AT3G46620	53.49	6.6857983816444895	0.13086558235184145	1.0	200	377	200	1.0
CHH	gain	GO:0070828	heterochromatin organization	3	AT3G07610;AT3G32280;AT3G49250	9.655	3.1314493449519536	0.31071983428275507	0.9950248756218906	199	377	200	1.0
CHH	gain	GO:0070887	cellular response to chemical stimulus	9	AT1G05250;AT1G49190;AT1G58520;AT1G71930;AT1G77100;AT2G01150;AT2G34070;AT3G57040;AT4G16890	90.675	8.292730250044412	0.09925558312655088	1.0	200	377	200	1.0
CHH	gain	GO:0070918	regulatory ncRNA processing	3	AT1G24706;AT5G20320;AT5G23080	6.55	2.192601194928071	0.4580152671755725	0.9800995024875622	196	377	200	1.0
CHH	gain	GO:0071214	cellular response to abiotic stimulus	3	AT1G58520;AT2G24790;AT2G42540	18.375	3.8320197024545672	0.16326530612244897	1.0	200	377	200	1.0
CHH	gain	GO:0071495	cellular response to endogenous stimulus	4	AT1G49190;AT1G71930;AT2G34070;AT3G57040	43.515	6.009140953580628	0.09192232563483856	1.0	200	377	200	1.0
CHH	gain	GO:0071554	cell wall organization or biogenesis	20	AT1G05250;AT1G11590;AT1G14110;AT1G23720;AT1G69940;AT2G27380;AT2G34070;AT2G36710;AT3G28550;AT3G54580;AT3G54590;AT4G03930;AT4G20170;AT4G23100;AT4G28850;AT5G06630;AT5G07420;AT5G16490;AT5G18990;AT5G44585	36.865	5.465050319987889	0.5425200054252001	1.0	200	377	200	1.0
CHH	gain	GO:0071555	cell wall organization	17	AT1G05250;AT1G11590;AT1G23720;AT1G69940;AT2G27380;AT2G34070;AT2G36710;AT3G28550;AT3G54580;AT3G54590;AT4G03930;AT4G23100;AT5G06630;AT5G07420;AT5G16490;AT5G18990;AT5G44585	22.27	4.328637198934563	0.7633587786259542	0.9253731343283582	185	377	200	1.0
CHH	gain	GO:0071669	plant-type cell wall organization or biogenesis	10	AT1G05250;AT1G23720;AT2G27380;AT2G34070;AT3G28550;AT3G54580;AT3G54590;AT5G06630;AT5G16490;AT5G44585	20.84	4.105411063462471	0.4798464491362764	1.0	200	377	200	1.0
CHH	gain	GO:0071705	nitrogen compound transport	4	AT1G24706;AT1G55540;AT2G07681;AT2G42005	22.925	4.557342975901634	0.17448200654307525	1.0	200	377	200	1.0
CHH	gain	GO:0071840	cellular component organization or biogenesis	42	AT1G05250;AT1G11590;AT1G14110;AT1G23720;AT1G24490;AT1G44575;AT1G53490;AT1G62310;AT1G69940;AT2G01990;AT2G07681;AT2G27380;AT2G31900;AT2G34070;AT2G34880;AT2G36710;AT2G42540;AT3G07610;AT3G28550;AT3G32280;AT3G44370;AT3G49250;AT3G54580;AT3G54590;AT3G54860;AT3G55250;AT3G61230;AT4G03930;AT4G20170;AT4G23100;AT4G28850;AT4G34090;AT5G05760;AT5G06630;AT5G07420;AT5G16490;AT5G18990;AT5G20320;AT5G23040;AT5G23120;AT5G39770;AT5G44585	209.545	14.006711783998439	0.20043427426089863	1.0	200	377	200	1.0
CHH	gain	GO:0072330	monocarboxylic acid biosynthetic process	4	AT1G36180;AT3G10340;AT3G45140;AT5G44585	15.135	3.2843226090017414	0.26428807400066073	1.0	200	377	200	1.0
CHH	gain	GO:0072593	reactive oxygen species metabolic process	3	AT1G05250;AT1G77100;AT5G44585	8.855	2.571764958156168	0.3387916431394692	1.0	200	377	200	1.0
CHH	gain	GO:0080090	regulation of primary metabolic process	34	AT1G19510;AT1G23420;AT1G26960;AT1G34170;AT1G34310;AT1G34390;AT1G34410;AT1G35240;AT1G35520;AT1G35540;AT1G44120;AT1G49190;AT1G71930;AT1G77980;AT2G02070;AT2G10440;AT2G24790;AT2G31215;AT2G34880;AT3G57040;AT4G00130;AT4G00540;AT4G04030;AT4G11880;AT4G25530;AT5G04590;AT5G22290;AT5G24930;AT5G32670;AT5G33210;AT5G39690;AT5G53660;AT5G61230;AT5G62165	173.565	11.550574661028675	0.19589202892288193	1.0	200	377	200	1.0
CHH	gain	GO:0080134	regulation of response to stress	5	AT1G26960;AT2G01150;AT2G34880;AT3G51860;AT5G44585	38.615	5.772934695629232	0.12948336138806163	1.0	200	377	200	1.0
CHH	gain	GO:0080188	gene silencing by siRNA-directed DNA methylation	3	AT3G07610;AT3G32280;AT3G49250	5.865	2.3014723548198437	0.5115089514066496	0.9353233830845771	187	377	200	1.0
CHH	gain	GO:0090304	nucleic acid metabolic process	12	AT1G24706;AT1G53490;AT1G62930;AT1G73177;AT2G24490;AT2G42725;AT4G18690;AT5G20320;AT5G23080;AT5G39770;AT5G49010;AT5G53660	141.425	9.352773652772635	0.08485062754109951	1.0	200	377	200	1.0
CHH	gain	GO:0090351	seedling development	4	AT1G80340;AT2G27380;AT2G48130;AT4G19330	11.51	3.0577606184919084	0.3475238922675934	1.0	200	377	200	1.0
CHH	gain	GO:0090407	organophosphate biosynthetic process	4	AT1G24880;AT1G36180;AT2G07698;AT4G00400	31.775	5.1984973790509965	0.12588512981904013	1.0	200	377	200	1.0
CHH	gain	GO:0090567	reproductive shoot system development	7	AT1G23420;AT1G73177;AT2G31215;AT3G07610;AT4G23100;AT4G25010;AT5G62165	37.11	5.376606736595111	0.18862840204796552	1.0	200	377	200	1.0
CHH	gain	GO:0097305	response to alcohol	4	AT1G71930;AT2G42540;AT3G46620;AT5G37500	42.52	5.948915867618212	0.09407337723424271	1.0	200	377	200	1.0
CHH	gain	GO:0098542	defense response to other organism	5	AT1G64790;AT2G18660;AT4G16890;AT5G20320;AT5G22290	22.38	4.356099172424808	0.22341376228775695	1.0	200	377	200	1.0
CHH	gain	GO:0098655	monoatomic cation transmembrane transport	7	AT1G58520;AT2G07695;AT2G07698;AT3G51860;AT4G31040;AT5G24290;AT5G37500	33.355	5.244899903716008	0.20986358866736624	1.0	200	377	200	1.0
CHH	gain	GO:0098727	maintenance of cell number	4	AT1G49005;AT3G11260;AT4G11880;AT5G20320	8.61	2.667939279668862	0.4645760743321719	0.9701492537313433	194	377	200	1.0
CHH	gain	GO:0098754	detoxification	3	AT1G05250;AT1G77100;AT2G04090	19.79	4.368741237473334	0.15159171298635676	1.0	200	377	200	1.0
CHH	gain	GO:0099402	plant organ development	14	AT1G23420;AT1G26960;AT1G49005;AT1G73177;AT2G04160;AT2G31215;AT2G42540;AT3G07610;AT3G11260;AT4G11880;AT4G25010;AT5G44585;AT5G53660;AT5G62165	102.77	8.308254931091195	0.1362265252505595	1.0	200	377	200	1.0
CHH	gain	GO:0104004	cellular response to environmental stimulus	3	AT1G58520;AT2G24790;AT2G42540	18.375	3.8320197024545672	0.16326530612244897	1.0	200	377	200	1.0
CHH	gain	GO:0140013	meiotic nuclear division	3	AT1G53490;AT2G01990;AT5G39770	10.695	2.855166369933632	0.2805049088359046	1.0	200	377	200	1.0
CHH	gain	GO:0140352	export from cell	3	AT1G76850;AT2G04090;AT2G28640	15.26	3.637636595373432	0.1965923984272608	1.0	200	377	200	1.0
CHH	gain	GO:0140546	defense response to symbiont	5	AT1G64790;AT2G18660;AT4G16890;AT5G20320;AT5G22290	19.91	3.9739023641755464	0.25113008538422904	1.0	200	377	200	1.0
CHH	gain	GO:0140719	constitutive heterochromatin formation	3	AT3G07610;AT3G32280;AT3G49250	7.625	2.7045101219999155	0.39344262295081966	0.9800995024875622	196	377	200	1.0
CHH	gain	GO:0141187	nucleic acid biosynthetic process	8	AT1G24706;AT1G62930;AT1G73177;AT2G42725;AT4G18690;AT5G20320;AT5G23080;AT5G53660	76.01	7.340974049811048	0.1052493093014077	1.0	200	377	200	1.0
CHH	gain	GO:0141194	siRNA-mediated heterochromatin formation	3	AT3G07610;AT3G32280;AT3G49250	5.865	2.3014723548198437	0.5115089514066496	0.9353233830845771	187	377	200	1.0
CHH	gain	GO:0160109	plant gross anatomical part developmental process	33	AT1G13245;AT1G19890;AT1G23420;AT1G26960;AT1G49005;AT1G55540;AT1G67990;AT1G71930;AT1G73177;AT1G77980;AT2G04160;AT2G31215;AT2G34880;AT2G38195;AT2G38220;AT2G42540;AT2G48130;AT3G07610;AT3G11260;AT3G46330;AT3G49240;AT4G11880;AT4G13610;AT4G23100;AT4G25010;AT5G20320;AT5G23040;AT5G23080;AT5G36260;AT5G44585;AT5G53660;AT5G61230;AT5G62165	205.355	11.760483621008415	0.16069732901560713	1.0	200	377	200	1.0
CHH	gain	GO:1901135	carbohydrate derivative metabolic process	5	AT1G24880;AT2G07698;AT2G32750;AT4G23100;AT5G44585	42.005	5.60401418627754	0.11903344839900011	1.0	200	377	200	1.0
CHH	gain	GO:1901137	carbohydrate derivative biosynthetic process	5	AT1G24880;AT2G07698;AT2G32750;AT4G23100;AT5G44585	25.9	4.887739763939985	0.19305019305019305	1.0	200	377	200	1.0
CHH	gain	GO:1901700	response to oxygen-containing compound	14	AT1G26960;AT1G71930;AT2G34070;AT2G42540;AT3G45140;AT3G46620;AT4G16890;AT4G23100;AT4G35770;AT5G10100;AT5G24030;AT5G24290;AT5G37500;AT5G61230	126.675	10.09600787440271	0.11051904479968423	1.0	200	377	200	1.0
CHH	gain	GO:1902600	proton transmembrane transport	4	AT2G07695;AT2G07698;AT3G51860;AT4G31040	12.845	3.090465175341726	0.3114052160373686	1.0	200	377	200	1.0
CHH	gain	GO:1902679	negative regulation of RNA biosynthetic process	3	AT2G34880;AT4G04030;AT5G04590	17.64	3.792149786071221	0.17006802721088435	1.0	200	377	200	1.0
CHH	gain	GO:1902680	positive regulation of RNA biosynthetic process	7	AT1G71930;AT1G77980;AT2G02070;AT2G10440;AT4G11880;AT5G22290;AT5G62165	26.675	4.835222332013273	0.2624179943767573	1.0	200	377	200	1.0
CHH	gain	GO:1903046	meiotic cell cycle process	3	AT1G53490;AT2G01990;AT5G39770	16.025	3.4589557672800644	0.187207488299532	1.0	200	377	200	1.0
CHH	gain	GO:1905392	plant organ morphogenesis	6	AT1G26960;AT1G49005;AT2G04160;AT3G11260;AT4G11880;AT5G44585	44.96	5.692837605272067	0.13345195729537365	1.0	200	377	200	1.0
CHH	gain	GO:2000026	regulation of multicellular organismal development	6	AT2G24790;AT2G34880;AT4G25530;AT5G22290;AT5G24930;AT5G62165	37.335	5.363093789968615	0.16070711128967458	1.0	200	377	200	1.0
CHH	gain	GO:2000241	regulation of reproductive process	7	AT1G77980;AT2G24790;AT2G34880;AT4G25530;AT5G22290;AT5G24930;AT5G62165	25.35	4.412198998232058	0.2761341222879684	1.0	200	377	200	1.0
CHH	gain	GO:2001141	regulation of RNA biosynthetic process	32	AT1G19510;AT1G23420;AT1G26960;AT1G34170;AT1G34310;AT1G34390;AT1G34410;AT1G35240;AT1G35520;AT1G35540;AT1G49190;AT1G71930;AT1G77980;AT2G02070;AT2G10440;AT2G24790;AT2G31215;AT2G34880;AT3G57040;AT4G00130;AT4G00540;AT4G04030;AT4G11880;AT4G25530;AT5G04590;AT5G22290;AT5G24930;AT5G32670;AT5G33210;AT5G39690;AT5G53660;AT5G62165	136.815	10.212775088094308	0.23389248254942807	1.0	200	377	200	1.0
CHH	loss	GO:0000041	transition metal ion transport	3	AT1G10970;AT1G74770;AT2G07681	6.9	2.2781571499789015	0.43478260869565216	0.9751243781094527	195	457	200	1.0
CHH	loss	GO:0000271	polysaccharide biosynthetic process	4	AT2G32620;AT4G02130;AT4G38270;AT5G51820	23.61	4.147035085455633	0.16941973739940702	1.0	200	457	200	1.0
CHH	loss	GO:0000272	polysaccharide catabolic process	10	AT1G11590;AT1G44980;AT1G69940;AT2G36710;AT3G10900;AT3G27980;AT3G49220;AT4G03930;AT5G10560;AT5G27870	12.445	3.343198318975409	0.8035355564483728	0.8308457711442786	166	457	200	1.0
CHH	loss	GO:0000278	mitotic cell cycle	3	AT2G38195;AT2G38220;AT5G37630	12.705	3.1682763452704084	0.2361275088547816	1.0	200	457	200	1.0
CHH	loss	GO:0000280	nuclear division	4	AT2G01990;AT3G23670;AT5G37630;AT5G39770	14.975	3.2131565476957396	0.2671118530884808	1.0	200	457	200	1.0
CHH	loss	GO:0000302	response to reactive oxygen species	3	AT1G73260;AT3G10985;AT4G20380	11.715	3.213063180206703	0.2560819462227913	0.9950248756218906	199	457	200	1.0
CHH	loss	GO:0000902	cell morphogenesis	10	AT1G69940;AT2G07020;AT2G07040;AT2G36880;AT3G02260;AT3G23380;AT3G26870;AT3G49120;AT4G12420;AT5G16490	36.875	5.514469602781391	0.2711864406779661	1.0	200	457	200	1.0
CHH	loss	GO:0001101	response to acid chemical	8	AT1G15690;AT1G20450;AT1G36060;AT2G33700;AT3G12630;AT3G20660;AT3G45140;AT3G52150	38.095	5.845166806858477	0.21000131250820317	1.0	200	457	200	1.0
CHH	loss	GO:0001558	regulation of cell growth	3	AT1G69540;AT2G07040;AT5G03500	11.68	2.955943165894773	0.2568493150684932	1.0	200	457	200	1.0
CHH	loss	GO:0001676	long-chain fatty acid metabolic process	4	AT1G76690;AT2G04350;AT3G45140;AT4G08850	4.735	2.1621227994727765	0.8447729672650475	0.6915422885572139	138	457	200	1.0
CHH	loss	GO:0002237	response to molecule of bacterial origin	4	AT1G66730;AT1G73260;AT3G01300;AT4G08850	5.54	2.1185844330590173	0.7220216606498195	0.8308457711442786	166	457	200	1.0
CHH	loss	GO:0002376	immune system process	4	AT1G14320;AT3G01300;AT3G49120;AT4G20380	21.01	4.03978959848158	0.19038553069966682	1.0	200	457	200	1.0
CHH	loss	GO:0002682	regulation of immune system process	4	AT3G01300;AT3G23780;AT3G46510;AT3G49120	12.15	3.1839440949865923	0.3292181069958848	1.0	200	457	200	1.0
CHH	loss	GO:0003006	developmental process involved in reproduction	33	AT1G08410;AT1G10570;AT1G23290;AT1G54830;AT1G66730;AT1G69940;AT1G71692;AT1G72560;AT2G07020;AT2G07040;AT2G31215;AT2G31910;AT2G36880;AT2G48130;AT3G02260;AT3G07610;AT3G23380;AT3G26870;AT3G44110;AT3G46330;AT3G59420;AT3G60960;AT4G00020;AT4G08850;AT4G13610;AT5G03800;AT5G04560;AT5G16490;AT5G23660;AT5G26290;AT5G58230;AT5G59700;AT5G67060	133.67	10.60005188666555	0.24687663649285557	1.0	200	457	200	1.0
CHH	loss	GO:0005975	carbohydrate metabolic process	28	AT1G11590;AT1G13440;AT1G15690;AT1G17150;AT1G31740;AT1G44980;AT1G69940;AT1G71930;AT2G32620;AT2G36460;AT2G36710;AT2G44540;AT3G10900;AT3G26380;AT3G27980;AT3G49160;AT3G49220;AT3G60750;AT4G02130;AT4G03930;AT4G23560;AT4G28850;AT4G38270;AT5G10560;AT5G13980;AT5G24540;AT5G27870;AT5G51820	80.57	8.256821422315085	0.34752389226759345	1.0	200	457	200	1.0
CHH	loss	GO:0005976	polysaccharide metabolic process	17	AT1G11590;AT1G15690;AT1G44980;AT1G69940;AT1G71930;AT2G32620;AT2G36710;AT3G10900;AT3G27980;AT3G49220;AT4G02130;AT4G03930;AT4G28850;AT4G38270;AT5G10560;AT5G27870;AT5G51820	40.02	5.5325943281610455	0.42478760619690153	1.0	200	457	200	1.0
CHH	loss	GO:0005996	monosaccharide metabolic process	3	AT1G13440;AT2G36460;AT5G13980	10.62	3.0472282487532856	0.2824858757062147	1.0	200	457	200	1.0
CHH	loss	GO:0006090	pyruvate metabolic process	3	AT1G13440;AT2G36460;AT3G49160	6.115	2.394112570452776	0.49059689288634506	0.9402985074626866	188	457	200	1.0
CHH	loss	GO:0006091	generation of precursor metabolites and energy	9	AT1G13440;AT1G29930;AT1G53240;AT2G07695;AT2G07727;AT2G36460;AT3G08940;AT3G46610;AT3G49160	22.74	4.452235393597245	0.395778364116095	1.0	200	457	200	1.0
CHH	loss	GO:0006096	glycolytic process	3	AT1G13440;AT2G36460;AT3G49160	4.815	2.0930301001180074	0.6230529595015576	0.8557213930348259	171	457	200	1.0
CHH	loss	GO:0006139	nucleobase-containing compound metabolic process	21	AT1G08410;AT1G13440;AT1G62910;AT1G66730;AT2G11045;AT2G36460;AT2G39140;AT3G16680;AT3G23780;AT3G49160;AT3G54090;AT4G00020;AT4G13650;AT4G18690;AT4G39280;AT5G03800;AT5G04560;AT5G13230;AT5G39770;AT5G39920;AT5G49010	175.745	11.464727428072484	0.1194913084298273	1.0	200	457	200	1.0
CHH	loss	GO:0006163	purine nucleotide metabolic process	3	AT1G13440;AT2G36460;AT3G49160	13.64	3.459826585249611	0.21994134897360704	1.0	200	457	200	1.0
CHH	loss	GO:0006195	purine nucleotide catabolic process	3	AT1G13440;AT2G36460;AT3G49160	4.895	2.1128121071216923	0.6128702757916241	0.8606965174129353	172	457	200	1.0
CHH	loss	GO:0006259	DNA metabolic process	5	AT1G66730;AT4G00020;AT5G04560;AT5G39770;AT5G49010	43.81	6.037706518207037	0.1141291942478886	1.0	200	457	200	1.0
CHH	loss	GO:0006281	DNA repair	4	AT1G66730;AT4G00020;AT5G04560;AT5G39770	27.14	4.645470912620156	0.14738393515106854	1.0	200	457	200	1.0
CHH	loss	GO:0006302	double-strand break repair	3	AT1G66730;AT4G00020;AT5G39770	9.07	2.695384944678587	0.33076074972436603	1.0	200	457	200	1.0
CHH	loss	GO:0006310	DNA recombination	3	AT1G66730;AT4G00020;AT5G39770	16.985	3.9943428746165544	0.17662643508978512	1.0	200	457	200	1.0
CHH	loss	GO:0006325	chromatin organization	10	AT1G62310;AT3G07610;AT3G23780;AT3G32280;AT3G48480;AT3G49840;AT4G00416;AT4G31900;AT5G04560;AT5G58230	41.355	6.127721844209345	0.24180872929512756	1.0	200	457	200	1.0
CHH	loss	GO:0006338	chromatin remodeling	9	AT1G62310;AT3G07610;AT3G23780;AT3G32280;AT3G48480;AT4G00416;AT4G31900;AT5G04560;AT5G58230	37.34	5.892741297562607	0.241028387787895	1.0	200	457	200	1.0
CHH	loss	GO:0006346	DNA methylation-dependent constitutive heterochromatin formation	3	AT3G07610;AT3G23780;AT3G32280	7.49	2.3642969356660752	0.40053404539385845	0.9950248756218906	199	457	200	1.0
CHH	loss	GO:0006351	DNA-templated transcription	4	AT3G16680;AT3G23780;AT3G54090;AT4G18690	22.165	4.456206346209745	0.18046469659372885	1.0	200	457	200	1.0
CHH	loss	GO:0006355	regulation of DNA-templated transcription	40	AT1G13440;AT1G19510;AT1G31640;AT1G34170;AT1G34310;AT1G34390;AT1G34410;AT1G35240;AT1G35540;AT1G36060;AT1G49120;AT1G49190;AT1G55950;AT1G62975;AT1G66140;AT1G69540;AT1G71692;AT1G71930;AT2G10440;AT2G22750;AT2G31215;AT2G42430;AT3G03260;AT3G20880;AT3G24050;AT3G32090;AT4G00020;AT4G00540;AT4G01460;AT4G04030;AT4G10920;AT4G20380;AT4G29230;AT4G30080;AT4G37540;AT5G03500;AT5G04590;AT5G39690;AT5G58230;AT5G67060	141.14	10.835607966330468	0.2834065466912286	1.0	200	457	200	1.0
CHH	loss	GO:0006357	regulation of transcription by RNA polymerase II	6	AT1G31640;AT1G62975;AT1G69540;AT1G71692;AT4G10920;AT5G03500	20.57	4.375511398682439	0.2916869227029655	1.0	200	457	200	1.0
CHH	loss	GO:0006364	rRNA processing	3	AT1G08410;AT2G11045;AT2G39140	10.835	2.861428838884513	0.27688047992616516	1.0	200	457	200	1.0
CHH	loss	GO:0006396	RNA processing	6	AT1G08410;AT1G62910;AT2G11045;AT2G39140;AT3G23780;AT5G39920	54.275	6.377254503310998	0.11054813450023031	1.0	200	457	200	1.0
CHH	loss	GO:0006412	translation	14	AT1G07920;AT1G14320;AT1G23290;AT2G07715;AT2G39140;AT3G10950;AT3G44890;AT3G46610;AT4G29060;AT4G39280;AT5G40950;AT5G58240;AT5G59850;AT5G60390	27.96	4.6945074289002795	0.5007153075822603	1.0	200	457	200	1.0
CHH	loss	GO:0006414	translational elongation	3	AT1G07920;AT4G29060;AT5G60390	2.49	1.5165421194282733	1.2048192771084336	0.472636815920398	94	457	200	1.0
CHH	loss	GO:0006457	protein folding	3	AT1G20450;AT3G44110;AT4G30350	12.415	3.0121047458546384	0.24164317358034637	1.0	200	457	200	1.0
CHH	loss	GO:0006508	proteolysis	10	AT1G10570;AT1G66210;AT2G04160;AT2G07200;AT2G27920;AT3G14067;AT3G42550;AT3G48480;AT4G21640;AT5G28550	32.265	5.51767840672143	0.30993336432666974	1.0	200	457	200	1.0
CHH	loss	GO:0006511	ubiquitin-dependent protein catabolic process	4	AT1G65350;AT1G74770;AT2G30110;AT4G35930	20.795	4.333932971332149	0.19235393123346956	1.0	200	457	200	1.0
CHH	loss	GO:0006520	amino acid metabolic process	6	AT1G25220;AT1G71920;AT4G39280;AT5G04230;AT5G28030;AT5G35630	31.01	4.9193393865436805	0.19348597226701064	1.0	200	457	200	1.0
CHH	loss	GO:0006605	protein targeting	4	AT1G30900;AT2G30290;AT3G53720;AT5G24650	8.42	2.646431559666716	0.4750593824228029	0.9751243781094527	195	457	200	1.0
CHH	loss	GO:0006623	protein targeting to vacuole	3	AT1G30900;AT2G30290;AT3G53720	3.8	1.7406895185529208	0.7894736842105263	0.7761194029850746	155	457	200	1.0
CHH	loss	GO:0006629	lipid metabolic process	21	AT1G06080;AT1G07380;AT1G20330;AT1G36060;AT1G44090;AT1G75890;AT1G76690;AT1G78500;AT1G78955;AT1G78960;AT1G80340;AT2G01900;AT2G04350;AT2G15230;AT3G45140;AT4G00360;AT4G08850;AT4G15110;AT5G03820;AT5G13640;AT5G58980	73.985	8.122485764838286	0.28384131918632155	1.0	200	457	200	1.0
CHH	loss	GO:0006631	fatty acid metabolic process	6	AT1G06080;AT1G76690;AT2G04350;AT3G45140;AT4G00360;AT4G08850	19.5	4.173727350941843	0.3076923076923077	1.0	200	457	200	1.0
CHH	loss	GO:0006633	fatty acid biosynthetic process	4	AT1G06080;AT1G76690;AT3G45140;AT4G08850	11.42	3.0795454209996636	0.3502626970227671	0.9900497512437811	198	457	200	1.0
CHH	loss	GO:0006720	isoprenoid metabolic process	7	AT1G36060;AT1G44090;AT1G78500;AT1G78955;AT1G78960;AT1G80340;AT4G15110	15.51	3.6124645326978655	0.4513217279174726	0.9950248756218906	199	457	200	1.0
CHH	loss	GO:0006721	terpenoid metabolic process	7	AT1G36060;AT1G44090;AT1G78500;AT1G78955;AT1G78960;AT1G80340;AT4G15110	13.605	3.4826677992596378	0.5145167217934583	0.9800995024875622	196	457	200	1.0
CHH	loss	GO:0006722	triterpenoid metabolic process	3	AT1G78500;AT1G78955;AT1G78960	1.775	1.2346558224865747	1.6901408450704227	0.25870646766169153	51	457	200	1.0
CHH	loss	GO:0006753	nucleoside phosphate metabolic process	3	AT1G13440;AT2G36460;AT3G49160	27.425	5.242554243877692	0.10938924339106654	1.0	200	457	200	1.0
CHH	loss	GO:0006790	sulfur compound metabolic process	7	AT1G66140;AT2G36880;AT3G09270;AT4G08850;AT5G04590;AT5G05260;AT5G28030	22.415	4.265298934424179	0.31229087664510374	1.0	200	457	200	1.0
CHH	loss	GO:0006793	phosphorus metabolic process	4	AT1G13440;AT2G01900;AT2G36460;AT3G49160	52.955	7.649377425647142	0.07553583231045227	1.0	200	457	200	1.0
CHH	loss	GO:0006810	transport	47	AT1G05520;AT1G10970;AT1G15690;AT1G21890;AT1G23300;AT1G29830;AT1G30900;AT1G72560;AT1G74770;AT2G01950;AT2G07560;AT2G07681;AT2G07695;AT2G07727;AT2G26510;AT2G28640;AT2G30290;AT2G31910;AT2G38170;AT2G47830;AT2G48060;AT2G48130;AT3G02260;AT3G05155;AT3G13620;AT3G20660;AT3G26570;AT3G28080;AT3G28345;AT3G30842;AT3G53720;AT3G53960;AT3G59360;AT3G60860;AT3G62150;AT4G08290;AT4G08300;AT4G30190;AT5G18840;AT5G23660;AT5G24650;AT5G27360;AT5G39500;AT5G41610;AT5G53190;AT5G57350;AT5G58180	192.02	11.967021350360945	0.24476617019060512	1.0	200	457	200	1.0
CHH	loss	GO:0006811	monoatomic ion transport	17	AT1G10970;AT1G15690;AT1G29830;AT1G74770;AT2G07560;AT2G07681;AT2G07695;AT2G07727;AT2G26510;AT2G31910;AT2G38170;AT2G47830;AT2G48060;AT3G53720;AT4G30190;AT5G41610;AT5G57350	44.065	5.9616084239071245	0.38579371383183936	1.0	200	457	200	1.0
CHH	loss	GO:0006812	monoatomic cation transport	16	AT1G10970;AT1G15690;AT1G29830;AT1G74770;AT2G07560;AT2G07681;AT2G07695;AT2G07727;AT2G26510;AT2G31910;AT2G38170;AT2G47830;AT3G53720;AT4G30190;AT5G41610;AT5G57350	38.34	5.334266585014275	0.41731872717788204	1.0	200	457	200	1.0
CHH	loss	GO:0006873	intracellular monoatomic ion homeostasis	3	AT1G74770;AT2G38170;AT3G53720	11.195	3.1696963576973722	0.2679767753461367	0.9950248756218906	199	457	200	1.0
CHH	loss	GO:0006886	intracellular protein transport	4	AT1G05520;AT1G30900;AT2G30290;AT3G53720	24.9	4.591296113299616	0.1606425702811245	1.0	200	457	200	1.0
CHH	loss	GO:0006935	chemotaxis	3	AT2G31910;AT4G08850;AT5G59700	4.395	1.941384815022515	0.6825938566552902	0.8258706467661692	165	457	200	1.0
CHH	loss	GO:0006950	response to stress	55	AT1G07380;AT1G10570;AT1G13440;AT1G14320;AT1G15690;AT1G20450;AT1G33910;AT1G52940;AT1G53240;AT1G58390;AT1G60130;AT1G65990;AT1G66730;AT1G69940;AT1G70840;AT1G71930;AT1G73260;AT1G76690;AT2G01900;AT2G17690;AT2G33700;AT2G36460;AT2G38170;AT2G42430;AT3G09200;AT3G10985;AT3G12630;AT3G20660;AT3G23780;AT3G44110;AT3G45140;AT3G46510;AT3G49120;AT3G52150;AT4G00020;AT4G08850;AT4G14276;AT4G16860;AT4G16890;AT4G20380;AT5G04230;AT5G04560;AT5G04590;AT5G06290;AT5G08055;AT5G16990;AT5G20140;AT5G28030;AT5G39770;AT5G42180;AT5G45900;AT5G51820;AT5G52605;AT5G58980;AT5G64120	261.135	13.955528474407613	0.21061902847186323	1.0	200	457	200	1.0
CHH	loss	GO:0006952	defense response	21	AT1G14320;AT1G52940;AT1G58390;AT1G69940;AT1G70840;AT1G71930;AT1G73260;AT3G09200;AT3G23780;AT3G46510;AT3G49120;AT4G08850;AT4G14276;AT4G16860;AT4G16890;AT4G20380;AT5G04230;AT5G08055;AT5G45900;AT5G52605;AT5G64120	85.0	8.114185110040326	0.24705882352941178	1.0	200	457	200	1.0
CHH	loss	GO:0006970	response to osmotic stress	9	AT1G10570;AT1G15690;AT1G60130;AT2G01900;AT2G33700;AT2G38170;AT3G12630;AT3G44110;AT3G52150	46.885	6.35309176700607	0.1919590487362696	1.0	200	457	200	1.0
CHH	loss	GO:0006974	DNA damage response	4	AT1G66730;AT4G00020;AT5G04560;AT5G39770	30.805	4.885383812967004	0.12984905047881837	1.0	200	457	200	1.0
CHH	loss	GO:0006979	response to oxidative stress	13	AT1G07380;AT1G65990;AT1G66730;AT1G73260;AT3G10985;AT3G49120;AT4G20380;AT5G16990;AT5G20140;AT5G28030;AT5G42180;AT5G58980;AT5G64120	31.065	5.234574958867228	0.4184773861258651	1.0	200	457	200	1.0
CHH	loss	GO:0006996	organelle organization	17	AT1G05520;AT1G44575;AT1G67120;AT2G01990;AT2G39140;AT3G23670;AT3G46000;AT3G46610;AT3G50590;AT3G54090;AT4G13370;AT5G24650;AT5G37630;AT5G39500;AT5G39770;AT5G48360;AT5G58180	100.855	9.101317212359954	0.16855882207129047	1.0	200	457	200	1.0
CHH	loss	GO:0007010	cytoskeleton organization	4	AT3G23670;AT3G46000;AT4G13370;AT5G48360	30.745	4.785391833486567	0.13010245568385104	1.0	200	457	200	1.0
CHH	loss	GO:0007034	vacuolar transport	3	AT1G30900;AT2G30290;AT3G53720	8.235	2.5690027247941996	0.3642987249544627	0.9900497512437811	198	457	200	1.0
CHH	loss	GO:0007049	cell cycle	9	AT2G01990;AT2G38195;AT2G38220;AT3G23670;AT4G00020;AT4G08630;AT5G26290;AT5G37630;AT5G39770	39.755	5.819362078441221	0.22638661803546722	1.0	200	457	200	1.0
CHH	loss	GO:0007154	cell communication	22	AT1G03930;AT1G14320;AT1G21230;AT1G33910;AT1G49190;AT1G54830;AT1G64480;AT1G72610;AT2G01950;AT2G32660;AT2G36460;AT3G01300;AT3G46510;AT3G49120;AT4G14940;AT4G15735;AT4G16295;AT4G16860;AT4G16890;AT4G20380;AT5G25510;AT5G53160	104.755	9.021362147702577	0.2100138418213928	1.0	200	457	200	1.0
CHH	loss	GO:0007165	signal transduction	21	AT1G03930;AT1G14320;AT1G21230;AT1G33910;AT1G49190;AT1G54830;AT1G64480;AT1G72610;AT2G01950;AT2G32660;AT2G36460;AT3G01300;AT3G46510;AT3G49120;AT4G14940;AT4G15735;AT4G16860;AT4G16890;AT4G20380;AT5G25510;AT5G53160	99.44	8.8394796226928	0.21118262268704746	1.0	200	457	200	1.0
CHH	loss	GO:0007166	cell surface receptor signaling pathway	4	AT1G21230;AT2G01950;AT3G01300;AT3G46510	10.47	3.2540897344726027	0.38204393505253104	0.9900497512437811	198	457	200	1.0
CHH	loss	GO:0007275	multicellular organism development	49	AT1G08410;AT1G10570;AT1G15690;AT1G20330;AT1G23290;AT1G25220;AT1G54830;AT1G66730;AT1G67120;AT1G69540;AT1G71410;AT1G71692;AT1G72560;AT1G76950;AT1G80340;AT2G01950;AT2G04160;AT2G27380;AT2G31215;AT2G38195;AT2G38220;AT2G42430;AT2G48130;AT3G01300;AT3G02260;AT3G07610;AT3G10985;AT3G14067;AT3G20880;AT3G23670;AT3G44110;AT3G46330;AT3G50590;AT3G59420;AT3G60960;AT4G00020;AT4G01460;AT4G13610;AT4G26540;AT4G30080;AT5G03500;AT5G03800;AT5G04560;AT5G11420;AT5G23660;AT5G26290;AT5G45900;AT5G58230;AT5G67060	229.01	12.52876290780553	0.21396445570062445	1.0	200	457	200	1.0
CHH	loss	GO:0007389	pattern specification process	3	AT1G20330;AT2G01950;AT4G30080	21.98	4.659356178701084	0.1364877161055505	1.0	200	457	200	1.0
CHH	loss	GO:0008104	intracellular protein localization	6	AT1G05520;AT1G30900;AT2G30290;AT3G53720;AT3G60860;AT5G24650	41.865	5.734699207456303	0.14331780723754925	1.0	200	457	200	1.0
CHH	loss	GO:0008152	metabolic process	140	AT1G06080;AT1G07380;AT1G07920;AT1G08410;AT1G08910;AT1G10570;AT1G11590;AT1G13440;AT1G14320;AT1G15690;AT1G17150;AT1G20330;AT1G20450;AT1G23290;AT1G25220;AT1G29930;AT1G31740;AT1G36060;AT1G44090;AT1G44980;AT1G53240;AT1G62380;AT1G62910;AT1G65350;AT1G66140;AT1G66210;AT1G66730;AT1G67340;AT1G69940;AT1G71920;AT1G71930;AT1G74770;AT1G75890;AT1G76690;AT1G78500;AT1G78955;AT1G78960;AT1G80340;AT2G01900;AT2G04160;AT2G04350;AT2G07200;AT2G07695;AT2G07715;AT2G07727;AT2G11045;AT2G15230;AT2G21100;AT2G23580;AT2G27920;AT2G29040;AT2G30110;AT2G30210;AT2G32620;AT2G36460;AT2G36710;AT2G36880;AT2G38195;AT2G38220;AT2G39140;AT2G44540;AT3G08940;AT3G09270;AT3G10900;AT3G10950;AT3G12290;AT3G12630;AT3G14067;AT3G16680;AT3G18930;AT3G23410;AT3G23780;AT3G26380;AT3G27980;AT3G29740;AT3G42550;AT3G44110;AT3G44890;AT3G45140;AT3G46510;AT3G46610;AT3G48480;AT3G49120;AT3G49160;AT3G49220;AT3G50590;AT3G54090;AT3G58110;AT3G60750;AT4G00020;AT4G00360;AT4G01690;AT4G02130;AT4G03930;AT4G08850;AT4G13650;AT4G14940;AT4G15110;AT4G18690;AT4G21640;AT4G23560;AT4G28850;AT4G29060;AT4G30350;AT4G35930;AT4G38270;AT4G39280;AT5G03800;AT5G03820;AT5G04230;AT5G04560;AT5G04590;AT5G05260;AT5G10560;AT5G13230;AT5G13630;AT5G13640;AT5G13980;AT5G17220;AT5G24540;AT5G27870;AT5G28030;AT5G28550;AT5G35630;AT5G38450;AT5G39770;AT5G39920;AT5G40950;AT5G42180;AT5G45900;AT5G48100;AT5G49010;AT5G51820;AT5G58240;AT5G58980;AT5G59850;AT5G60020;AT5G60390;AT5G63595;AT5G64120	573.635	17.757302019169988	0.2440576324666382	1.0	200	457	200	1.0
CHH	loss	GO:0008299	isoprenoid biosynthetic process	6	AT1G44090;AT1G78500;AT1G78955;AT1G78960;AT1G80340;AT4G15110	12.215	3.2216106220336465	0.4911993450675399	0.9950248756218906	199	457	200	1.0
CHH	loss	GO:0008610	lipid biosynthetic process	12	AT1G06080;AT1G20330;AT1G44090;AT1G76690;AT1G78500;AT1G78955;AT1G78960;AT1G80340;AT3G45140;AT4G08850;AT4G15110;AT5G13640	45.355	6.78372869445705	0.2645794289493992	1.0	200	457	200	1.0
CHH	loss	GO:0008643	carbohydrate transport	4	AT5G18840;AT5G23660;AT5G27360;AT5G53190	7.08	2.4440949245068198	0.5649717514124294	0.9402985074626866	188	457	200	1.0
CHH	loss	GO:0008652	amino acid biosynthetic process	3	AT1G25220;AT1G71920;AT5G28030	13.195	3.2352704678279975	0.2273588480485032	1.0	200	457	200	1.0
CHH	loss	GO:0009056	catabolic process	32	AT1G07380;AT1G11590;AT1G13440;AT1G36060;AT1G44980;AT1G65350;AT1G69940;AT1G74770;AT2G30110;AT2G30210;AT2G36460;AT2G36710;AT3G09270;AT3G10900;AT3G27980;AT3G49120;AT3G49160;AT3G49220;AT3G50590;AT4G03930;AT4G35930;AT5G04230;AT5G10560;AT5G17220;AT5G27870;AT5G39770;AT5G42180;AT5G45900;AT5G48100;AT5G58980;AT5G60020;AT5G64120	91.025	8.956247819259902	0.35155177149134853	1.0	200	457	200	1.0
CHH	loss	GO:0009057	macromolecule catabolic process	15	AT1G11590;AT1G44980;AT1G65350;AT1G69940;AT1G74770;AT2G30110;AT2G36710;AT3G10900;AT3G27980;AT3G49220;AT4G03930;AT4G35930;AT5G10560;AT5G27870;AT5G39770	48.5	6.705221845696086	0.30927835051546393	1.0	200	457	200	1.0
CHH	loss	GO:0009058	biosynthetic process	63	AT1G06080;AT1G07920;AT1G08410;AT1G13440;AT1G14320;AT1G20330;AT1G20450;AT1G23290;AT1G25220;AT1G44090;AT1G62380;AT1G62910;AT1G66730;AT1G71920;AT1G76690;AT1G78500;AT1G78955;AT1G78960;AT1G80340;AT2G07715;AT2G11045;AT2G21100;AT2G29040;AT2G32620;AT2G36460;AT2G36880;AT2G39140;AT3G10950;AT3G12290;AT3G16680;AT3G23780;AT3G44110;AT3G44890;AT3G45140;AT3G46610;AT3G54090;AT3G58110;AT3G60750;AT4G01690;AT4G02130;AT4G08850;AT4G15110;AT4G18690;AT4G29060;AT4G30350;AT4G38270;AT4G39280;AT5G04230;AT5G05260;AT5G13630;AT5G13640;AT5G28030;AT5G38450;AT5G39920;AT5G40950;AT5G45900;AT5G48100;AT5G51820;AT5G58240;AT5G59850;AT5G60020;AT5G60390;AT5G63595	279.61	14.252645368491669	0.2253138299774686	1.0	200	457	200	1.0
CHH	loss	GO:0009059	macromolecule biosynthetic process	32	AT1G07920;AT1G08410;AT1G14320;AT1G20450;AT1G23290;AT1G62910;AT1G66730;AT2G07715;AT2G11045;AT2G29040;AT2G32620;AT2G39140;AT3G10950;AT3G16680;AT3G23780;AT3G44110;AT3G44890;AT3G46610;AT3G54090;AT4G02130;AT4G18690;AT4G29060;AT4G30350;AT4G38270;AT4G39280;AT5G39920;AT5G40950;AT5G45900;AT5G51820;AT5G58240;AT5G59850;AT5G60390	161.595	10.391870620826676	0.19802592902008107	1.0	200	457	200	1.0
CHH	loss	GO:0009060	aerobic respiration	4	AT1G13440;AT1G53240;AT2G36460;AT3G49160	12.475	3.1303953424447886	0.32064128256513025	1.0	200	457	200	1.0
CHH	loss	GO:0009072	aromatic amino acid metabolic process	3	AT1G25220;AT1G71920;AT5G04230	5.225	2.129407194502734	0.5741626794258373	0.9104477611940298	182	457	200	1.0
CHH	loss	GO:0009117	nucleotide metabolic process	3	AT1G13440;AT2G36460;AT3G49160	17.665	4.08690286158113	0.16982734220209456	1.0	200	457	200	1.0
CHH	loss	GO:0009132	nucleoside diphosphate metabolic process	3	AT1G13440;AT2G36460;AT3G49160	5.09	2.1217681305929736	0.5893909626719057	0.8955223880597015	179	457	200	1.0
CHH	loss	GO:0009134	nucleoside diphosphate catabolic process	3	AT1G13440;AT2G36460;AT3G49160	4.815	2.0930301001180074	0.6230529595015576	0.8557213930348259	171	457	200	1.0
CHH	loss	GO:0009135	purine nucleoside diphosphate metabolic process	3	AT1G13440;AT2G36460;AT3G49160	5.01	2.1142138018658385	0.5988023952095809	0.8805970149253731	176	457	200	1.0
CHH	loss	GO:0009137	purine nucleoside diphosphate catabolic process	3	AT1G13440;AT2G36460;AT3G49160	4.815	2.0930301001180074	0.6230529595015576	0.8557213930348259	171	457	200	1.0
CHH	loss	GO:0009141	nucleoside triphosphate metabolic process	3	AT1G13440;AT2G36460;AT3G49160	7.79	2.6468660714135117	0.3851091142490372	0.9850746268656716	197	457	200	1.0
CHH	loss	GO:0009144	purine nucleoside triphosphate metabolic process	3	AT1G13440;AT2G36460;AT3G49160	6.95	2.4693116449731485	0.4316546762589928	0.9701492537313433	194	457	200	1.0
CHH	loss	GO:0009150	purine ribonucleotide metabolic process	3	AT1G13440;AT2G36460;AT3G49160	10.185	3.0709566913260105	0.29455081001472755	0.9950248756218906	199	457	200	1.0
CHH	loss	GO:0009154	purine ribonucleotide catabolic process	3	AT1G13440;AT2G36460;AT3G49160	4.815	2.0930301001180074	0.6230529595015576	0.8557213930348259	171	457	200	1.0
CHH	loss	GO:0009166	nucleotide catabolic process	3	AT1G13440;AT2G36460;AT3G49160	5.04	2.1652713455823496	0.5952380952380952	0.8706467661691543	174	457	200	1.0
CHH	loss	GO:0009179	purine ribonucleoside diphosphate metabolic process	3	AT1G13440;AT2G36460;AT3G49160	5.01	2.1142138018658385	0.5988023952095809	0.8805970149253731	176	457	200	1.0
CHH	loss	GO:0009181	purine ribonucleoside diphosphate catabolic process	3	AT1G13440;AT2G36460;AT3G49160	4.815	2.0930301001180074	0.6230529595015576	0.8557213930348259	171	457	200	1.0
CHH	loss	GO:0009185	ribonucleoside diphosphate metabolic process	3	AT1G13440;AT2G36460;AT3G49160	5.01	2.1142138018658385	0.5988023952095809	0.8805970149253731	176	457	200	1.0
CHH	loss	GO:0009191	ribonucleoside diphosphate catabolic process	3	AT1G13440;AT2G36460;AT3G49160	4.815	2.0930301001180074	0.6230529595015576	0.8557213930348259	171	457	200	1.0
CHH	loss	GO:0009205	purine ribonucleoside triphosphate metabolic process	3	AT1G13440;AT2G36460;AT3G49160	6.95	2.4693116449731485	0.4316546762589928	0.9701492537313433	194	457	200	1.0
CHH	loss	GO:0009259	ribonucleotide metabolic process	3	AT1G13440;AT2G36460;AT3G49160	11.8	3.2202484376209246	0.2542372881355932	1.0	200	457	200	1.0
CHH	loss	GO:0009261	ribonucleotide catabolic process	3	AT1G13440;AT2G36460;AT3G49160	4.815	2.0930301001180074	0.6230529595015576	0.8557213930348259	171	457	200	1.0
CHH	loss	GO:0009266	response to temperature stimulus	13	AT1G13440;AT1G20450;AT1G33910;AT1G53240;AT1G66730;AT2G17690;AT2G38170;AT3G44110;AT3G52150;AT5G04590;AT5G06290;AT5G51820;AT5G67060	54.09	6.747732952629346	0.24034017378443334	1.0	200	457	200	1.0
CHH	loss	GO:0009308	amine metabolic process	3	AT1G25220;AT4G14940;AT5G38450	7.03	2.3809871902217368	0.4267425320056899	0.9900497512437811	198	457	200	1.0
CHH	loss	GO:0009314	response to radiation	11	AT1G14320;AT1G44575;AT1G54830;AT1G66730;AT1G80340;AT2G36750;AT3G02260;AT3G44110;AT3G46610;AT3G49120;AT5G03500	70.05	7.269628601242347	0.15703069236259815	1.0	200	457	200	1.0
CHH	loss	GO:0009408	response to heat	4	AT1G13440;AT1G33910;AT2G17690;AT3G44110	21.895	4.291150778054769	0.18269011189769355	1.0	200	457	200	1.0
CHH	loss	GO:0009409	response to cold	8	AT1G20450;AT1G53240;AT1G66730;AT2G38170;AT3G52150;AT5G04590;AT5G06290;AT5G51820	32.725	5.6620998754878755	0.24446142093200915	1.0	200	457	200	1.0
CHH	loss	GO:0009411	response to UV	3	AT1G14320;AT1G66730;AT2G36750	11.385	3.1554357860682245	0.2635046113306983	1.0	200	457	200	1.0
CHH	loss	GO:0009414	response to water deprivation	7	AT1G15690;AT1G20450;AT2G33700;AT3G12630;AT3G20660;AT3G45140;AT3G52150	33.665	5.379848975575449	0.20793108569731175	1.0	200	457	200	1.0
CHH	loss	GO:0009415	response to water	8	AT1G15690;AT1G20450;AT1G36060;AT2G33700;AT3G12630;AT3G20660;AT3G45140;AT3G52150	34.515	5.488148594927062	0.23178328263074024	1.0	200	457	200	1.0
CHH	loss	GO:0009416	response to light stimulus	11	AT1G14320;AT1G44575;AT1G54830;AT1G66730;AT1G80340;AT2G36750;AT3G02260;AT3G44110;AT3G46610;AT3G49120;AT5G03500	66.295	6.995568239964487	0.16592503205369938	1.0	200	457	200	1.0
CHH	loss	GO:0009451	RNA modification	5	AT2G11045;AT2G39140;AT4G13650;AT5G03800;AT5G13230	25.505	5.076413596231108	0.19603999215840032	1.0	200	457	200	1.0
CHH	loss	GO:0009555	pollen development	7	AT1G69540;AT2G38195;AT2G38220;AT3G07610;AT3G23670;AT3G50590;AT5G58230	38.045	5.368703288504573	0.18399264029438822	1.0	200	457	200	1.0
CHH	loss	GO:0009605	response to external stimulus	33	AT1G14320;AT1G21835;AT1G25220;AT1G52940;AT1G58390;AT1G66730;AT1G69940;AT1G71930;AT1G73260;AT2G30110;AT2G31910;AT2G48060;AT3G01300;AT3G02260;AT3G09200;AT3G10985;AT3G23780;AT3G45140;AT3G46510;AT3G49120;AT4G08290;AT4G08850;AT4G14276;AT4G16860;AT4G16890;AT4G20380;AT5G08055;AT5G24540;AT5G45900;AT5G51820;AT5G52605;AT5G59700;AT5G64120	118.125	9.546694454102983	0.27936507936507937	1.0	200	457	200	1.0
CHH	loss	GO:0009607	response to biotic stimulus	29	AT1G14320;AT1G21835;AT1G25220;AT1G52940;AT1G58390;AT1G66730;AT1G69940;AT1G71930;AT1G73260;AT2G30110;AT3G01300;AT3G02260;AT3G09200;AT3G10985;AT3G23780;AT3G45140;AT3G46510;AT3G49120;AT4G08290;AT4G08850;AT4G14276;AT4G16860;AT4G16890;AT4G20380;AT5G08055;AT5G24540;AT5G45900;AT5G52605;AT5G64120	100.15	8.956422276779877	0.2895656515227159	1.0	200	457	200	1.0
CHH	loss	GO:0009611	response to wounding	5	AT1G73260;AT1G76690;AT2G42430;AT3G45140;AT5G04230	21.33	4.640161635115753	0.23441162681669012	1.0	200	457	200	1.0
CHH	loss	GO:0009617	response to bacterium	12	AT1G25220;AT1G52940;AT1G66730;AT1G69940;AT1G73260;AT3G01300;AT3G09200;AT3G45140;AT3G46510;AT3G49120;AT4G08850;AT4G16890	45.155	5.93809523332187	0.2657513010740782	1.0	200	457	200	1.0
CHH	loss	GO:0009620	response to fungus	15	AT1G52940;AT1G71930;AT1G73260;AT3G02260;AT3G10985;AT3G23780;AT3G45140;AT3G49120;AT4G08290;AT4G14276;AT4G16860;AT5G08055;AT5G45900;AT5G52605;AT5G64120	30.29	5.214968839791859	0.4952129415648729	1.0	200	457	200	1.0
CHH	loss	GO:0009624	response to nematode	3	AT1G21835;AT1G73260;AT3G10985	8.065	2.7732246573258363	0.3719776813391197	0.9800995024875622	196	457	200	1.0
CHH	loss	GO:0009628	response to abiotic stimulus	34	AT1G10570;AT1G13440;AT1G14320;AT1G15690;AT1G20450;AT1G33910;AT1G36060;AT1G44575;AT1G53240;AT1G54830;AT1G60130;AT1G66730;AT1G80340;AT2G01900;AT2G17690;AT2G33700;AT2G36460;AT2G36750;AT2G38170;AT2G48060;AT3G02260;AT3G12630;AT3G20660;AT3G44110;AT3G45140;AT3G46610;AT3G49120;AT3G52150;AT4G20380;AT5G03500;AT5G04590;AT5G06290;AT5G51820;AT5G67060	183.0	11.493476410555623	0.18579234972677597	1.0	200	457	200	1.0
CHH	loss	GO:0009636	response to toxic substance	8	AT1G23300;AT1G65990;AT3G09270;AT3G49120;AT5G06290;AT5G17220;AT5G42180;AT5G64120	21.67	4.673446265872747	0.36917397323488693	1.0	200	457	200	1.0
CHH	loss	GO:0009639	response to red or far red light	3	AT1G80340;AT3G02260;AT5G03500	19.52	3.9660559753992386	0.15368852459016394	1.0	200	457	200	1.0
CHH	loss	GO:0009651	response to salt stress	8	AT1G10570;AT1G15690;AT1G60130;AT2G01900;AT2G33700;AT2G38170;AT3G44110;AT3G52150	38.325	5.7800843419451695	0.20874103065883887	1.0	200	457	200	1.0
CHH	loss	GO:0009653	anatomical structure morphogenesis	23	AT1G25220;AT1G69940;AT1G71410;AT1G72560;AT2G04160;AT2G07020;AT2G07040;AT2G36880;AT2G42430;AT3G01300;AT3G02260;AT3G14067;AT3G23380;AT3G26870;AT3G49120;AT3G59420;AT4G00020;AT4G01460;AT4G12420;AT4G20380;AT4G26540;AT5G16490;AT5G67060	94.53	8.443879440162464	0.24330900243309003	1.0	200	457	200	1.0
CHH	loss	GO:0009657	plastid organization	4	AT1G44575;AT2G39140;AT3G46610;AT3G54090	23.435	4.127441701587081	0.17068487305312569	1.0	200	457	200	1.0
CHH	loss	GO:0009664	plant-type cell wall organization	6	AT1G15690;AT2G27380;AT3G28550;AT3G54590;AT5G11420;AT5G16490	12.715	3.3725027798357696	0.47188360204482893	0.9800995024875622	196	457	200	1.0
CHH	loss	GO:0009685	gibberellin metabolic process	3	AT1G36060;AT1G44090;AT1G80340	2.485	1.4525064543746444	1.2072434607645877	0.44776119402985076	89	457	200	1.0
CHH	loss	GO:0009694	jasmonic acid metabolic process	3	AT1G76690;AT3G45140;AT4G08850	2.65	1.617868968736344	1.1320754716981132	0.4975124378109453	99	457	200	1.0
CHH	loss	GO:0009695	jasmonic acid biosynthetic process	3	AT1G76690;AT3G45140;AT4G08850	2.18	1.4344336861632883	1.3761467889908257	0.3781094527363184	75	457	200	1.0
CHH	loss	GO:0009698	phenylpropanoid metabolic process	6	AT2G21100;AT2G30210;AT5G04230;AT5G48100;AT5G60020;AT5G64120	10.665	3.2253333161085878	0.5625879043600563	0.9601990049751243	192	457	200	1.0
CHH	loss	GO:0009699	phenylpropanoid biosynthetic process	4	AT2G21100;AT5G04230;AT5G48100;AT5G60020	6.855	2.5404674766664486	0.5835156819839533	0.9303482587064676	186	457	200	1.0
CHH	loss	GO:0009719	response to endogenous stimulus	24	AT1G20450;AT1G25220;AT1G34170;AT1G34310;AT1G34390;AT1G34410;AT1G35240;AT1G35540;AT1G49190;AT1G54830;AT1G62380;AT1G71930;AT1G72610;AT2G01950;AT2G04160;AT2G15230;AT2G33700;AT3G02260;AT3G45140;AT4G00970;AT4G14940;AT4G16890;AT4G30080;AT5G53160	106.73	9.49458266592061	0.22486648552421998	1.0	200	457	200	1.0
CHH	loss	GO:0009725	response to hormone	24	AT1G20450;AT1G25220;AT1G34170;AT1G34310;AT1G34390;AT1G34410;AT1G35240;AT1G35540;AT1G49190;AT1G54830;AT1G62380;AT1G71930;AT1G72610;AT2G01950;AT2G04160;AT2G15230;AT2G33700;AT3G02260;AT3G45140;AT4G00970;AT4G14940;AT4G16890;AT4G30080;AT5G53160	106.485	9.493143578393788	0.22538385688125087	1.0	200	457	200	1.0
CHH	loss	GO:0009733	response to auxin	7	AT1G71930;AT1G72610;AT2G01950;AT2G04160;AT3G02260;AT4G16890;AT4G30080	27.795	5.0698101542365395	0.2518438568087785	1.0	200	457	200	1.0
CHH	loss	GO:0009737	response to abscisic acid	6	AT1G20450;AT1G54830;AT1G71930;AT2G33700;AT4G00970;AT5G53160	41.565	6.073366035404106	0.14435221941537352	1.0	200	457	200	1.0
CHH	loss	GO:0009751	response to salicylic acid	3	AT1G73260;AT4G16890;AT4G20380	13.935	3.5271482815441675	0.21528525296017223	1.0	200	457	200	1.0
CHH	loss	GO:0009755	hormone-mediated signaling pathway	6	AT1G49190;AT1G54830;AT1G72610;AT2G01950;AT4G14940;AT5G53160	37.325	5.239215112972545	0.1607501674480911	1.0	200	457	200	1.0
CHH	loss	GO:0009791	post-embryonic development	31	AT1G08410;AT1G10570;AT1G23290;AT1G25220;AT1G54830;AT1G66730;AT1G71692;AT1G72560;AT1G76950;AT1G80340;AT2G04160;AT2G27380;AT2G31215;AT2G42430;AT2G48130;AT3G02260;AT3G07610;AT3G44110;AT3G46330;AT3G59420;AT3G60960;AT4G00020;AT4G01460;AT4G13610;AT5G03500;AT5G03800;AT5G04560;AT5G11420;AT5G23660;AT5G58230;AT5G67060	135.755	10.839048620612392	0.2283525468675187	1.0	200	457	200	1.0
CHH	loss	GO:0009793	embryo development ending in seed dormancy	10	AT1G08410;AT3G46330;AT3G59420;AT3G60960;AT4G00020;AT4G13610;AT5G03800;AT5G04560;AT5G23660;AT5G58230	44.13	6.128874284891137	0.22660321776569226	1.0	200	457	200	1.0
CHH	loss	GO:0009808	lignin metabolic process	4	AT2G30210;AT5G48100;AT5G60020;AT5G64120	4.695	1.8444443607764363	0.8519701810436634	0.7263681592039801	145	457	200	1.0
CHH	loss	GO:0009812	flavonoid metabolic process	4	AT3G58110;AT5G17220;AT5G48100;AT5G63595	4.615	2.1969922621620674	0.866738894907909	0.7064676616915423	141	457	200	1.0
CHH	loss	GO:0009813	flavonoid biosynthetic process	3	AT3G58110;AT5G48100;AT5G63595	3.52	1.918228349284829	0.8522727272727273	0.6766169154228856	135	457	200	1.0
CHH	loss	GO:0009826	unidimensional cell growth	10	AT1G69940;AT2G07020;AT2G07040;AT2G36880;AT3G02260;AT3G23380;AT3G26870;AT3G49120;AT4G12420;AT5G16490	27.965	4.849100432038917	0.3575898444484177	1.0	200	457	200	1.0
CHH	loss	GO:0009845	seed germination	5	AT1G66730;AT1G80340;AT2G27380;AT2G48130;AT5G11420	10.345	2.97925745782401	0.4833252779120348	0.9850746268656716	197	457	200	1.0
CHH	loss	GO:0009856	pollination	11	AT1G69940;AT2G07020;AT2G07040;AT2G31910;AT2G36880;AT3G23380;AT3G26870;AT4G08850;AT4G16295;AT5G16490;AT5G59700	26.03	4.745429379940237	0.42258932001536686	1.0	200	457	200	1.0
CHH	loss	GO:0009860	pollen tube growth	7	AT1G69940;AT2G07020;AT2G07040;AT2G36880;AT3G23380;AT3G26870;AT5G16490	13.11	3.465241694312246	0.5339435545385203	0.9701492537313433	194	457	200	1.0
CHH	loss	GO:0009889	regulation of biosynthetic process	52	AT1G08910;AT1G13440;AT1G15690;AT1G19510;AT1G25220;AT1G31640;AT1G34170;AT1G34310;AT1G34390;AT1G34410;AT1G35240;AT1G35540;AT1G36060;AT1G49120;AT1G49190;AT1G55950;AT1G62310;AT1G62975;AT1G66140;AT1G69540;AT1G71692;AT1G71930;AT2G10440;AT2G22750;AT2G31215;AT2G42430;AT3G03260;AT3G07610;AT3G20880;AT3G23780;AT3G24050;AT3G32090;AT3G32280;AT3G46610;AT3G48480;AT3G58110;AT4G00020;AT4G00540;AT4G01460;AT4G04030;AT4G10920;AT4G20380;AT4G29230;AT4G30080;AT4G37540;AT5G03500;AT5G04560;AT5G04590;AT5G17220;AT5G39690;AT5G58230;AT5G67060	201.39	12.847096948338653	0.25820547196980986	1.0	200	457	200	1.0
CHH	loss	GO:0009890	negative regulation of biosynthetic process	8	AT3G07610;AT3G23780;AT3G32280;AT3G58110;AT4G04030;AT4G37540;AT5G04590;AT5G58230	50.57	6.641167066111179	0.15819655922483686	1.0	200	457	200	1.0
CHH	loss	GO:0009891	positive regulation of biosynthetic process	12	AT1G13440;AT1G31640;AT1G36060;AT1G69540;AT1G71692;AT1G71930;AT2G10440;AT2G42430;AT3G46610;AT4G10920;AT4G29230;AT5G67060	41.72	5.9347788501341885	0.28763183125599234	1.0	200	457	200	1.0
CHH	loss	GO:0009892	negative regulation of metabolic process	9	AT1G20330;AT3G07610;AT3G23780;AT3G32280;AT3G58110;AT4G04030;AT4G37540;AT5G04590;AT5G58230	57.575	7.130524174280575	0.15631784628745116	1.0	200	457	200	1.0
CHH	loss	GO:0009893	positive regulation of metabolic process	13	AT1G13440;AT1G31640;AT1G36060;AT1G69540;AT1G71692;AT1G71930;AT2G10440;AT2G42430;AT3G46610;AT3G59420;AT4G10920;AT4G29230;AT5G67060	49.985	6.21407877323743	0.26007802340702213	1.0	200	457	200	1.0
CHH	loss	GO:0009908	flower development	5	AT1G23290;AT1G72560;AT2G31215;AT3G07610;AT5G67060	35.835	5.917581854102214	0.13952839402818473	1.0	200	457	200	1.0
CHH	loss	GO:0009914	hormone transport	3	AT1G15690;AT3G02260;AT3G62150	12.35	3.4128433893163055	0.24291497975708504	1.0	200	457	200	1.0
CHH	loss	GO:0009932	cell tip growth	8	AT1G69940;AT2G07020;AT2G07040;AT2G36880;AT3G23380;AT3G26870;AT4G12420;AT5G16490	16.3	3.8820097887563336	0.49079754601226994	1.0	200	457	200	1.0
CHH	loss	GO:0009966	regulation of signal transduction	8	AT1G15670;AT1G66140;AT3G26940;AT3G60860;AT3G62150;AT4G20380;AT5G39500;AT5G53160	32.19	5.100382338609543	0.24852438645542096	1.0	200	457	200	1.0
CHH	loss	GO:0009987	cellular process	237	AT1G03930;AT1G05520;AT1G06080;AT1G07380;AT1G07920;AT1G08410;AT1G08910;AT1G10570;AT1G10970;AT1G11590;AT1G13440;AT1G14110;AT1G14320;AT1G15690;AT1G17150;AT1G20330;AT1G20450;AT1G21230;AT1G21890;AT1G23290;AT1G23300;AT1G25220;AT1G29830;AT1G29930;AT1G30900;AT1G31740;AT1G33910;AT1G36060;AT1G44090;AT1G44575;AT1G44980;AT1G49190;AT1G53240;AT1G54830;AT1G62310;AT1G62380;AT1G62910;AT1G64480;AT1G65350;AT1G65990;AT1G66140;AT1G66210;AT1G66730;AT1G67120;AT1G67340;AT1G69940;AT1G71410;AT1G71920;AT1G71930;AT1G72560;AT1G72610;AT1G73260;AT1G74770;AT1G75890;AT1G76690;AT1G78500;AT1G78955;AT1G78960;AT1G80340;AT2G01900;AT2G01950;AT2G01990;AT2G04160;AT2G04350;AT2G07020;AT2G07040;AT2G07200;AT2G07560;AT2G07681;AT2G07695;AT2G07715;AT2G07727;AT2G11045;AT2G15230;AT2G21100;AT2G23580;AT2G26510;AT2G27380;AT2G27920;AT2G28640;AT2G29040;AT2G30110;AT2G30210;AT2G30290;AT2G31910;AT2G32620;AT2G32660;AT2G36460;AT2G36710;AT2G36880;AT2G38170;AT2G38195;AT2G38220;AT2G39140;AT2G44540;AT2G47830;AT2G48060;AT3G01300;AT3G02260;AT3G05155;AT3G07610;AT3G08940;AT3G09200;AT3G09270;AT3G10900;AT3G10950;AT3G12290;AT3G12630;AT3G13620;AT3G14067;AT3G16680;AT3G18930;AT3G20660;AT3G23380;AT3G23410;AT3G23670;AT3G23780;AT3G26380;AT3G26870;AT3G27980;AT3G28080;AT3G28345;AT3G28550;AT3G29740;AT3G30842;AT3G32280;AT3G42550;AT3G44110;AT3G44890;AT3G45140;AT3G46000;AT3G46510;AT3G46610;AT3G48480;AT3G49120;AT3G49160;AT3G49220;AT3G49840;AT3G50590;AT3G53720;AT3G53960;AT3G54090;AT3G54590;AT3G58110;AT3G59360;AT3G59420;AT3G60750;AT3G60860;AT3G62150;AT4G00020;AT4G00360;AT4G00416;AT4G01460;AT4G01690;AT4G02130;AT4G03930;AT4G08290;AT4G08300;AT4G08630;AT4G08850;AT4G08990;AT4G12420;AT4G13370;AT4G13650;AT4G14140;AT4G14940;AT4G15110;AT4G15735;AT4G16295;AT4G16860;AT4G16890;AT4G18690;AT4G20170;AT4G20380;AT4G21640;AT4G23560;AT4G28850;AT4G29060;AT4G29230;AT4G30080;AT4G30190;AT4G30350;AT4G31900;AT4G35930;AT4G38270;AT4G39280;AT5G03800;AT5G03820;AT5G04230;AT5G04560;AT5G04590;AT5G05260;AT5G06290;AT5G10560;AT5G11420;AT5G13230;AT5G13630;AT5G13640;AT5G13980;AT5G16490;AT5G17220;AT5G18840;AT5G23660;AT5G24540;AT5G24650;AT5G25510;AT5G26290;AT5G27360;AT5G27870;AT5G28030;AT5G28550;AT5G35630;AT5G37630;AT5G38450;AT5G39500;AT5G39770;AT5G39920;AT5G40950;AT5G41610;AT5G42180;AT5G45900;AT5G48100;AT5G48360;AT5G49010;AT5G51820;AT5G53160;AT5G53190;AT5G57350;AT5G58180;AT5G58230;AT5G58240;AT5G58980;AT5G59850;AT5G60020;AT5G60390;AT5G63595;AT5G64120	941.615	15.729487436020678	0.25169522575574943	1.0	200	457	200	1.0
CHH	loss	GO:0010015	root morphogenesis	8	AT1G25220;AT1G71410;AT2G04160;AT2G42430;AT3G01300;AT3G02260;AT3G59420;AT4G26540	31.98	4.982930864461188	0.2501563477173233	1.0	200	457	200	1.0
CHH	loss	GO:0010016	shoot system morphogenesis	3	AT3G02260;AT3G14067;AT4G01460	19.385	4.134824663755396	0.15475883415011607	1.0	200	457	200	1.0
CHH	loss	GO:0010029	regulation of seed germination	6	AT1G20450;AT1G36060;AT1G54830;AT1G62380;AT2G15230;AT3G52150	8.275	2.4350308006265533	0.7250755287009063	0.8855721393034826	177	457	200	1.0
CHH	loss	GO:0010038	response to metal ion	6	AT1G13440;AT3G09200;AT5G28030;AT5G35630;AT5G45900;AT5G48100	20.285	4.250149997353037	0.2957850628543259	1.0	200	457	200	1.0
CHH	loss	GO:0010087	phloem or xylem histogenesis	4	AT1G71930;AT3G01300;AT3G21710;AT4G14940	11.345	3.3235485553847366	0.3525782282944028	1.0	200	457	200	1.0
CHH	loss	GO:0010089	xylem development	3	AT1G71930;AT3G21710;AT4G14940	4.34	1.9708881246788208	0.6912442396313364	0.8258706467661692	165	457	200	1.0
CHH	loss	GO:0010101	post-embryonic root morphogenesis	5	AT1G25220;AT2G04160;AT2G42430;AT3G02260;AT3G59420	7.425	2.3820946664647913	0.6734006734006734	0.9253731343283582	185	457	200	1.0
CHH	loss	GO:0010102	lateral root morphogenesis	5	AT1G25220;AT2G04160;AT2G42430;AT3G02260;AT3G59420	7.37	2.386021793697617	0.6784260515603799	0.9203980099502488	184	457	200	1.0
CHH	loss	GO:0010150	leaf senescence	3	AT3G10985;AT3G14067;AT5G45900	9.93	2.7901792057142134	0.3021148036253776	1.0	200	457	200	1.0
CHH	loss	GO:0010154	fruit development	12	AT1G08410;AT1G66730;AT2G48130;AT3G46330;AT3G59420;AT3G60960;AT4G00020;AT4G13610;AT5G03800;AT5G04560;AT5G23660;AT5G58230	64.47	7.489265651584282	0.18613308515588647	1.0	200	457	200	1.0
CHH	loss	GO:0010183	pollen tube guidance	3	AT2G31910;AT4G08850;AT5G59700	4.395	1.941384815022515	0.6825938566552902	0.8258706467661692	165	457	200	1.0
CHH	loss	GO:0010228	vegetative to reproductive phase transition of meristem	4	AT1G10570;AT1G54830;AT1G71692;AT3G44110	18.89	4.110705535549827	0.21175224986765484	1.0	200	457	200	1.0
CHH	loss	GO:0010311	lateral root formation	4	AT1G25220;AT2G42430;AT3G02260;AT3G59420	5.44	2.0015993605114875	0.7352941176470588	0.8208955223880597	164	457	200	1.0
CHH	loss	GO:0010374	stomatal complex development	3	AT1G76950;AT3G07610;AT4G01460	6.075	2.253746880197508	0.49382716049382713	0.9552238805970149	191	457	200	1.0
CHH	loss	GO:0010467	gene expression	25	AT1G07920;AT1G08410;AT1G14320;AT1G20450;AT1G23290;AT1G62910;AT2G07715;AT2G11045;AT2G39140;AT3G10950;AT3G16680;AT3G23780;AT3G44110;AT3G44890;AT3G46610;AT3G54090;AT4G18690;AT4G29060;AT4G30350;AT4G39280;AT5G39920;AT5G40950;AT5G58240;AT5G59850;AT5G60390	122.785	9.301009353828329	0.20360793256505275	1.0	200	457	200	1.0
CHH	loss	GO:0010468	regulation of gene expression	49	AT1G08910;AT1G13440;AT1G19510;AT1G31640;AT1G34170;AT1G34310;AT1G34390;AT1G34410;AT1G35240;AT1G35540;AT1G36060;AT1G49120;AT1G49190;AT1G55950;AT1G62310;AT1G62975;AT1G66140;AT1G69540;AT1G71692;AT1G71930;AT2G10440;AT2G22750;AT2G31215;AT2G42430;AT3G03260;AT3G07610;AT3G20880;AT3G23780;AT3G24050;AT3G32090;AT3G32280;AT3G46610;AT3G48480;AT3G58110;AT4G00020;AT4G00540;AT4G01460;AT4G04030;AT4G10920;AT4G20380;AT4G29230;AT4G30080;AT4G37540;AT5G03500;AT5G04560;AT5G04590;AT5G39690;AT5G58230;AT5G67060	186.31	12.097268286683562	0.2630025226772583	1.0	200	457	200	1.0
CHH	loss	GO:0010556	regulation of macromolecule biosynthetic process	50	AT1G08910;AT1G13440;AT1G15690;AT1G19510;AT1G31640;AT1G34170;AT1G34310;AT1G34390;AT1G34410;AT1G35240;AT1G35540;AT1G36060;AT1G49120;AT1G49190;AT1G55950;AT1G62310;AT1G62975;AT1G66140;AT1G69540;AT1G71692;AT1G71930;AT2G10440;AT2G22750;AT2G31215;AT2G42430;AT3G03260;AT3G07610;AT3G20880;AT3G23780;AT3G24050;AT3G32090;AT3G32280;AT3G46610;AT3G48480;AT3G58110;AT4G00020;AT4G00540;AT4G01460;AT4G04030;AT4G10920;AT4G20380;AT4G29230;AT4G30080;AT4G37540;AT5G03500;AT5G04560;AT5G04590;AT5G39690;AT5G58230;AT5G67060	190.565	12.317295766522951	0.26237766641303495	1.0	200	457	200	1.0
CHH	loss	GO:0010557	positive regulation of macromolecule biosynthetic process	11	AT1G13440;AT1G31640;AT1G69540;AT1G71692;AT1G71930;AT2G10440;AT2G42430;AT3G46610;AT4G10920;AT4G29230;AT5G67060	36.08	5.659823318797149	0.3048780487804878	1.0	200	457	200	1.0
CHH	loss	GO:0010558	negative regulation of macromolecule biosynthetic process	8	AT3G07610;AT3G23780;AT3G32280;AT3G58110;AT4G04030;AT4G37540;AT5G04590;AT5G58230	49.1	6.572670690062014	0.1629327902240326	1.0	200	457	200	1.0
CHH	loss	GO:0010604	positive regulation of macromolecule metabolic process	12	AT1G13440;AT1G31640;AT1G69540;AT1G71692;AT1G71930;AT2G10440;AT2G42430;AT3G46610;AT3G59420;AT4G10920;AT4G29230;AT5G67060	42.29	5.900499978815359	0.2837550248285647	1.0	200	457	200	1.0
CHH	loss	GO:0010605	negative regulation of macromolecule metabolic process	9	AT1G20330;AT3G07610;AT3G23780;AT3G32280;AT3G58110;AT4G04030;AT4G37540;AT5G04590;AT5G58230	53.21	6.7835020454039725	0.16914113888366847	1.0	200	457	200	1.0
CHH	loss	GO:0010608	post-transcriptional regulation of gene expression	3	AT3G23780;AT3G46610;AT3G58110	14.255	3.133683934285647	0.21045247281655557	1.0	200	457	200	1.0
CHH	loss	GO:0010629	negative regulation of gene expression	5	AT3G07610;AT3G23780;AT3G32280;AT3G58110;AT5G58230	33.41	5.016163872921247	0.149655791679138	1.0	200	457	200	1.0
CHH	loss	GO:0010646	regulation of cell communication	8	AT1G15670;AT1G66140;AT3G26940;AT3G60860;AT3G62150;AT4G20380;AT5G39500;AT5G53160	32.4	5.129327441292859	0.2469135802469136	1.0	200	457	200	1.0
CHH	loss	GO:0010817	regulation of hormone levels	7	AT1G08410;AT1G15690;AT1G25220;AT3G02260;AT3G62150;AT5G38450;AT5G67060	25.42	5.138443344048856	0.27537372147915024	1.0	200	457	200	1.0
CHH	loss	GO:0015031	protein transport	6	AT1G05520;AT1G30900;AT2G30290;AT3G53720;AT3G60860;AT5G24650	34.29	5.21017274185801	0.17497812773403326	1.0	200	457	200	1.0
CHH	loss	GO:0015931	nucleobase-containing compound transport	3	AT1G72560;AT3G59360;AT5G24650	10.11	2.8875422074837287	0.2967359050445104	1.0	200	457	200	1.0
CHH	loss	GO:0015979	photosynthesis	4	AT1G29930;AT3G08940;AT3G46610;AT3G60750	11.375	3.107149014772222	0.3516483516483517	0.9950248756218906	199	457	200	1.0
CHH	loss	GO:0015980	energy derivation by oxidation of organic compounds	5	AT1G13440;AT1G53240;AT2G07727;AT2G36460;AT3G49160	13.99	3.361532388658483	0.35739814152966404	1.0	200	457	200	1.0
CHH	loss	GO:0016042	lipid catabolic process	3	AT1G07380;AT1G36060;AT5G58980	7.675	2.580576485981378	0.39087947882736157	0.9900497512437811	198	457	200	1.0
CHH	loss	GO:0016043	cellular component organization	44	AT1G05520;AT1G11590;AT1G15690;AT1G44575;AT1G44980;AT1G62310;AT1G67120;AT1G69940;AT2G01990;AT2G07681;AT2G27380;AT2G36710;AT2G39140;AT3G07610;AT3G23670;AT3G23780;AT3G27980;AT3G28550;AT3G32280;AT3G46000;AT3G46610;AT3G48480;AT3G49220;AT3G49840;AT3G50590;AT3G54090;AT3G54590;AT4G00416;AT4G03930;AT4G13370;AT4G31900;AT5G04560;AT5G11420;AT5G16490;AT5G23660;AT5G24650;AT5G27870;AT5G37630;AT5G39500;AT5G39770;AT5G48360;AT5G53190;AT5G58180;AT5G58230	197.145	12.563199234271265	0.22318597986253771	1.0	200	457	200	1.0
CHH	loss	GO:0016049	cell growth	11	AT1G20330;AT1G69940;AT2G07020;AT2G07040;AT2G36880;AT3G02260;AT3G23380;AT3G26870;AT3G49120;AT4G12420;AT5G16490	37.685	5.422709193751768	0.2918933262571315	1.0	200	457	200	1.0
CHH	loss	GO:0016051	carbohydrate biosynthetic process	7	AT1G13440;AT2G32620;AT2G36460;AT3G60750;AT4G02130;AT4G38270;AT5G51820	31.96	5.064424942676099	0.2190237797246558	1.0	200	457	200	1.0
CHH	loss	GO:0016052	carbohydrate catabolic process	13	AT1G11590;AT1G13440;AT1G44980;AT1G69940;AT2G36460;AT2G36710;AT3G10900;AT3G27980;AT3G49160;AT3G49220;AT4G03930;AT5G10560;AT5G27870	18.67	4.119599495096578	0.6963042313872522	0.945273631840796	189	457	200	1.0
CHH	loss	GO:0016070	RNA metabolic process	13	AT1G08410;AT1G62910;AT2G11045;AT2G39140;AT3G16680;AT3G23780;AT3G54090;AT4G13650;AT4G18690;AT4G39280;AT5G03800;AT5G13230;AT5G39920	105.04	9.189036946274571	0.12376237623762376	1.0	200	457	200	1.0
CHH	loss	GO:0016072	rRNA metabolic process	3	AT1G08410;AT2G11045;AT2G39140	11.85	2.9694275542602524	0.25316455696202533	1.0	200	457	200	1.0
CHH	loss	GO:0016101	diterpenoid metabolic process	3	AT1G36060;AT1G44090;AT1G80340	4.735	2.0481149870063438	0.6335797254487856	0.8805970149253731	176	457	200	1.0
CHH	loss	GO:0016104	triterpenoid biosynthetic process	3	AT1G78500;AT1G78955;AT1G78960	1.575	1.1765946625750094	1.9047619047619049	0.19900497512437812	39	457	200	1.0
CHH	loss	GO:0016114	terpenoid biosynthetic process	6	AT1G44090;AT1G78500;AT1G78955;AT1G78960;AT1G80340;AT4G15110	10.365	3.001961858518523	0.5788712011577424	0.9651741293532339	193	457	200	1.0
CHH	loss	GO:0016192	vesicle-mediated transport	5	AT1G05520;AT2G28640;AT3G60860;AT5G39500;AT5G58180	35.565	5.557497188483337	0.14058765640376775	1.0	200	457	200	1.0
CHH	loss	GO:0016567	protein ubiquitination	9	AT1G67340;AT1G74770;AT2G30110;AT2G38195;AT2G38220;AT3G12630;AT3G18930;AT3G29740;AT3G46510	45.41	6.139372932148748	0.19819423034573883	1.0	200	457	200	1.0
CHH	loss	GO:0018205	peptidyl-lysine modification	3	AT1G08910;AT1G10570;AT3G48480	3.045	1.5852365754044413	0.9852216748768473	0.6567164179104478	131	457	200	1.0
CHH	loss	GO:0019219	regulation of nucleobase-containing compound metabolic process	42	AT1G13440;AT1G19510;AT1G20330;AT1G31640;AT1G34170;AT1G34310;AT1G34390;AT1G34410;AT1G35240;AT1G35540;AT1G36060;AT1G49120;AT1G49190;AT1G55950;AT1G62975;AT1G66140;AT1G69540;AT1G71692;AT1G71930;AT2G10440;AT2G22750;AT2G31215;AT2G42430;AT3G03260;AT3G20880;AT3G24050;AT3G32090;AT3G59420;AT4G00020;AT4G00540;AT4G01460;AT4G04030;AT4G10920;AT4G20380;AT4G29230;AT4G30080;AT4G37540;AT5G03500;AT5G04590;AT5G39690;AT5G58230;AT5G67060	155.545	11.155625262619875	0.2700183226718956	1.0	200	457	200	1.0
CHH	loss	GO:0019222	regulation of metabolic process	57	AT1G08910;AT1G13440;AT1G15670;AT1G15690;AT1G19510;AT1G20330;AT1G25220;AT1G31640;AT1G34170;AT1G34310;AT1G34390;AT1G34410;AT1G35240;AT1G35540;AT1G36060;AT1G49120;AT1G49190;AT1G55950;AT1G62310;AT1G62975;AT1G66140;AT1G69540;AT1G71692;AT1G71930;AT2G01900;AT2G10440;AT2G22750;AT2G31215;AT2G42430;AT3G03260;AT3G07610;AT3G20880;AT3G23780;AT3G24050;AT3G25800;AT3G32090;AT3G32280;AT3G46610;AT3G48480;AT3G58110;AT3G59420;AT4G00020;AT4G00540;AT4G01460;AT4G04030;AT4G10920;AT4G20380;AT4G29230;AT4G30080;AT4G37540;AT5G03500;AT5G04560;AT5G04590;AT5G17220;AT5G39690;AT5G58230;AT5G67060	226.985	13.626253153379773	0.2511179152807454	1.0	200	457	200	1.0
CHH	loss	GO:0019318	hexose metabolic process	3	AT1G13440;AT2G36460;AT5G13980	6.69	2.417415975789024	0.44843049327354256	0.9701492537313433	194	457	200	1.0
CHH	loss	GO:0019364	pyridine nucleotide catabolic process	3	AT1G13440;AT2G36460;AT3G49160	4.895	2.1128121071216923	0.6128702757916241	0.8606965174129353	172	457	200	1.0
CHH	loss	GO:0019538	protein metabolic process	42	AT1G07920;AT1G08910;AT1G10570;AT1G14320;AT1G20450;AT1G23290;AT1G65350;AT1G66210;AT1G67340;AT1G74770;AT2G04160;AT2G07200;AT2G07715;AT2G27920;AT2G29040;AT2G30110;AT2G38195;AT2G38220;AT2G39140;AT3G10950;AT3G12630;AT3G14067;AT3G18930;AT3G26380;AT3G29740;AT3G42550;AT3G44110;AT3G44890;AT3G46510;AT3G46610;AT3G48480;AT4G21640;AT4G29060;AT4G30350;AT4G35930;AT4G39280;AT5G28550;AT5G40950;AT5G45900;AT5G58240;AT5G59850;AT5G60390	177.815	11.446867475427629	0.23620054551078368	1.0	200	457	200	1.0
CHH	loss	GO:0019637	organophosphate metabolic process	4	AT1G13440;AT2G01900;AT2G36460;AT3G49160	52.535	7.562326031056852	0.0761397163795565	1.0	200	457	200	1.0
CHH	loss	GO:0019684	photosynthesis, light reaction	3	AT1G29930;AT3G08940;AT3G46610	6.52	2.357880404091777	0.4601226993865031	0.9651741293532339	193	457	200	1.0
CHH	loss	GO:0019693	ribose phosphate metabolic process	3	AT1G13440;AT2G36460;AT3G49160	11.8	3.2202484376209246	0.2542372881355932	1.0	200	457	200	1.0
CHH	loss	GO:0019725	cellular homeostasis	7	AT1G07380;AT1G74770;AT2G38170;AT3G53720;AT5G06290;AT5G28030;AT5G35630	19.325	4.2543360234001275	0.36222509702457956	1.0	200	457	200	1.0
CHH	loss	GO:0019748	secondary metabolic process	8	AT2G21100;AT2G30210;AT3G09270;AT5G04230;AT5G17220;AT5G48100;AT5G60020;AT5G64120	15.46	3.913872762367218	0.517464424320828	1.0	200	457	200	1.0
CHH	loss	GO:0019752	carboxylic acid metabolic process	19	AT1G06080;AT1G13440;AT1G25220;AT1G36060;AT1G44090;AT1G53240;AT1G71920;AT1G76690;AT1G80340;AT2G04350;AT2G23580;AT2G36460;AT3G45140;AT3G49160;AT4G00360;AT4G08850;AT5G04230;AT5G28030;AT5G35630	63.8	7.01569668671617	0.29780564263322884	1.0	200	457	200	1.0
CHH	loss	GO:0019760	glucosinolate metabolic process	3	AT1G66140;AT4G08850;AT5G05260	6.61	2.4673670176931517	0.45385779122541603	0.9601990049751243	192	457	200	1.0
CHH	loss	GO:0019941	modification-dependent protein catabolic process	4	AT1G65350;AT1G74770;AT2G30110;AT4G35930	21.555	4.330932347659106	0.1855717930874507	1.0	200	457	200	1.0
CHH	loss	GO:0019953	sexual reproduction	5	AT2G01990;AT3G23670;AT4G00020;AT5G26290;AT5G39770	23.385	4.954470203765475	0.2138122728244601	1.0	200	457	200	1.0
CHH	loss	GO:0021700	developmental maturation	3	AT1G69540;AT1G71410;AT5G23660	20.065	3.943447096133018	0.149514079242462	1.0	200	457	200	1.0
CHH	loss	GO:0022402	cell cycle process	6	AT2G01990;AT3G23670;AT4G08630;AT5G26290;AT5G37630;AT5G39770	37.595	5.690428367003689	0.15959569091634526	1.0	200	457	200	1.0
CHH	loss	GO:0022414	reproductive process	37	AT1G08410;AT1G10570;AT1G23290;AT1G54830;AT1G66730;AT1G69940;AT1G71692;AT1G72560;AT2G01990;AT2G07020;AT2G07040;AT2G31215;AT2G31910;AT2G36880;AT2G48130;AT3G02260;AT3G07610;AT3G23380;AT3G23670;AT3G26870;AT3G44110;AT3G46330;AT3G59420;AT3G60960;AT4G00020;AT4G08850;AT4G13610;AT4G16295;AT5G03800;AT5G04560;AT5G16490;AT5G23660;AT5G26290;AT5G39770;AT5G58230;AT5G59700;AT5G67060	151.98	11.383742794002462	0.24345308593235954	1.0	200	457	200	1.0
CHH	loss	GO:0022603	regulation of anatomical structure morphogenesis	4	AT1G62310;AT1G69540;AT2G07040;AT5G03500	16.095	3.7424557445613216	0.24852438645542096	1.0	200	457	200	1.0
CHH	loss	GO:0022604	regulation of cell morphogenesis	4	AT1G62310;AT1G69540;AT2G07040;AT5G03500	10.17	2.9951794603996613	0.39331366764995085	1.0	200	457	200	1.0
CHH	loss	GO:0022607	cellular component assembly	11	AT1G67120;AT2G07681;AT3G07610;AT3G23780;AT3G32280;AT3G46610;AT3G50590;AT5G16490;AT5G23660;AT5G53190;AT5G58230	57.39	6.556515843037339	0.19167102282627635	1.0	200	457	200	1.0
CHH	loss	GO:0022613	ribonucleoprotein complex biogenesis	5	AT1G08410;AT1G67120;AT2G11045;AT2G39140;AT3G09200	16.385	3.561849940690918	0.3051571559353067	1.0	200	457	200	1.0
CHH	loss	GO:0022622	root system development	11	AT1G25220;AT1G71410;AT1G71692;AT2G04160;AT2G42430;AT3G01300;AT3G02260;AT3G20880;AT3G59420;AT4G26540;AT4G30080	56.79	6.704170343897906	0.19369607325233315	1.0	200	457	200	1.0
CHH	loss	GO:0023051	regulation of signaling	8	AT1G15670;AT1G66140;AT3G26940;AT3G60860;AT3G62150;AT4G20380;AT5G39500;AT5G53160	32.465	5.156430451387854	0.24641922069921451	1.0	200	457	200	1.0
CHH	loss	GO:0023052	signaling	21	AT1G03930;AT1G14320;AT1G21230;AT1G33910;AT1G49190;AT1G54830;AT1G64480;AT1G72610;AT2G01950;AT2G32660;AT2G36460;AT3G01300;AT3G46510;AT3G49120;AT4G14940;AT4G15735;AT4G16860;AT4G16890;AT4G20380;AT5G25510;AT5G53160	101.39	8.811237143557069	0.20712101785185916	1.0	200	457	200	1.0
CHH	loss	GO:0030001	metal ion transport	5	AT1G10970;AT1G29830;AT1G74770;AT2G07681;AT2G38170	24.685	4.316917302891043	0.20255215718047398	1.0	200	457	200	1.0
CHH	loss	GO:0030003	intracellular monoatomic cation homeostasis	3	AT1G74770;AT2G38170;AT3G53720	10.76	3.108440123277269	0.2788104089219331	0.9950248756218906	199	457	200	1.0
CHH	loss	GO:0030154	cell differentiation	13	AT1G69940;AT1G71410;AT1G71930;AT2G07020;AT2G07040;AT2G36880;AT3G23380;AT3G26870;AT3G59420;AT4G01460;AT4G29230;AT5G16490;AT5G58230	54.34	6.717469761748072	0.23923444976076552	1.0	200	457	200	1.0
CHH	loss	GO:0030163	protein catabolic process	4	AT1G65350;AT1G74770;AT2G30110;AT4G35930	26.235	4.932522174303937	0.15246807699637888	1.0	200	457	200	1.0
CHH	loss	GO:0031047	regulatory ncRNA-mediated gene silencing	3	AT3G07610;AT3G23780;AT3G32280	16.13	3.4846951086142393	0.18598884066955984	1.0	200	457	200	1.0
CHH	loss	GO:0031048	regulatory ncRNA-mediated heterochromatin formation	3	AT3G07610;AT3G23780;AT3G32280	6.855	2.2614099584109	0.437636761487965	0.9751243781094527	195	457	200	1.0
CHH	loss	GO:0031347	regulation of defense response	4	AT3G01300;AT3G49120;AT4G00020;AT4G08850	26.755	4.532656505847318	0.14950476546439917	1.0	200	457	200	1.0
CHH	loss	GO:0031349	positive regulation of defense response	3	AT3G01300;AT3G49120;AT4G08850	12.015	3.259566688994106	0.24968789013732834	1.0	200	457	200	1.0
CHH	loss	GO:0031507	heterochromatin formation	4	AT3G07610;AT3G23780;AT3G32280;AT5G58230	10.005	2.5524449063593866	0.39980009995002497	0.9950248756218906	199	457	200	1.0
CHH	loss	GO:0032446	protein modification by small protein conjugation	10	AT1G08910;AT1G67340;AT1G74770;AT2G30110;AT2G38195;AT2G38220;AT3G12630;AT3G18930;AT3G29740;AT3G46510	47.77	6.285467365279993	0.20933640360058614	1.0	200	457	200	1.0
CHH	loss	GO:0032501	multicellular organismal process	60	AT1G08410;AT1G10570;AT1G15690;AT1G20330;AT1G23290;AT1G25220;AT1G54830;AT1G66730;AT1G67120;AT1G69540;AT1G69940;AT1G71410;AT1G71692;AT1G72560;AT1G76950;AT1G80340;AT2G01950;AT2G04160;AT2G07020;AT2G07040;AT2G27380;AT2G31215;AT2G31910;AT2G36880;AT2G38195;AT2G38220;AT2G42430;AT2G48130;AT3G01300;AT3G02260;AT3G07610;AT3G10985;AT3G14067;AT3G20880;AT3G23380;AT3G23670;AT3G26870;AT3G44110;AT3G46330;AT3G50590;AT3G59420;AT3G60960;AT4G00020;AT4G01460;AT4G08850;AT4G13610;AT4G16295;AT4G26540;AT4G30080;AT5G03500;AT5G03800;AT5G04560;AT5G11420;AT5G16490;AT5G23660;AT5G26290;AT5G45900;AT5G58230;AT5G59700;AT5G67060	253.27	12.91925307438463	0.23690133059580684	1.0	200	457	200	1.0
CHH	loss	GO:0032502	developmental process	67	AT1G08410;AT1G10570;AT1G14320;AT1G15690;AT1G20330;AT1G23290;AT1G25220;AT1G54830;AT1G66730;AT1G67120;AT1G69540;AT1G69940;AT1G71410;AT1G71692;AT1G71930;AT1G72560;AT1G76950;AT1G80340;AT2G01950;AT2G04160;AT2G07020;AT2G07040;AT2G27380;AT2G31215;AT2G31910;AT2G36880;AT2G38195;AT2G38220;AT2G42430;AT2G48130;AT3G01300;AT3G02260;AT3G07610;AT3G10985;AT3G14067;AT3G20880;AT3G21710;AT3G23380;AT3G23670;AT3G26870;AT3G44110;AT3G46330;AT3G49120;AT3G50590;AT3G59420;AT3G60960;AT4G00020;AT4G01460;AT4G08850;AT4G12420;AT4G13610;AT4G14940;AT4G20380;AT4G26540;AT4G29230;AT4G30080;AT5G03500;AT5G03800;AT5G04560;AT5G11420;AT5G16490;AT5G23660;AT5G26290;AT5G45900;AT5G58230;AT5G59700;AT5G67060	270.82	13.458365428238567	0.2473967949191345	1.0	200	457	200	1.0
CHH	loss	GO:0032774	RNA biosynthetic process	9	AT1G08410;AT1G62910;AT2G11045;AT2G39140;AT3G16680;AT3G23780;AT3G54090;AT4G18690;AT5G39920	74.785	7.847214473939199	0.12034498896837602	1.0	200	457	200	1.0
CHH	loss	GO:0032787	monocarboxylic acid metabolic process	11	AT1G06080;AT1G13440;AT1G76690;AT2G04350;AT2G23580;AT2G36460;AT3G45140;AT3G49160;AT4G00360;AT4G08850;AT5G04230	33.035	5.063968305588043	0.33298017254427126	1.0	200	457	200	1.0
CHH	loss	GO:0032870	cellular response to hormone stimulus	7	AT1G49190;AT1G54830;AT1G71930;AT1G72610;AT2G01950;AT4G14940;AT5G53160	44.315	5.718896309603835	0.15796005867087895	1.0	200	457	200	1.0
CHH	loss	GO:0032879	regulation of localization	5	AT1G08410;AT1G74770;AT2G01900;AT5G16490;AT5G67060	13.085	3.3343327668365665	0.38211692777990064	1.0	200	457	200	1.0
CHH	loss	GO:0033036	macromolecule localization	8	AT1G05520;AT1G30900;AT1G72560;AT2G30290;AT2G48130;AT3G53720;AT3G60860;AT5G24650	60.515	7.05335203998778	0.13219862843922994	1.0	200	457	200	1.0
CHH	loss	GO:0033365	protein localization to organelle	3	AT1G30900;AT2G30290;AT3G53720	16.81	3.8566695476797137	0.17846519928613921	1.0	200	457	200	1.0
CHH	loss	GO:0033554	cellular response to stress	12	AT1G07380;AT1G33910;AT1G65990;AT1G66730;AT2G01900;AT2G36460;AT3G20660;AT4G00020;AT4G20380;AT5G04560;AT5G39770;AT5G58980	84.345	8.739334928929084	0.14227280810955006	1.0	200	457	200	1.0
CHH	loss	GO:0033993	response to lipid	13	AT1G20450;AT1G54830;AT1G62380;AT1G71930;AT2G01950;AT2G15230;AT2G33700;AT3G01300;AT3G45140;AT4G00970;AT4G14940;AT4G30350;AT5G53160	71.715	8.11010326691336	0.1812730948894931	1.0	200	457	200	1.0
CHH	loss	GO:0034219	carbohydrate transmembrane transport	4	AT5G18840;AT5G23660;AT5G27360;AT5G53190	5.875	2.163186307279149	0.6808510638297872	0.8756218905472637	175	457	200	1.0
CHH	loss	GO:0034220	monoatomic ion transmembrane transport	15	AT1G10970;AT1G15690;AT1G74770;AT2G07560;AT2G07695;AT2G07727;AT2G26510;AT2G31910;AT2G38170;AT2G47830;AT2G48060;AT3G53720;AT4G30190;AT5G41610;AT5G57350	40.005	5.714453167189308	0.3749531308586426	1.0	200	457	200	1.0
CHH	loss	GO:0034599	cellular response to oxidative stress	3	AT1G07380;AT1G65990;AT5G58980	5.585	2.2164780621517544	0.5371530886302597	0.9303482587064676	186	457	200	1.0
CHH	loss	GO:0034654	nucleobase-containing compound biosynthetic process	10	AT1G08410;AT1G62910;AT1G66730;AT2G11045;AT2G39140;AT3G16680;AT3G23780;AT3G54090;AT4G18690;AT5G39920	95.89	8.868365125545967	0.10428616122640526	1.0	200	457	200	1.0
CHH	loss	GO:0034655	nucleobase-containing compound catabolic process	4	AT1G13440;AT2G36460;AT3G49160;AT5G39770	14.725	3.6605156740546807	0.27164685908319186	1.0	200	457	200	1.0
CHH	loss	GO:0035556	intracellular signal transduction	5	AT1G14320;AT1G33910;AT1G49190;AT1G64480;AT2G36460	32.53	4.8030302934709805	0.1537042729787888	1.0	200	457	200	1.0
CHH	loss	GO:0036211	protein modification process	13	AT1G08910;AT1G10570;AT1G67340;AT1G74770;AT2G30110;AT2G38195;AT2G38220;AT3G12630;AT3G18930;AT3G29740;AT3G46510;AT3G48480;AT5G45900	81.055	7.703374260673005	0.16038492381716118	1.0	200	457	200	1.0
CHH	loss	GO:0040007	growth	11	AT1G20330;AT1G69940;AT2G07020;AT2G07040;AT2G36880;AT3G02260;AT3G23380;AT3G26870;AT3G49120;AT4G12420;AT5G16490	45.215	5.977355184360353	0.24328209664934203	1.0	200	457	200	1.0
CHH	loss	GO:0040008	regulation of growth	5	AT1G67120;AT1G69540;AT2G07040;AT4G26540;AT5G03500	25.195	4.109376473383754	0.19845207382417146	1.0	200	457	200	1.0
CHH	loss	GO:0040011	locomotion	3	AT2G31910;AT4G08850;AT5G59700	4.395	1.941384815022515	0.6825938566552902	0.8258706467661692	165	457	200	1.0
CHH	loss	GO:0040029	epigenetic regulation of gene expression	7	AT1G62310;AT3G07610;AT3G23780;AT3G32280;AT3G48480;AT5G04560;AT5G58230	25.475	4.441776108720475	0.2747791952894995	1.0	200	457	200	1.0
CHH	loss	GO:0042221	response to chemical	57	AT1G07380;AT1G13440;AT1G15690;AT1G20450;AT1G23300;AT1G25220;AT1G34170;AT1G34310;AT1G34390;AT1G34410;AT1G35240;AT1G35540;AT1G36060;AT1G49190;AT1G54830;AT1G62380;AT1G65990;AT1G66730;AT1G71930;AT1G72610;AT1G73260;AT2G01900;AT2G01950;AT2G04160;AT2G15230;AT2G31910;AT2G33700;AT2G36460;AT3G01300;AT3G02260;AT3G09200;AT3G09270;AT3G10985;AT3G12630;AT3G20660;AT3G45140;AT3G49120;AT3G52150;AT4G00970;AT4G08850;AT4G14940;AT4G16890;AT4G20380;AT4G30080;AT4G30350;AT4G39795;AT5G06290;AT5G17220;AT5G28030;AT5G35630;AT5G42180;AT5G45900;AT5G48100;AT5G53160;AT5G58980;AT5G59700;AT5G64120	213.15	13.632956392507028	0.2674173117522871	1.0	200	457	200	1.0
CHH	loss	GO:0042254	ribosome biogenesis	5	AT1G08410;AT1G67120;AT2G11045;AT2G39140;AT3G09200	13.955	3.3455903813826326	0.35829451809387314	1.0	200	457	200	1.0
CHH	loss	GO:0042330	taxis	3	AT2G31910;AT4G08850;AT5G59700	4.395	1.941384815022515	0.6825938566552902	0.8258706467661692	165	457	200	1.0
CHH	loss	GO:0042440	pigment metabolic process	6	AT3G58110;AT4G01690;AT4G15110;AT5G13630;AT5G17220;AT5G63595	10.48	3.267965728094466	0.5725190839694656	0.9502487562189055	190	457	200	1.0
CHH	loss	GO:0042545	cell wall modification	9	AT1G11590;AT1G44980;AT1G69940;AT2G27380;AT2G36710;AT3G27980;AT3G49220;AT4G03930;AT5G27870	14.27	3.4186400804998494	0.6306937631394535	0.9502487562189055	190	457	200	1.0
CHH	loss	GO:0042546	cell wall biogenesis	4	AT1G14110;AT4G20170;AT4G28850;AT5G16490	18.675	3.6727884502105477	0.214190093708166	1.0	200	457	200	1.0
CHH	loss	GO:0042592	homeostatic process	8	AT1G07380;AT1G74770;AT2G38170;AT3G53720;AT5G06290;AT5G28030;AT5G35630;AT5G41610	30.845	5.395458738606019	0.259361322742746	1.0	200	457	200	1.0
CHH	loss	GO:0042742	defense response to bacterium	7	AT1G52940;AT1G69940;AT1G73260;AT3G09200;AT3G46510;AT3G49120;AT4G16890	34.18	5.068293598441193	0.2047981275599766	1.0	200	457	200	1.0
CHH	loss	GO:0042743	hydrogen peroxide metabolic process	3	AT3G49120;AT5G42180;AT5G64120	5.805	2.2196790308510836	0.516795865633075	0.9303482587064676	186	457	200	1.0
CHH	loss	GO:0042744	hydrogen peroxide catabolic process	3	AT3G49120;AT5G42180;AT5G64120	4.77	2.0017742130420215	0.628930817610063	0.8656716417910447	173	457	200	1.0
CHH	loss	GO:0042759	long-chain fatty acid biosynthetic process	3	AT1G76690;AT3G45140;AT4G08850	2.475	1.4863966496194752	1.2121212121212122	0.4527363184079602	90	457	200	1.0
CHH	loss	GO:0043067	regulation of programmed cell death	3	AT3G46510;AT4G14940;AT4G20380	7.67	2.472063915031325	0.39113428943937417	0.9900497512437811	198	457	200	1.0
CHH	loss	GO:0043170	macromolecule metabolic process	75	AT1G07920;AT1G08410;AT1G08910;AT1G10570;AT1G11590;AT1G14320;AT1G15690;AT1G20450;AT1G23290;AT1G44980;AT1G62910;AT1G65350;AT1G66210;AT1G66730;AT1G67340;AT1G69940;AT1G71930;AT1G74770;AT2G04160;AT2G07200;AT2G07715;AT2G11045;AT2G27920;AT2G29040;AT2G30110;AT2G32620;AT2G36710;AT2G38195;AT2G38220;AT2G39140;AT3G10900;AT3G10950;AT3G12630;AT3G14067;AT3G16680;AT3G18930;AT3G23780;AT3G26380;AT3G27980;AT3G29740;AT3G42550;AT3G44110;AT3G44890;AT3G46510;AT3G46610;AT3G48480;AT3G49220;AT3G54090;AT4G00020;AT4G02130;AT4G03930;AT4G13650;AT4G18690;AT4G21640;AT4G28850;AT4G29060;AT4G30350;AT4G35930;AT4G38270;AT4G39280;AT5G03800;AT5G04560;AT5G10560;AT5G13230;AT5G27870;AT5G28550;AT5G39770;AT5G39920;AT5G40950;AT5G45900;AT5G49010;AT5G51820;AT5G58240;AT5G59850;AT5G60390	352.655	15.659692685362906	0.21267244190497797	1.0	200	457	200	1.0
CHH	loss	GO:0043207	response to external biotic stimulus	29	AT1G14320;AT1G21835;AT1G25220;AT1G52940;AT1G58390;AT1G66730;AT1G69940;AT1G71930;AT1G73260;AT2G30110;AT3G01300;AT3G02260;AT3G09200;AT3G10985;AT3G23780;AT3G45140;AT3G46510;AT3G49120;AT4G08290;AT4G08850;AT4G14276;AT4G16860;AT4G16890;AT4G20380;AT5G08055;AT5G24540;AT5G45900;AT5G52605;AT5G64120	99.74	8.923698784696974	0.29075596551032684	1.0	200	457	200	1.0
CHH	loss	GO:0043412	macromolecule modification	18	AT1G08910;AT1G10570;AT1G67340;AT1G74770;AT2G11045;AT2G30110;AT2G38195;AT2G38220;AT2G39140;AT3G12630;AT3G18930;AT3G29740;AT3G46510;AT3G48480;AT4G13650;AT5G03800;AT5G13230;AT5G45900	106.33	9.649927460867273	0.16928430358318444	1.0	200	457	200	1.0
CHH	loss	GO:0043436	oxoacid metabolic process	21	AT1G06080;AT1G13440;AT1G25220;AT1G36060;AT1G44090;AT1G53240;AT1G66140;AT1G71920;AT1G76690;AT1G80340;AT2G04350;AT2G23580;AT2G36460;AT3G45140;AT3G49160;AT4G00360;AT4G08850;AT5G04230;AT5G05260;AT5G28030;AT5G35630	70.67	7.412900916645205	0.29715579453799346	1.0	200	457	200	1.0
CHH	loss	GO:0043632	modification-dependent macromolecule catabolic process	4	AT1G65350;AT1G74770;AT2G30110;AT4G35930	21.915	4.397473706572909	0.18252338580880675	1.0	200	457	200	1.0
CHH	loss	GO:0043687	post-translational protein modification	12	AT1G08910;AT1G10570;AT1G67340;AT1G74770;AT2G30110;AT2G38195;AT2G38220;AT3G12630;AT3G18930;AT3G29740;AT3G46510;AT3G48480	56.315	6.688480769203131	0.21308709935186007	1.0	200	457	200	1.0
CHH	loss	GO:0043933	protein-containing complex organization	6	AT1G67120;AT2G07681;AT3G46000;AT3G46610;AT5G23660;AT5G53190	28.545	4.41565114111158	0.21019442984760903	1.0	200	457	200	1.0
CHH	loss	GO:0044042	glucan metabolic process	3	AT2G32620;AT4G28850;AT5G51820	20.97	3.674112137646326	0.1430615164520744	1.0	200	457	200	1.0
CHH	loss	GO:0044085	cellular component biogenesis	18	AT1G08410;AT1G14110;AT1G67120;AT2G07681;AT2G11045;AT2G39140;AT3G07610;AT3G09200;AT3G23780;AT3G32280;AT3G46610;AT3G50590;AT4G20170;AT4G28850;AT5G16490;AT5G23660;AT5G53190;AT5G58230	85.095	7.685439154661263	0.21152829190904285	1.0	200	457	200	1.0
CHH	loss	GO:0044087	regulation of cellular component biogenesis	3	AT1G08410;AT4G29230;AT5G16490	7.65	2.658477007611688	0.39215686274509803	0.9950248756218906	199	457	200	1.0
CHH	loss	GO:0044238	primary metabolic process	112	AT1G06080;AT1G07380;AT1G07920;AT1G08410;AT1G08910;AT1G10570;AT1G11590;AT1G13440;AT1G14320;AT1G15690;AT1G17150;AT1G20330;AT1G20450;AT1G23290;AT1G25220;AT1G31740;AT1G36060;AT1G44090;AT1G44980;AT1G53240;AT1G62910;AT1G65350;AT1G66210;AT1G66730;AT1G67340;AT1G69940;AT1G71920;AT1G71930;AT1G74770;AT1G75890;AT1G76690;AT1G78500;AT1G78955;AT1G78960;AT1G80340;AT2G01900;AT2G04160;AT2G04350;AT2G07200;AT2G07715;AT2G11045;AT2G15230;AT2G27920;AT2G29040;AT2G30110;AT2G32620;AT2G36460;AT2G36710;AT2G38195;AT2G38220;AT2G39140;AT2G44540;AT3G10900;AT3G10950;AT3G12630;AT3G14067;AT3G16680;AT3G18930;AT3G23780;AT3G26380;AT3G27980;AT3G29740;AT3G42550;AT3G44110;AT3G44890;AT3G45140;AT3G46510;AT3G46610;AT3G48480;AT3G49160;AT3G49220;AT3G54090;AT3G60750;AT4G00020;AT4G00360;AT4G02130;AT4G03930;AT4G08850;AT4G13650;AT4G15110;AT4G18690;AT4G21640;AT4G23560;AT4G28850;AT4G29060;AT4G30350;AT4G35930;AT4G38270;AT4G39280;AT5G03800;AT5G03820;AT5G04230;AT5G04560;AT5G10560;AT5G13230;AT5G13640;AT5G13980;AT5G24540;AT5G27870;AT5G28030;AT5G28550;AT5G35630;AT5G39770;AT5G39920;AT5G40950;AT5G45900;AT5G49010;AT5G51820;AT5G58240;AT5G58980;AT5G59850;AT5G60390	497.35	17.531899497772425	0.22519352568613651	1.0	200	457	200	1.0
CHH	loss	GO:0044272	sulfur compound biosynthetic process	4	AT2G36880;AT4G08850;AT5G05260;AT5G28030	12.96	3.1541084318710357	0.30864197530864196	1.0	200	457	200	1.0
CHH	loss	GO:0044281	small molecule metabolic process	24	AT1G06080;AT1G13440;AT1G25220;AT1G36060;AT1G44090;AT1G53240;AT1G66140;AT1G71920;AT1G76690;AT1G80340;AT2G04350;AT2G23580;AT2G36460;AT3G12290;AT3G23410;AT3G45140;AT3G49160;AT4G00360;AT4G08850;AT5G04230;AT5G05260;AT5G13980;AT5G28030;AT5G35630	107.765	9.3509237511596	0.22270681575650722	1.0	200	457	200	1.0
CHH	loss	GO:0044283	small molecule biosynthetic process	12	AT1G06080;AT1G13440;AT1G25220;AT1G44090;AT1G71920;AT1G76690;AT1G80340;AT2G36460;AT3G45140;AT4G08850;AT5G04230;AT5G28030	46.065	6.350651541377496	0.2605014653207424	1.0	200	457	200	1.0
CHH	loss	GO:0044419	biological process involved in interspecies interaction between organisms	29	AT1G14320;AT1G21835;AT1G25220;AT1G52940;AT1G58390;AT1G66730;AT1G69940;AT1G71930;AT1G73260;AT2G30110;AT3G01300;AT3G02260;AT3G09200;AT3G10985;AT3G23780;AT3G45140;AT3G46510;AT3G49120;AT4G08290;AT4G08850;AT4G14276;AT4G16860;AT4G16890;AT4G20380;AT5G08055;AT5G24540;AT5G45900;AT5G52605;AT5G64120	100.905	8.955220544464481	0.28739903869976713	1.0	200	457	200	1.0
CHH	loss	GO:0044550	secondary metabolite biosynthetic process	4	AT2G21100;AT5G04230;AT5G48100;AT5G60020	8.13	2.744649340079708	0.49200492004920043	0.9751243781094527	195	457	200	1.0
CHH	loss	GO:0044706	multi-multicellular organism process	11	AT1G69940;AT2G07020;AT2G07040;AT2G31910;AT2G36880;AT3G23380;AT3G26870;AT4G08850;AT4G16295;AT5G16490;AT5G59700	26.03	4.745429379940237	0.42258932001536686	1.0	200	457	200	1.0
CHH	loss	GO:0045184	establishment of protein localization	6	AT1G05520;AT1G30900;AT2G30290;AT3G53720;AT3G60860;AT5G24650	37.695	5.357422421276854	0.15917230401910068	1.0	200	457	200	1.0
CHH	loss	GO:0045229	external encapsulating structure organization	14	AT1G11590;AT1G15690;AT1G44980;AT1G69940;AT2G27380;AT2G36710;AT3G27980;AT3G28550;AT3G49220;AT3G54590;AT4G03930;AT5G11420;AT5G16490;AT5G27870	29.01	5.234491379303235	0.48259220958290244	1.0	200	457	200	1.0
CHH	loss	GO:0045333	cellular respiration	5	AT1G13440;AT1G53240;AT2G07727;AT2G36460;AT3G49160	12.915	3.1871264486995248	0.38714672861014326	1.0	200	457	200	1.0
CHH	loss	GO:0045488	pectin metabolic process	11	AT1G11590;AT1G15690;AT1G44980;AT1G69940;AT2G36710;AT3G27980;AT3G49220;AT4G02130;AT4G03930;AT4G38270;AT5G27870	12.815	3.7417609490719745	0.8583690987124464	0.7114427860696517	142	457	200	1.0
CHH	loss	GO:0045490	pectin catabolic process	8	AT1G11590;AT1G44980;AT1G69940;AT2G36710;AT3G27980;AT3G49220;AT4G03930;AT5G27870	6.89	2.7546143105705387	1.1611030478955007	0.3681592039800995	73	457	200	1.0
CHH	loss	GO:0045814	negative regulation of gene expression, epigenetic	4	AT3G07610;AT3G23780;AT3G32280;AT5G58230	15.55	3.352238058372344	0.2572347266881029	1.0	200	457	200	1.0
CHH	loss	GO:0045892	negative regulation of DNA-templated transcription	4	AT4G04030;AT4G37540;AT5G04590;AT5G58230	17.86	4.0062950465486145	0.22396416573348266	1.0	200	457	200	1.0
CHH	loss	GO:0045893	positive regulation of DNA-templated transcription	10	AT1G13440;AT1G31640;AT1G69540;AT1G71692;AT1G71930;AT2G10440;AT2G42430;AT4G10920;AT4G29230;AT5G67060	27.615	5.011663895354523	0.3621220351258374	1.0	200	457	200	1.0
CHH	loss	GO:0045934	negative regulation of nucleobase-containing compound metabolic process	5	AT1G20330;AT4G04030;AT4G37540;AT5G04590;AT5G58230	21.29	4.260974067041483	0.23485204321277597	1.0	200	457	200	1.0
CHH	loss	GO:0045944	positive regulation of transcription by RNA polymerase II	4	AT1G31640;AT1G69540;AT1G71692;AT4G10920	6.17	2.488192114769275	0.6482982171799028	0.845771144278607	169	457	200	1.0
CHH	loss	GO:0046031	ADP metabolic process	3	AT1G13440;AT2G36460;AT3G49160	4.815	2.0930301001180074	0.6230529595015576	0.8557213930348259	171	457	200	1.0
CHH	loss	GO:0046032	ADP catabolic process	3	AT1G13440;AT2G36460;AT3G49160	4.815	2.0930301001180074	0.6230529595015576	0.8557213930348259	171	457	200	1.0
CHH	loss	GO:0046034	ATP metabolic process	3	AT1G13440;AT2G36460;AT3G49160	6.54	2.4327761919255946	0.4587155963302752	0.9552238805970149	191	457	200	1.0
CHH	loss	GO:0046148	pigment biosynthetic process	5	AT3G58110;AT4G01690;AT4G15110;AT5G13630;AT5G63595	7.85	2.8385735854474534	0.6369426751592357	0.8905472636815921	178	457	200	1.0
CHH	loss	GO:0046271	phenylpropanoid catabolic process	3	AT2G30210;AT5G48100;AT5G60020	1.765	1.3075836493318507	1.6997167138810199	0.27860696517412936	55	457	200	1.0
CHH	loss	GO:0046274	lignin catabolic process	3	AT2G30210;AT5G48100;AT5G60020	1.765	1.3075836493318507	1.6997167138810199	0.27860696517412936	55	457	200	1.0
CHH	loss	GO:0046394	carboxylic acid biosynthetic process	10	AT1G06080;AT1G25220;AT1G44090;AT1G71920;AT1G76690;AT1G80340;AT3G45140;AT4G08850;AT5G04230;AT5G28030	35.645	5.4944494719671235	0.28054425585636134	1.0	200	457	200	1.0
CHH	loss	GO:0046434	organophosphate catabolic process	3	AT1G13440;AT2G36460;AT3G49160	6.05	2.3722352328552914	0.49586776859504134	0.9502487562189055	190	457	200	1.0
CHH	loss	GO:0046486	glycerolipid metabolic process	3	AT2G01900;AT2G15230;AT5G13640	19.595	4.287303931376932	0.15310028068384793	1.0	200	457	200	1.0
CHH	loss	GO:0046496	nicotinamide nucleotide metabolic process	3	AT1G13440;AT2G36460;AT3G49160	8.215	2.4756362818475557	0.36518563603164944	0.9950248756218906	199	457	200	1.0
CHH	loss	GO:0046686	response to cadmium ion	5	AT1G13440;AT3G09200;AT5G28030;AT5G35630;AT5G45900	6.935	2.502154071994769	0.7209805335255949	0.8557213930348259	171	457	200	1.0
CHH	loss	GO:0046907	intracellular transport	6	AT1G05520;AT1G30900;AT1G72560;AT2G30290;AT3G53720;AT5G24650	40.755	6.289274600460675	0.1472211998527788	1.0	200	457	200	1.0
CHH	loss	GO:0048193	Golgi vesicle transport	3	AT1G05520;AT3G60860;AT5G39500	9.71	3.097724971652579	0.3089598352214212	0.9850746268656716	197	457	200	1.0
CHH	loss	GO:0048229	gametophyte development	10	AT1G67120;AT1G69540;AT2G38195;AT2G38220;AT3G07610;AT3G23670;AT3G50590;AT4G00020;AT5G26290;AT5G58230	49.805	6.160923226270561	0.20078305391024998	1.0	200	457	200	1.0
CHH	loss	GO:0048285	organelle fission	4	AT2G01990;AT3G23670;AT5G37630;AT5G39770	18.345	3.733091882073095	0.21804306350504227	1.0	200	457	200	1.0
CHH	loss	GO:0048316	seed development	12	AT1G08410;AT1G66730;AT2G48130;AT3G46330;AT3G59420;AT3G60960;AT4G00020;AT4G13610;AT5G03800;AT5G04560;AT5G23660;AT5G58230	61.3	7.148426400264632	0.19575856443719414	1.0	200	457	200	1.0
CHH	loss	GO:0048364	root development	11	AT1G25220;AT1G71410;AT1G71692;AT2G04160;AT2G42430;AT3G01300;AT3G02260;AT3G20880;AT3G59420;AT4G26540;AT4G30080	56.51	6.668575560042793	0.1946558131304194	1.0	200	457	200	1.0
CHH	loss	GO:0048366	leaf development	7	AT1G08410;AT1G15690;AT3G07610;AT3G10985;AT3G14067;AT5G45900;AT5G58230	32.61	5.164097210548996	0.21465808034345293	1.0	200	457	200	1.0
CHH	loss	GO:0048367	shoot system development	13	AT1G08410;AT1G15690;AT1G23290;AT1G72560;AT2G31215;AT3G02260;AT3G07610;AT3G10985;AT3G14067;AT4G01460;AT5G45900;AT5G58230;AT5G67060	70.55	7.781869955222838	0.18426647767540752	1.0	200	457	200	1.0
CHH	loss	GO:0048468	cell development	8	AT1G69940;AT1G71410;AT2G07020;AT2G07040;AT2G36880;AT3G23380;AT3G26870;AT5G16490	26.565	4.508411582808285	0.3011481272350837	1.0	200	457	200	1.0
CHH	loss	GO:0048507	meristem development	3	AT1G72560;AT3G01300;AT4G26540	27.98	4.5748879767705715	0.10721944245889921	1.0	200	457	200	1.0
CHH	loss	GO:0048518	positive regulation of biological process	24	AT1G08410;AT1G13440;AT1G31640;AT1G36060;AT1G54830;AT1G62380;AT1G66730;AT1G69540;AT1G71692;AT1G71930;AT2G10440;AT2G42430;AT3G01300;AT3G26940;AT3G44110;AT3G46610;AT3G49120;AT3G59420;AT4G08850;AT4G10920;AT4G29230;AT5G53160;AT5G58230;AT5G67060	93.255	8.313842372814236	0.2573588547530964	1.0	200	457	200	1.0
CHH	loss	GO:0048519	negative regulation of biological process	16	AT1G15670;AT1G20330;AT1G36060;AT1G66140;AT3G07610;AT3G23780;AT3G32280;AT3G46510;AT3G52150;AT3G58110;AT4G04030;AT4G20380;AT4G37540;AT5G04590;AT5G45900;AT5G58230	98.845	9.146090694936305	0.16186959380848803	1.0	200	457	200	1.0
CHH	loss	GO:0048522	positive regulation of cellular process	18	AT1G08410;AT1G13440;AT1G31640;AT1G36060;AT1G66730;AT1G69540;AT1G71692;AT1G71930;AT2G10440;AT2G42430;AT3G26940;AT3G46610;AT3G59420;AT4G10920;AT4G29230;AT5G53160;AT5G58230;AT5G67060	72.39	7.128667477165702	0.24865312888520513	1.0	200	457	200	1.0
CHH	loss	GO:0048523	negative regulation of cellular process	13	AT1G15670;AT1G20330;AT1G66140;AT3G07610;AT3G23780;AT3G32280;AT3G46510;AT3G58110;AT4G04030;AT4G20380;AT4G37540;AT5G04590;AT5G58230	78.2	8.252878285786098	0.16624040920716113	1.0	200	457	200	1.0
CHH	loss	GO:0048527	lateral root development	5	AT1G25220;AT2G04160;AT2G42430;AT3G02260;AT3G59420	11.07	3.0356383183772038	0.45167118337850043	0.9950248756218906	199	457	200	1.0
CHH	loss	GO:0048528	post-embryonic root development	5	AT1G25220;AT2G04160;AT2G42430;AT3G02260;AT3G59420	12.22	3.2911396202531398	0.40916530278232405	1.0	200	457	200	1.0
CHH	loss	GO:0048580	regulation of post-embryonic development	9	AT1G20450;AT1G36060;AT1G54830;AT1G62380;AT2G15230;AT3G44110;AT3G52150;AT4G29230;AT5G58230	36.65	5.3345571512544705	0.2455661664392906	1.0	200	457	200	1.0
CHH	loss	GO:0048582	positive regulation of post-embryonic development	3	AT1G54830;AT1G62380;AT3G44110	8.75	2.7924004010886403	0.34285714285714286	0.9950248756218906	199	457	200	1.0
CHH	loss	GO:0048583	regulation of response to stimulus	17	AT1G15670;AT1G54830;AT1G66140;AT1G66730;AT3G01300;AT3G23780;AT3G26940;AT3G46510;AT3G49120;AT3G52150;AT3G60860;AT3G62150;AT4G00020;AT4G08850;AT4G20380;AT5G39500;AT5G53160	79.34	7.778457430622077	0.2142677085959163	1.0	200	457	200	1.0
CHH	loss	GO:0048584	positive regulation of response to stimulus	7	AT1G54830;AT1G66730;AT3G01300;AT3G26940;AT3G49120;AT4G08850;AT5G53160	27.335	4.569767499556191	0.2560819462227913	1.0	200	457	200	1.0
CHH	loss	GO:0048585	negative regulation of response to stimulus	4	AT1G15670;AT1G66140;AT3G46510;AT3G52150	22.855	4.090718152109723	0.17501640778823013	1.0	200	457	200	1.0
CHH	loss	GO:0048588	developmental cell growth	7	AT1G69940;AT2G07020;AT2G07040;AT2G36880;AT3G23380;AT3G26870;AT5G16490	20.015	4.139417229514318	0.3497376967274544	1.0	200	457	200	1.0
CHH	loss	GO:0048589	developmental growth	10	AT1G69940;AT2G07020;AT2G07040;AT2G36880;AT3G02260;AT3G23380;AT3G26870;AT3G49120;AT4G12420;AT5G16490	39.515	5.660368804238816	0.25306845501708214	1.0	200	457	200	1.0
CHH	loss	GO:0048608	reproductive structure development	22	AT1G08410;AT1G10570;AT1G23290;AT1G54830;AT1G66730;AT1G71692;AT1G72560;AT2G31215;AT2G48130;AT3G02260;AT3G07610;AT3G44110;AT3G46330;AT3G59420;AT3G60960;AT4G00020;AT4G13610;AT5G03800;AT5G04560;AT5G23660;AT5G58230;AT5G67060	110.84	9.909813318120515	0.19848430169613857	1.0	200	457	200	1.0
CHH	loss	GO:0048609	multicellular organismal reproductive process	3	AT2G01990;AT3G23670;AT5G23660	16.385	3.703616475824667	0.18309429356118398	1.0	200	457	200	1.0
CHH	loss	GO:0048638	regulation of developmental growth	5	AT1G67120;AT1G69540;AT2G07040;AT4G26540;AT5G03500	18.69	3.6584012901812626	0.26752273943285176	1.0	200	457	200	1.0
CHH	loss	GO:0048646	anatomical structure formation involved in morphogenesis	7	AT1G25220;AT2G42430;AT3G02260;AT3G14067;AT3G59420;AT4G20380;AT5G67060	19.85	4.0407301320429685	0.3526448362720403	1.0	200	457	200	1.0
CHH	loss	GO:0048731	system development	35	AT1G08410;AT1G10570;AT1G15690;AT1G23290;AT1G25220;AT1G54830;AT1G66730;AT1G71410;AT1G71692;AT1G72560;AT2G04160;AT2G31215;AT2G42430;AT2G48130;AT3G01300;AT3G02260;AT3G07610;AT3G10985;AT3G14067;AT3G20880;AT3G44110;AT3G46330;AT3G59420;AT3G60960;AT4G00020;AT4G01460;AT4G13610;AT4G26540;AT4G30080;AT5G03800;AT5G04560;AT5G23660;AT5G45900;AT5G58230;AT5G67060	176.755	11.51629172086234	0.19801420044694634	1.0	200	457	200	1.0
CHH	loss	GO:0048827	phyllome development	9	AT1G08410;AT1G15690;AT2G31215;AT3G07610;AT3G10985;AT3G14067;AT5G45900;AT5G58230;AT5G67060	49.04	6.333119294628839	0.1835236541598695	1.0	200	457	200	1.0
CHH	loss	GO:0048856	anatomical structure development	65	AT1G08410;AT1G10570;AT1G15690;AT1G20330;AT1G23290;AT1G25220;AT1G54830;AT1G66730;AT1G67120;AT1G69540;AT1G69940;AT1G71410;AT1G71692;AT1G71930;AT1G72560;AT1G76950;AT1G80340;AT2G01950;AT2G04160;AT2G07020;AT2G07040;AT2G27380;AT2G31215;AT2G31910;AT2G36880;AT2G38195;AT2G38220;AT2G42430;AT2G48130;AT3G01300;AT3G02260;AT3G07610;AT3G10985;AT3G14067;AT3G20880;AT3G21710;AT3G23380;AT3G23670;AT3G26870;AT3G44110;AT3G46330;AT3G49120;AT3G50590;AT3G59420;AT3G60960;AT4G00020;AT4G01460;AT4G08850;AT4G12420;AT4G13610;AT4G14940;AT4G20380;AT4G26540;AT4G30080;AT5G03500;AT5G03800;AT5G04560;AT5G11420;AT5G16490;AT5G23660;AT5G26290;AT5G45900;AT5G58230;AT5G59700;AT5G67060	264.605	13.425310983362198	0.24564917518565407	1.0	200	457	200	1.0
CHH	loss	GO:0048868	pollen tube development	10	AT1G69940;AT2G07020;AT2G07040;AT2G31910;AT2G36880;AT3G23380;AT3G26870;AT4G08850;AT5G16490;AT5G59700	18.94	4.1540823294682045	0.5279831045406547	0.9850746268656716	197	457	200	1.0
CHH	loss	GO:0048869	cellular developmental process	15	AT1G69940;AT1G71410;AT1G71930;AT2G07020;AT2G07040;AT2G36880;AT3G07610;AT3G23380;AT3G26870;AT3G59420;AT4G01460;AT4G29230;AT5G16490;AT5G26290;AT5G58230	60.54	7.258677565507401	0.24777006937561943	1.0	200	457	200	1.0
CHH	loss	GO:0048878	chemical homeostasis	7	AT1G07380;AT1G74770;AT2G38170;AT3G53720;AT5G28030;AT5G35630;AT5G41610	28.0	4.928488612140639	0.25	1.0	200	457	200	1.0
CHH	loss	GO:0050776	regulation of immune response	4	AT3G01300;AT3G23780;AT3G46510;AT3G49120	12.15	3.1839440949865923	0.3292181069958848	1.0	200	457	200	1.0
CHH	loss	GO:0050789	regulation of biological process	96	AT1G03930;AT1G08410;AT1G08910;AT1G13440;AT1G14320;AT1G15670;AT1G15690;AT1G19510;AT1G20330;AT1G20450;AT1G21230;AT1G25220;AT1G31640;AT1G33910;AT1G34170;AT1G34310;AT1G34390;AT1G34410;AT1G35240;AT1G35540;AT1G36060;AT1G49120;AT1G49190;AT1G54830;AT1G55950;AT1G62310;AT1G62380;AT1G62975;AT1G64480;AT1G66140;AT1G66730;AT1G67120;AT1G69540;AT1G71692;AT1G71930;AT1G72610;AT1G74770;AT2G01900;AT2G01950;AT2G07040;AT2G10440;AT2G15230;AT2G22750;AT2G31215;AT2G32660;AT2G36460;AT2G38170;AT2G42430;AT3G01300;AT3G03260;AT3G07610;AT3G20880;AT3G23780;AT3G24050;AT3G25800;AT3G26940;AT3G32090;AT3G32280;AT3G44110;AT3G46510;AT3G46610;AT3G48480;AT3G49120;AT3G49220;AT3G52150;AT3G58110;AT3G59420;AT3G60860;AT3G62150;AT4G00020;AT4G00540;AT4G01460;AT4G04030;AT4G08850;AT4G10920;AT4G14940;AT4G15735;AT4G16860;AT4G16890;AT4G20380;AT4G26540;AT4G29230;AT4G30080;AT4G37540;AT5G03500;AT5G04560;AT5G04590;AT5G16490;AT5G17220;AT5G25510;AT5G39500;AT5G39690;AT5G45900;AT5G53160;AT5G58230;AT5G67060	385.57	15.068679437827559	0.2489820266099541	1.0	200	457	200	1.0
CHH	loss	GO:0050793	regulation of developmental process	16	AT1G20450;AT1G36060;AT1G54830;AT1G62310;AT1G62380;AT1G67120;AT1G69540;AT2G07040;AT2G15230;AT3G44110;AT3G52150;AT4G26540;AT4G29230;AT5G03500;AT5G45900;AT5G58230	80.35	7.644442425710388	0.19912881144990668	1.0	200	457	200	1.0
CHH	loss	GO:0050794	regulation of cellular process	86	AT1G03930;AT1G08410;AT1G08910;AT1G13440;AT1G14320;AT1G15670;AT1G15690;AT1G19510;AT1G20330;AT1G21230;AT1G25220;AT1G31640;AT1G33910;AT1G34170;AT1G34310;AT1G34390;AT1G34410;AT1G35240;AT1G35540;AT1G36060;AT1G49120;AT1G49190;AT1G54830;AT1G55950;AT1G62310;AT1G62975;AT1G64480;AT1G66140;AT1G66730;AT1G69540;AT1G71692;AT1G71930;AT1G72610;AT2G01900;AT2G01950;AT2G07040;AT2G10440;AT2G22750;AT2G31215;AT2G32660;AT2G36460;AT2G38170;AT2G42430;AT3G01300;AT3G03260;AT3G07610;AT3G20880;AT3G23780;AT3G24050;AT3G25800;AT3G26940;AT3G32090;AT3G32280;AT3G46510;AT3G46610;AT3G48480;AT3G49120;AT3G49220;AT3G58110;AT3G59420;AT3G60860;AT3G62150;AT4G00020;AT4G00540;AT4G01460;AT4G04030;AT4G10920;AT4G14940;AT4G15735;AT4G16860;AT4G16890;AT4G20380;AT4G29230;AT4G30080;AT4G37540;AT5G03500;AT5G04560;AT5G04590;AT5G16490;AT5G17220;AT5G25510;AT5G39500;AT5G39690;AT5G53160;AT5G58230;AT5G67060	349.895	14.746320727558155	0.24578802212092202	1.0	200	457	200	1.0
CHH	loss	GO:0050801	monoatomic ion homeostasis	4	AT1G74770;AT2G38170;AT3G53720;AT5G41610	17.375	4.018006346436007	0.2302158273381295	1.0	200	457	200	1.0
CHH	loss	GO:0050832	defense response to fungus	10	AT1G52940;AT1G71930;AT3G23780;AT3G49120;AT4G14276;AT4G16860;AT5G08055;AT5G45900;AT5G52605;AT5G64120	22.41	4.4544247664541325	0.4462293618920125	1.0	200	457	200	1.0
CHH	loss	GO:0050896	response to stimulus	102	AT1G03930;AT1G07380;AT1G10570;AT1G13440;AT1G14320;AT1G15690;AT1G20450;AT1G21230;AT1G21835;AT1G23300;AT1G25220;AT1G33910;AT1G34170;AT1G34310;AT1G34390;AT1G34410;AT1G35240;AT1G35540;AT1G36060;AT1G44575;AT1G49190;AT1G52940;AT1G53240;AT1G54830;AT1G58390;AT1G60130;AT1G62380;AT1G64480;AT1G65990;AT1G66730;AT1G69940;AT1G70840;AT1G71930;AT1G72610;AT1G73260;AT1G76690;AT1G80340;AT2G01900;AT2G01950;AT2G04160;AT2G15230;AT2G17690;AT2G30110;AT2G31910;AT2G32660;AT2G33700;AT2G36460;AT2G36750;AT2G38170;AT2G42430;AT2G48060;AT3G01300;AT3G02260;AT3G09200;AT3G09270;AT3G10985;AT3G12630;AT3G20660;AT3G23780;AT3G44110;AT3G45140;AT3G46510;AT3G46610;AT3G49120;AT3G52150;AT4G00020;AT4G00970;AT4G08290;AT4G08850;AT4G14276;AT4G14940;AT4G15735;AT4G16860;AT4G16890;AT4G20380;AT4G30080;AT4G30350;AT4G39795;AT5G03500;AT5G04230;AT5G04560;AT5G04590;AT5G06290;AT5G08055;AT5G16990;AT5G17220;AT5G20140;AT5G24540;AT5G25510;AT5G28030;AT5G35630;AT5G39770;AT5G42180;AT5G45900;AT5G48100;AT5G51820;AT5G52605;AT5G53160;AT5G58980;AT5G59700;AT5G64120;AT5G67060	430.93	15.333789485968717	0.23669737544380756	1.0	200	457	200	1.0
CHH	loss	GO:0050918	positive chemotaxis	3	AT2G31910;AT4G08850;AT5G59700	4.395	1.941384815022515	0.6825938566552902	0.8258706467661692	165	457	200	1.0
CHH	loss	GO:0051049	regulation of transport	5	AT1G08410;AT1G74770;AT2G01900;AT5G16490;AT5G67060	11.105	3.153406887796115	0.45024763619990993	0.9900497512437811	198	457	200	1.0
CHH	loss	GO:0051094	positive regulation of developmental process	3	AT1G54830;AT1G62380;AT3G44110	14.17	3.5215195583724954	0.2117148906139732	1.0	200	457	200	1.0
CHH	loss	GO:0051128	regulation of cellular component organization	5	AT1G69540;AT2G01900;AT2G07040;AT5G03500;AT5G16490	25.325	4.458629273666975	0.19743336623889438	1.0	200	457	200	1.0
CHH	loss	GO:0051179	localization	49	AT1G05520;AT1G10970;AT1G15690;AT1G21890;AT1G23300;AT1G29830;AT1G30900;AT1G72560;AT1G74770;AT2G01950;AT2G07560;AT2G07681;AT2G07695;AT2G07727;AT2G26510;AT2G28640;AT2G30290;AT2G31910;AT2G38170;AT2G47830;AT2G48060;AT2G48130;AT3G02260;AT3G05155;AT3G13620;AT3G20660;AT3G26570;AT3G28080;AT3G28345;AT3G30842;AT3G53720;AT3G53960;AT3G59360;AT3G60860;AT3G62150;AT4G08290;AT4G08300;AT4G28080;AT4G30190;AT5G16490;AT5G18840;AT5G23660;AT5G24650;AT5G27360;AT5G39500;AT5G41610;AT5G53190;AT5G57350;AT5G58180	209.06	12.584371259621951	0.23438247393092893	1.0	200	457	200	1.0
CHH	loss	GO:0051234	establishment of localization	48	AT1G05520;AT1G10970;AT1G15690;AT1G21890;AT1G23300;AT1G29830;AT1G30900;AT1G72560;AT1G74770;AT2G01950;AT2G07560;AT2G07681;AT2G07695;AT2G07727;AT2G26510;AT2G28640;AT2G30290;AT2G31910;AT2G38170;AT2G47830;AT2G48060;AT2G48130;AT3G02260;AT3G05155;AT3G13620;AT3G20660;AT3G26570;AT3G28080;AT3G28345;AT3G30842;AT3G53720;AT3G53960;AT3G59360;AT3G60860;AT3G62150;AT4G08290;AT4G08300;AT4G30190;AT5G16490;AT5G18840;AT5G23660;AT5G24650;AT5G27360;AT5G39500;AT5G41610;AT5G53190;AT5G57350;AT5G58180	197.305	12.076091048017192	0.24327817338638147	1.0	200	457	200	1.0
CHH	loss	GO:0051239	regulation of multicellular organismal process	11	AT1G20450;AT1G36060;AT1G54830;AT1G62380;AT1G69540;AT2G07040;AT2G15230;AT3G44110;AT3G52150;AT4G29230;AT5G58230	46.78	5.9884555604930165	0.23514322359982898	1.0	200	457	200	1.0
CHH	loss	GO:0051240	positive regulation of multicellular organismal process	3	AT1G54830;AT1G62380;AT3G44110	10.19	3.0189236492498472	0.29440628066732094	0.9950248756218906	199	457	200	1.0
CHH	loss	GO:0051252	regulation of RNA metabolic process	40	AT1G13440;AT1G19510;AT1G31640;AT1G34170;AT1G34310;AT1G34390;AT1G34410;AT1G35240;AT1G35540;AT1G36060;AT1G49120;AT1G49190;AT1G55950;AT1G62975;AT1G66140;AT1G69540;AT1G71692;AT1G71930;AT2G10440;AT2G22750;AT2G31215;AT2G42430;AT3G03260;AT3G20880;AT3G24050;AT3G32090;AT4G00020;AT4G00540;AT4G01460;AT4G04030;AT4G10920;AT4G20380;AT4G29230;AT4G30080;AT4G37540;AT5G03500;AT5G04590;AT5G39690;AT5G58230;AT5G67060	147.7	11.008632975987632	0.27081922816519977	1.0	200	457	200	1.0
CHH	loss	GO:0051253	negative regulation of RNA metabolic process	4	AT4G04030;AT4G37540;AT5G04590;AT5G58230	19.485	4.204732452844064	0.2052861175263023	1.0	200	457	200	1.0
CHH	loss	GO:0051254	positive regulation of RNA metabolic process	10	AT1G13440;AT1G31640;AT1G69540;AT1G71692;AT1G71930;AT2G10440;AT2G42430;AT4G10920;AT4G29230;AT5G67060	31.6	5.182663407939977	0.3164556962025316	1.0	200	457	200	1.0
CHH	loss	GO:0051301	cell division	3	AT3G23670;AT4G08630;AT4G30080	23.14	4.372687960511248	0.12964563526361278	1.0	200	457	200	1.0
CHH	loss	GO:0051321	meiotic cell cycle	5	AT2G01990;AT3G23670;AT4G00020;AT5G26290;AT5G39770	17.875	4.214187347520276	0.27972027972027974	1.0	200	457	200	1.0
CHH	loss	GO:0051510	regulation of unidimensional cell growth	3	AT1G69540;AT2G07040;AT5G03500	8.165	2.667915853245752	0.36742192284139624	0.9950248756218906	199	457	200	1.0
CHH	loss	GO:0051604	protein maturation	3	AT1G20450;AT3G44110;AT4G30350	20.32	3.9721027177050705	0.14763779527559054	1.0	200	457	200	1.0
CHH	loss	GO:0051606	detection of stimulus	3	AT1G62380;AT2G48060;AT5G51820	6.525	2.6418506770822603	0.45977011494252873	0.9601990049751243	192	457	200	1.0
CHH	loss	GO:0051641	cellular localization	9	AT1G05520;AT1G30900;AT1G72560;AT1G74770;AT2G30290;AT3G53720;AT3G60860;AT5G16490;AT5G24650	48.045	6.895141405366524	0.18732438339057134	1.0	200	457	200	1.0
CHH	loss	GO:0051649	establishment of localization in cell	8	AT1G05520;AT1G30900;AT1G72560;AT1G74770;AT2G30290;AT3G53720;AT5G16490;AT5G24650	43.555	6.65785062914451	0.18367581219148205	1.0	200	457	200	1.0
CHH	loss	GO:0051707	response to other organism	29	AT1G14320;AT1G21835;AT1G25220;AT1G52940;AT1G58390;AT1G66730;AT1G69940;AT1G71930;AT1G73260;AT2G30110;AT3G01300;AT3G02260;AT3G09200;AT3G10985;AT3G23780;AT3G45140;AT3G46510;AT3G49120;AT4G08290;AT4G08850;AT4G14276;AT4G16860;AT4G16890;AT4G20380;AT5G08055;AT5G24540;AT5G45900;AT5G52605;AT5G64120	99.74	8.923698784696974	0.29075596551032684	1.0	200	457	200	1.0
CHH	loss	GO:0051716	cellular response to stimulus	36	AT1G03930;AT1G07380;AT1G14320;AT1G21230;AT1G33910;AT1G49190;AT1G54830;AT1G62380;AT1G64480;AT1G65990;AT1G66730;AT1G71930;AT1G72610;AT2G01900;AT2G01950;AT2G32660;AT2G36460;AT3G01300;AT3G20660;AT3G46510;AT3G49120;AT4G00020;AT4G08850;AT4G14940;AT4G15735;AT4G16860;AT4G16890;AT4G20380;AT5G04560;AT5G06290;AT5G25510;AT5G39770;AT5G42180;AT5G53160;AT5G58980;AT5G64120	194.7	13.19090595827292	0.1848998459167951	1.0	200	457	200	1.0
CHH	loss	GO:0051726	regulation of cell cycle	3	AT1G20330;AT3G59420;AT5G58230	13.625	3.4906124104517806	0.22018348623853212	1.0	200	457	200	1.0
CHH	loss	GO:0055080	monoatomic cation homeostasis	4	AT1G74770;AT2G38170;AT3G53720;AT5G41610	16.7	3.891015291668742	0.23952095808383234	1.0	200	457	200	1.0
CHH	loss	GO:0055082	intracellular chemical homeostasis	6	AT1G07380;AT1G74770;AT2G38170;AT3G53720;AT5G28030;AT5G35630	17.535	3.8208343329696968	0.3421727972626176	1.0	200	457	200	1.0
CHH	loss	GO:0055085	transmembrane transport	34	AT1G10970;AT1G15690;AT1G21890;AT1G23300;AT1G29830;AT1G74770;AT2G07560;AT2G07695;AT2G07727;AT2G26510;AT2G31910;AT2G38170;AT2G47830;AT2G48060;AT3G05155;AT3G13620;AT3G20660;AT3G28080;AT3G28345;AT3G30842;AT3G53720;AT3G53960;AT3G59360;AT3G62150;AT4G08290;AT4G08300;AT4G30190;AT5G18840;AT5G23660;AT5G24650;AT5G27360;AT5G41610;AT5G53190;AT5G57350	112.49	9.46941920077471	0.30224908880789403	1.0	200	457	200	1.0
CHH	loss	GO:0055086	nucleobase-containing small molecule metabolic process	3	AT1G13440;AT2G36460;AT3G49160	30.55	5.577409793084954	0.09819967266775777	1.0	200	457	200	1.0
CHH	loss	GO:0060255	regulation of macromolecule metabolic process	52	AT1G08910;AT1G13440;AT1G15690;AT1G19510;AT1G20330;AT1G31640;AT1G34170;AT1G34310;AT1G34390;AT1G34410;AT1G35240;AT1G35540;AT1G36060;AT1G49120;AT1G49190;AT1G55950;AT1G62310;AT1G62975;AT1G66140;AT1G69540;AT1G71692;AT1G71930;AT2G10440;AT2G22750;AT2G31215;AT2G42430;AT3G03260;AT3G07610;AT3G20880;AT3G23780;AT3G24050;AT3G32090;AT3G32280;AT3G46610;AT3G48480;AT3G58110;AT3G59420;AT4G00020;AT4G00540;AT4G01460;AT4G04030;AT4G10920;AT4G20380;AT4G29230;AT4G30080;AT4G37540;AT5G03500;AT5G04560;AT5G04590;AT5G39690;AT5G58230;AT5G67060	202.24	12.467654149838799	0.25712025316455694	1.0	200	457	200	1.0
CHH	loss	GO:0060560	developmental growth involved in morphogenesis	10	AT1G69940;AT2G07020;AT2G07040;AT2G36880;AT3G02260;AT3G23380;AT3G26870;AT3G49120;AT4G12420;AT5G16490	32.66	5.235876239943044	0.3061849357011635	1.0	200	457	200	1.0
CHH	loss	GO:0060918	auxin transport	3	AT1G15690;AT3G02260;AT3G62150	12.21	3.4272292015562624	0.24570024570024568	1.0	200	457	200	1.0
CHH	loss	GO:0061024	membrane organization	4	AT1G05520;AT1G44575;AT5G24650;AT5G58180	14.125	3.563618245547635	0.2831858407079646	1.0	200	457	200	1.0
CHH	loss	GO:0061458	reproductive system development	22	AT1G08410;AT1G10570;AT1G23290;AT1G54830;AT1G66730;AT1G71692;AT1G72560;AT2G31215;AT2G48130;AT3G02260;AT3G07610;AT3G44110;AT3G46330;AT3G59420;AT3G60960;AT4G00020;AT4G13610;AT5G03800;AT5G04560;AT5G23660;AT5G58230;AT5G67060	110.84	9.909813318120515	0.19848430169613857	1.0	200	457	200	1.0
CHH	loss	GO:0062197	cellular response to chemical stress	4	AT1G07380;AT1G65990;AT2G01900;AT5G58980	10.175	3.181882304548675	0.3931203931203931	0.9950248756218906	199	457	200	1.0
CHH	loss	GO:0065003	protein-containing complex assembly	5	AT1G67120;AT2G07681;AT3G46610;AT5G23660;AT5G53190	26.2	4.232020793899775	0.19083969465648856	1.0	200	457	200	1.0
CHH	loss	GO:0065007	biological regulation	100	AT1G03930;AT1G08410;AT1G08910;AT1G13440;AT1G14320;AT1G15670;AT1G15690;AT1G19510;AT1G20330;AT1G20450;AT1G21230;AT1G25220;AT1G31640;AT1G33910;AT1G34170;AT1G34310;AT1G34390;AT1G34410;AT1G35240;AT1G35540;AT1G36060;AT1G49120;AT1G49190;AT1G54830;AT1G55950;AT1G62310;AT1G62380;AT1G62975;AT1G64480;AT1G66140;AT1G66730;AT1G67120;AT1G69540;AT1G71692;AT1G71930;AT1G72610;AT1G74770;AT2G01900;AT2G01950;AT2G07040;AT2G10440;AT2G15230;AT2G22750;AT2G31215;AT2G32660;AT2G36460;AT2G38170;AT2G42430;AT3G01300;AT3G02260;AT3G03260;AT3G07610;AT3G20880;AT3G23780;AT3G24050;AT3G25800;AT3G26940;AT3G32090;AT3G32280;AT3G44110;AT3G46510;AT3G46610;AT3G48480;AT3G49120;AT3G49220;AT3G52150;AT3G53720;AT3G58110;AT3G59420;AT3G60860;AT3G62150;AT4G00020;AT4G00540;AT4G01460;AT4G04030;AT4G08850;AT4G10920;AT4G14940;AT4G15735;AT4G16860;AT4G16890;AT4G20380;AT4G26540;AT4G29230;AT4G30080;AT4G37540;AT5G03500;AT5G04560;AT5G04590;AT5G16490;AT5G17220;AT5G25510;AT5G38450;AT5G39500;AT5G39690;AT5G41610;AT5G45900;AT5G53160;AT5G58230;AT5G67060	403.135	15.518594491769997	0.24805586218016298	1.0	200	457	200	1.0
CHH	loss	GO:0065008	regulation of biological quality	9	AT1G08410;AT1G15690;AT1G20450;AT1G25220;AT3G02260;AT3G62150;AT5G16490;AT5G38450;AT5G67060	43.22	6.325472314380962	0.20823692734844979	1.0	200	457	200	1.0
CHH	loss	GO:0070542	response to fatty acid	3	AT1G62380;AT3G45140;AT4G14940	17.035	3.9438274556577615	0.1761080129145876	1.0	200	457	200	1.0
CHH	loss	GO:0070647	protein modification by small protein conjugation or removal	12	AT1G08910;AT1G10570;AT1G67340;AT1G74770;AT2G30110;AT2G38195;AT2G38220;AT3G12630;AT3G18930;AT3G29740;AT3G46510;AT3G48480	55.455	6.64138351550337	0.21639166892074657	1.0	200	457	200	1.0
CHH	loss	GO:0070828	heterochromatin organization	4	AT3G07610;AT3G23780;AT3G32280;AT5G58230	10.215	2.586266614253061	0.39158100832109644	0.9950248756218906	199	457	200	1.0
CHH	loss	GO:0070887	cellular response to chemical stimulus	22	AT1G07380;AT1G49190;AT1G54830;AT1G62380;AT1G65990;AT1G71930;AT1G72610;AT2G01900;AT2G01950;AT2G36460;AT3G01300;AT3G20660;AT3G49120;AT4G08850;AT4G14940;AT4G16890;AT4G20380;AT5G06290;AT5G42180;AT5G53160;AT5G58980;AT5G64120	92.34	9.141356573288196	0.238249945852285	1.0	200	457	200	1.0
CHH	loss	GO:0071214	cellular response to abiotic stimulus	3	AT1G14320;AT2G01900;AT3G20660	18.71	4.213775029590443	0.16034206306787813	1.0	200	457	200	1.0
CHH	loss	GO:0071365	cellular response to auxin stimulus	3	AT1G71930;AT1G72610;AT2G01950	9.415	2.83950259728707	0.31864046733935214	0.9900497512437811	198	457	200	1.0
CHH	loss	GO:0071396	cellular response to lipid	6	AT1G54830;AT1G62380;AT2G01950;AT3G01300;AT4G14940;AT5G53160	29.525	4.9019766421312205	0.20321761219305673	1.0	200	457	200	1.0
CHH	loss	GO:0071495	cellular response to endogenous stimulus	7	AT1G49190;AT1G54830;AT1G71930;AT1G72610;AT2G01950;AT4G14940;AT5G53160	44.56	5.766836221014063	0.1570915619389587	1.0	200	457	200	1.0
CHH	loss	GO:0071554	cell wall organization or biogenesis	18	AT1G11590;AT1G14110;AT1G15690;AT1G44980;AT1G69940;AT2G27380;AT2G36710;AT3G26380;AT3G27980;AT3G28550;AT3G49220;AT3G54590;AT4G03930;AT4G20170;AT4G28850;AT5G11420;AT5G16490;AT5G27870	39.29	5.457646012705485	0.4581318401628913	1.0	200	457	200	1.0
CHH	loss	GO:0071555	cell wall organization	14	AT1G11590;AT1G15690;AT1G44980;AT1G69940;AT2G27380;AT2G36710;AT3G27980;AT3G28550;AT3G49220;AT3G54590;AT4G03930;AT5G11420;AT5G16490;AT5G27870	23.865	4.798622198089797	0.5866331447726797	0.9800995024875622	196	457	200	1.0
CHH	loss	GO:0071669	plant-type cell wall organization or biogenesis	6	AT1G15690;AT2G27380;AT3G28550;AT3G54590;AT5G11420;AT5G16490	22.08	4.165765235824036	0.27173913043478265	1.0	200	457	200	1.0
CHH	loss	GO:0071705	nitrogen compound transport	7	AT1G72560;AT2G07681;AT2G26510;AT3G13620;AT3G53960;AT3G59360;AT5G24650	23.35	4.7568371845166135	0.29978586723768735	1.0	200	457	200	1.0
CHH	loss	GO:0071840	cellular component organization or biogenesis	50	AT1G05520;AT1G08410;AT1G11590;AT1G14110;AT1G15690;AT1G44575;AT1G44980;AT1G62310;AT1G67120;AT1G69940;AT2G01990;AT2G07681;AT2G11045;AT2G27380;AT2G36710;AT2G39140;AT3G07610;AT3G09200;AT3G23670;AT3G23780;AT3G27980;AT3G28550;AT3G32280;AT3G46000;AT3G46610;AT3G48480;AT3G49220;AT3G49840;AT3G50590;AT3G54090;AT3G54590;AT4G00416;AT4G03930;AT4G13370;AT4G20170;AT4G28850;AT4G31900;AT5G04560;AT5G11420;AT5G16490;AT5G23660;AT5G24650;AT5G27870;AT5G37630;AT5G39500;AT5G39770;AT5G48360;AT5G53190;AT5G58180;AT5G58230	217.98	12.491180888931265	0.2293788420956051	1.0	200	457	200	1.0
CHH	loss	GO:0072330	monocarboxylic acid biosynthetic process	5	AT1G06080;AT1G76690;AT3G45140;AT4G08850;AT5G04230	15.78	3.690745182209147	0.31685678073510776	1.0	200	457	200	1.0
CHH	loss	GO:0072521	purine-containing compound metabolic process	4	AT1G13440;AT2G36460;AT3G49160;AT5G38450	20.285	4.353593343434824	0.1971900419028839	1.0	200	457	200	1.0
CHH	loss	GO:0072523	purine-containing compound catabolic process	3	AT1G13440;AT2G36460;AT3G49160	5.96	2.361863670917524	0.5033557046979866	0.9353233830845771	187	457	200	1.0
CHH	loss	GO:0072524	pyridine-containing compound metabolic process	3	AT1G13440;AT2G36460;AT3G49160	8.85	2.639602242763105	0.33898305084745767	1.0	200	457	200	1.0
CHH	loss	GO:0072526	pyridine-containing compound catabolic process	3	AT1G13440;AT2G36460;AT3G49160	4.955	2.1454544973035437	0.6054490413723511	0.8606965174129353	172	457	200	1.0
CHH	loss	GO:0072593	reactive oxygen species metabolic process	3	AT3G49120;AT5G42180;AT5G64120	9.285	2.8113653266695873	0.32310177705977383	1.0	200	457	200	1.0
CHH	loss	GO:0072594	establishment of protein localization to organelle	4	AT1G30900;AT2G30290;AT3G53720;AT5G24650	15.765	3.713458630441433	0.2537266095781795	1.0	200	457	200	1.0
CHH	loss	GO:0072665	protein localization to vacuole	3	AT1G30900;AT2G30290;AT3G53720	4.94	2.00658914578944	0.6072874493927125	0.8905472636815921	178	457	200	1.0
CHH	loss	GO:0072666	establishment of protein localization to vacuole	3	AT1G30900;AT2G30290;AT3G53720	4.94	2.00658914578944	0.6072874493927125	0.8905472636815921	178	457	200	1.0
CHH	loss	GO:0080090	regulation of primary metabolic process	46	AT1G13440;AT1G15690;AT1G19510;AT1G20330;AT1G31640;AT1G34170;AT1G34310;AT1G34390;AT1G34410;AT1G35240;AT1G35540;AT1G36060;AT1G49120;AT1G49190;AT1G55950;AT1G62975;AT1G66140;AT1G69540;AT1G71692;AT1G71930;AT2G10440;AT2G22750;AT2G31215;AT2G42430;AT3G03260;AT3G20880;AT3G24050;AT3G32090;AT3G46610;AT3G58110;AT3G59420;AT4G00020;AT4G00540;AT4G01460;AT4G04030;AT4G10920;AT4G20380;AT4G29230;AT4G30080;AT4G37540;AT5G03500;AT5G04590;AT5G17220;AT5G39690;AT5G58230;AT5G67060	179.325	12.163444207953756	0.25651749616617875	1.0	200	457	200	1.0
CHH	loss	GO:0080134	regulation of response to stress	5	AT3G01300;AT3G49120;AT3G52150;AT4G00020;AT4G08850	39.585	5.657099521839785	0.12631047113805735	1.0	200	457	200	1.0
CHH	loss	GO:0080188	gene silencing by siRNA-directed DNA methylation	3	AT3G07610;AT3G23780;AT3G32280	6.275	2.206666037260734	0.4780876494023904	0.9701492537313433	194	457	200	1.0
CHH	loss	GO:0090304	nucleic acid metabolic process	18	AT1G08410;AT1G62910;AT1G66730;AT2G11045;AT2G39140;AT3G16680;AT3G23780;AT3G54090;AT4G00020;AT4G13650;AT4G18690;AT4G39280;AT5G03800;AT5G04560;AT5G13230;AT5G39770;AT5G39920;AT5G49010	146.065	10.787992167220064	0.12323280731181324	1.0	200	457	200	1.0
CHH	loss	GO:0090351	seedling development	5	AT1G66730;AT1G80340;AT2G27380;AT2G48130;AT5G11420	12.12	3.230417929618399	0.4125412541254126	1.0	200	457	200	1.0
CHH	loss	GO:0090558	plant epidermis development	5	AT1G71410;AT1G76950;AT3G07610;AT4G01460;AT5G58230	28.385	4.387114655442681	0.17614937466971992	1.0	200	457	200	1.0
CHH	loss	GO:0090567	reproductive shoot system development	6	AT1G23290;AT1G72560;AT2G31215;AT3G02260;AT3G07610;AT5G67060	38.14	6.017507789774761	0.15731515469323545	1.0	200	457	200	1.0
CHH	loss	GO:0090627	plant epidermal cell differentiation	3	AT1G71410;AT3G59420;AT4G01460	19.1	3.624913792078362	0.15706806282722513	1.0	200	457	200	1.0
CHH	loss	GO:0090693	plant organ senescence	3	AT3G10985;AT3G14067;AT5G45900	10.515	2.8739824286171256	0.2853067047075606	1.0	200	457	200	1.0
CHH	loss	GO:0090696	post-embryonic plant organ development	6	AT1G25220;AT2G04160;AT2G42430;AT3G02260;AT3G59420;AT5G67060	17.275	3.8832170941115343	0.3473227206946455	1.0	200	457	200	1.0
CHH	loss	GO:0090697	post-embryonic plant organ morphogenesis	6	AT1G25220;AT2G04160;AT2G42430;AT3G02260;AT3G59420;AT5G67060	12.575	3.237958461747159	0.4771371769383698	1.0	200	457	200	1.0
CHH	loss	GO:0090698	post-embryonic plant morphogenesis	7	AT1G25220;AT2G04160;AT2G42430;AT3G02260;AT3G59420;AT4G01460;AT5G67060	20.96	4.222369003296601	0.33396946564885494	1.0	200	457	200	1.0
CHH	loss	GO:0097237	cellular response to toxic substance	5	AT1G65990;AT3G49120;AT5G06290;AT5G42180;AT5G64120	12.305	3.3349625185300047	0.4063388866314506	1.0	200	457	200	1.0
CHH	loss	GO:0097305	response to alcohol	6	AT1G20450;AT1G54830;AT1G71930;AT2G33700;AT4G00970;AT5G53160	43.03	6.205570078566494	0.13943760167325123	1.0	200	457	200	1.0
CHH	loss	GO:0098542	defense response to other organism	3	AT1G14320;AT4G16890;AT4G20380	23.95	4.466262419518135	0.12526096033402923	1.0	200	457	200	1.0
CHH	loss	GO:0098655	monoatomic cation transmembrane transport	14	AT1G10970;AT1G15690;AT1G74770;AT2G07560;AT2G07695;AT2G07727;AT2G26510;AT2G31910;AT2G38170;AT2G47830;AT3G53720;AT4G30190;AT5G41610;AT5G57350	35.105	5.133612275971006	0.39880358923230314	1.0	200	457	200	1.0
CHH	loss	GO:0098657	import into cell	4	AT1G74770;AT2G26510;AT3G62150;AT5G39500	9.18	2.765429442238585	0.4357298474945534	0.9900497512437811	198	457	200	1.0
CHH	loss	GO:0098739	import across plasma membrane	3	AT1G74770;AT2G26510;AT3G62150	2.595	1.5332889486329706	1.1560693641618496	0.5024875621890548	100	457	200	1.0
CHH	loss	GO:0098754	detoxification	8	AT1G23300;AT1G65990;AT3G09270;AT3G49120;AT5G06290;AT5G17220;AT5G42180;AT5G64120	19.575	4.542507567412523	0.4086845466155811	1.0	200	457	200	1.0
CHH	loss	GO:0098771	inorganic ion homeostasis	3	AT1G74770;AT2G38170;AT3G53720	15.715	3.785997226623394	0.19090041361756285	1.0	200	457	200	1.0
CHH	loss	GO:0098869	cellular oxidant detoxification	5	AT1G65990;AT3G49120;AT5G06290;AT5G42180;AT5G64120	9.96	3.1158305473821875	0.502008032128514	0.9900497512437811	198	457	200	1.0
CHH	loss	GO:0099402	plant organ development	20	AT1G08410;AT1G15690;AT1G25220;AT1G71410;AT1G71692;AT2G04160;AT2G31215;AT2G42430;AT3G01300;AT3G02260;AT3G07610;AT3G10985;AT3G14067;AT3G20880;AT3G59420;AT4G26540;AT4G30080;AT5G45900;AT5G58230;AT5G67060	106.905	8.670984661501848	0.1870819886815397	1.0	200	457	200	1.0
CHH	loss	GO:0104004	cellular response to environmental stimulus	3	AT1G14320;AT2G01900;AT3G20660	18.71	4.213775029590443	0.16034206306787813	1.0	200	457	200	1.0
CHH	loss	GO:0120029	proton export across plasma membrane	3	AT2G07560;AT4G30190;AT5G57350	1.66	1.055651457631732	1.8072289156626506	0.21890547263681592	43	457	200	1.0
CHH	loss	GO:0140013	meiotic nuclear division	3	AT2G01990;AT3G23670;AT5G39770	11.145	3.0600612738963244	0.2691790040376851	1.0	200	457	200	1.0
CHH	loss	GO:0140115	export across plasma membrane	5	AT1G23300;AT2G07560;AT3G62150;AT4G30190;AT5G57350	10.01	2.9731969325962946	0.4995004995004995	0.9900497512437811	198	457	200	1.0
CHH	loss	GO:0140352	export from cell	6	AT1G23300;AT2G07560;AT2G28640;AT3G62150;AT4G30190;AT5G57350	15.485	3.2741067484124624	0.3874717468517921	1.0	200	457	200	1.0
CHH	loss	GO:0140546	defense response to symbiont	3	AT1G14320;AT4G16890;AT4G20380	21.48	4.085290687331806	0.13966480446927373	1.0	200	457	200	1.0
CHH	loss	GO:0140719	constitutive heterochromatin formation	3	AT3G07610;AT3G23780;AT3G32280	8.21	2.426087385070866	0.3654080389768575	0.9950248756218906	199	457	200	1.0
CHH	loss	GO:0141187	nucleic acid biosynthetic process	10	AT1G08410;AT1G62910;AT1G66730;AT2G11045;AT2G39140;AT3G16680;AT3G23780;AT3G54090;AT4G18690;AT5G39920	79.85	8.109716394548014	0.12523481527864747	1.0	200	457	200	1.0
CHH	loss	GO:0141194	siRNA-mediated heterochromatin formation	3	AT3G07610;AT3G23780;AT3G32280	6.275	2.206666037260734	0.4780876494023904	0.9701492537313433	194	457	200	1.0
CHH	loss	GO:0160109	plant gross anatomical part developmental process	43	AT1G08410;AT1G15690;AT1G23290;AT1G25220;AT1G66730;AT1G67120;AT1G69540;AT1G71410;AT1G71692;AT1G71930;AT1G72560;AT1G76950;AT2G04160;AT2G31215;AT2G38195;AT2G38220;AT2G42430;AT2G48130;AT3G01300;AT3G02260;AT3G07610;AT3G10985;AT3G14067;AT3G20880;AT3G21710;AT3G23670;AT3G46330;AT3G50590;AT3G59420;AT3G60960;AT4G00020;AT4G01460;AT4G13610;AT4G14940;AT4G26540;AT4G30080;AT5G03800;AT5G04560;AT5G23660;AT5G26290;AT5G45900;AT5G58230;AT5G67060	213.355	12.582486836870096	0.201542030887488	1.0	200	457	200	1.0
CHH	loss	GO:0160307	protein biosynthetic process	14	AT1G07920;AT1G14320;AT1G23290;AT2G07715;AT2G39140;AT3G10950;AT3G44890;AT3G46610;AT4G29060;AT4G39280;AT5G40950;AT5G58240;AT5G59850;AT5G60390	27.96	4.6945074289002795	0.5007153075822603	1.0	200	457	200	1.0
CHH	loss	GO:0170038	proteinogenic amino acid biosynthetic process	3	AT1G25220;AT1G71920;AT5G28030	12.305	3.162589919670267	0.24380333197887039	1.0	200	457	200	1.0
CHH	loss	GO:0170039	proteinogenic amino acid metabolic process	5	AT1G25220;AT1G71920;AT5G04230;AT5G28030;AT5G35630	18.41	3.9726439558560935	0.27159152634437805	1.0	200	457	200	1.0
CHH	loss	GO:1900140	regulation of seedling development	6	AT1G20450;AT1G36060;AT1G54830;AT1G62380;AT2G15230;AT3G52150	9.215	2.7053234557072843	0.6511123168746609	0.9353233830845771	187	457	200	1.0
CHH	loss	GO:1901135	carbohydrate derivative metabolic process	8	AT1G13440;AT1G66140;AT2G29040;AT2G36460;AT3G26380;AT3G49160;AT4G08850;AT5G05260	44.16	6.734567543651218	0.1811594202898551	1.0	200	457	200	1.0
CHH	loss	GO:1901136	carbohydrate derivative catabolic process	3	AT1G13440;AT2G36460;AT3G49160	8.425	2.982343876886095	0.35608308605341243	0.9950248756218906	199	457	200	1.0
CHH	loss	GO:1901137	carbohydrate derivative biosynthetic process	3	AT2G29040;AT4G08850;AT5G05260	27.125	5.469860601514443	0.11059907834101383	1.0	200	457	200	1.0
CHH	loss	GO:1901292	nucleoside phosphate catabolic process	3	AT1G13440;AT2G36460;AT3G49160	5.065	2.1635098798017993	0.5923000987166831	0.8756218905472637	175	457	200	1.0
CHH	loss	GO:1901700	response to oxygen-containing compound	24	AT1G15690;AT1G20450;AT1G36060;AT1G54830;AT1G62380;AT1G66730;AT1G71930;AT1G73260;AT2G01950;AT2G15230;AT2G33700;AT3G01300;AT3G10985;AT3G12630;AT3G20660;AT3G45140;AT3G52150;AT4G00970;AT4G14940;AT4G16890;AT4G20380;AT4G30350;AT4G39795;AT5G53160	130.06	10.351637551614537	0.18453021682300477	1.0	200	457	200	1.0
CHH	loss	GO:1901701	cellular response to oxygen-containing compound	9	AT1G54830;AT1G62380;AT2G01950;AT3G01300;AT3G20660;AT4G14940;AT4G16890;AT4G20380;AT5G53160	48.8	6.5099923195039615	0.18442622950819673	1.0	200	457	200	1.0
CHH	loss	GO:1902531	regulation of intracellular signal transduction	3	AT3G60860;AT4G20380;AT5G39500	6.09	2.1382001777195696	0.49261083743842365	0.9601990049751243	192	457	200	1.0
CHH	loss	GO:1902600	proton transmembrane transport	10	AT1G15690;AT2G07560;AT2G07695;AT2G07727;AT2G31910;AT2G38170;AT3G53720;AT4G30190;AT5G41610;AT5G57350	13.22	3.2972109425998166	0.75642965204236	0.8706467661691543	174	457	200	1.0
CHH	loss	GO:1902679	negative regulation of RNA biosynthetic process	4	AT4G04030;AT4G37540;AT5G04590;AT5G58230	17.86	4.0062950465486145	0.22396416573348266	1.0	200	457	200	1.0
CHH	loss	GO:1902680	positive regulation of RNA biosynthetic process	10	AT1G13440;AT1G31640;AT1G69540;AT1G71692;AT1G71930;AT2G10440;AT2G42430;AT4G10920;AT4G29230;AT5G67060	27.615	5.011663895354523	0.3621220351258374	1.0	200	457	200	1.0
CHH	loss	GO:1903046	meiotic cell cycle process	4	AT2G01990;AT3G23670;AT5G26290;AT5G39770	16.605	4.019822757286694	0.2408912978018669	1.0	200	457	200	1.0
CHH	loss	GO:1905392	plant organ morphogenesis	9	AT1G25220;AT1G71410;AT2G04160;AT2G42430;AT3G01300;AT3G02260;AT3G59420;AT4G26540;AT5G67060	46.52	6.0298922046749155	0.1934651762682717	1.0	200	457	200	1.0
CHH	loss	GO:1905393	plant organ formation	6	AT1G25220;AT2G42430;AT3G02260;AT3G14067;AT3G59420;AT5G67060	11.115	3.0922119914391355	0.5398110661268556	0.9800995024875622	196	457	200	1.0
CHH	loss	GO:1990748	cellular detoxification	5	AT1G65990;AT3G49120;AT5G06290;AT5G42180;AT5G64120	12.2	3.312099032335843	0.4098360655737705	1.0	200	457	200	1.0
CHH	loss	GO:2000026	regulation of multicellular organismal development	9	AT1G20450;AT1G36060;AT1G54830;AT1G62380;AT2G15230;AT3G44110;AT3G52150;AT4G29230;AT5G58230	38.56	5.525070135301449	0.233402489626556	1.0	200	457	200	1.0
CHH	loss	GO:2000241	regulation of reproductive process	6	AT1G20450;AT1G69540;AT2G07040;AT2G15230;AT3G44110;AT5G58230	26.145	4.725883515280503	0.22948938611589215	1.0	200	457	200	1.0
CHH	loss	GO:2001141	regulation of RNA biosynthetic process	40	AT1G13440;AT1G19510;AT1G31640;AT1G34170;AT1G34310;AT1G34390;AT1G34410;AT1G35240;AT1G35540;AT1G36060;AT1G49120;AT1G49190;AT1G55950;AT1G62975;AT1G66140;AT1G69540;AT1G71692;AT1G71930;AT2G10440;AT2G22750;AT2G31215;AT2G42430;AT3G03260;AT3G20880;AT3G24050;AT3G32090;AT4G00020;AT4G00540;AT4G01460;AT4G04030;AT4G10920;AT4G20380;AT4G29230;AT4G30080;AT4G37540;AT5G03500;AT5G04590;AT5G39690;AT5G58230;AT5G67060	141.14	10.835607966330468	0.2834065466912286	1.0	200	457	200	1.0
