context	direction	GO_ID	GO_term	observed_hits	observed_genes	null_mean_hits	null_sd	fold_vs_window_null	empirical_p	null_ge_observed	n_observed_genes	nperm	FDR_BH
CG	gain	GO:0000160	phosphorelay signal transduction system	3	AT2G25180;AT3G23150;AT5G10720	3.37	1.6195987157317702	0.8902077151335311	0.7164179104477612	143	253	200	1.0
CG	gain	GO:0000271	polysaccharide biosynthetic process	6	AT1G06490;AT1G32180;AT3G01180;AT3G59100;AT4G33330;AT5G05170	8.88	2.7740944468420654	0.6756756756756757	0.9104477611940298	182	253	200	1.0
CG	gain	GO:0000278	mitotic cell cycle	4	AT2G38220;AT3G12280;AT5G05170;AT5G49160	4.625	1.9453470127460553	0.8648648648648649	0.7313432835820896	146	253	200	1.0
CG	gain	GO:0000280	nuclear division	4	AT1G50240;AT1G53490;AT2G01990;AT3G12280	5.465	2.179168419374694	0.7319304666056725	0.8159203980099502	163	253	200	1.0
CG	gain	GO:0000302	response to reactive oxygen species	4	AT1G22770;AT1G66950;AT3G17800;AT5G10720	4.355	1.9997437335818793	0.9184845005740527	0.6517412935323383	130	253	200	1.0
CG	gain	GO:0000902	cell morphogenesis	3	AT2G25630;AT3G12280;AT3G56640	13.87	3.666483328749773	0.21629416005767846	1.0	200	253	200	1.0
CG	gain	GO:0000910	cytokinesis	4	AT1G50240;AT4G08630;AT5G05170;AT5G49160	4.425	1.8639675426358695	0.903954802259887	0.7064676616915423	141	253	200	1.0
CG	gain	GO:0001101	response to acid chemical	9	AT1G44170;AT1G49230;AT2G18960;AT2G25180;AT3G13380;AT3G45140;AT3G46620;AT5G19000;AT5G37500	14.155	3.562439473170041	0.6358177322500883	0.9502487562189055	190	253	200	1.0
CG	gain	GO:0001558	regulation of cell growth	5	AT1G28270;AT3G12280;AT4G39110;AT5G44585;AT5G54310	4.125	2.0589742591882976	1.2121212121212122	0.39303482587064675	78	253	200	1.0
CG	gain	GO:0001666	response to hypoxia	3	AT1G23310;AT3G23150;AT5G25250	5.5	2.4041630560342617	0.5454545454545454	0.9154228855721394	183	253	200	1.0
CG	gain	GO:0002237	response to molecule of bacterial origin	3	AT1G66730;AT5G10720;AT5G42950	1.75	1.299038105676658	1.7142857142857142	0.23880597014925373	47	253	200	1.0
CG	gain	GO:0002376	immune system process	3	AT1G64790;AT3G49500;AT5G03320	7.7	2.736786436680801	0.38961038961038963	0.9701492537313433	194	253	200	1.0
CG	gain	GO:0002831	regulation of response to biotic stimulus	5	AT2G28290;AT3G59700;AT5G03320;AT5G44585;AT5G53060	7.585	2.7536838961652803	0.6591957811470006	0.900497512437811	180	253	200	1.0
CG	gain	GO:0003002	regionalization	3	AT1G19850;AT1G23420;AT4G17220	6.115	2.2185073811010856	0.49059689288634506	0.9502487562189055	190	253	200	1.0
CG	gain	GO:0003006	developmental process involved in reproduction	23	AT1G19850;AT1G22770;AT1G23420;AT1G29760;AT1G66730;AT1G73177;AT2G01280;AT2G02240;AT2G25630;AT2G28290;AT2G31215;AT2G34260;AT2G42830;AT2G48130;AT3G12280;AT3G49500;AT3G56640;AT4G32880;AT5G23040;AT5G40360;AT5G49160;AT5G52920;AT5G54310	49.015	6.305931731314581	0.46924410894624097	1.0	200	253	200	1.0
CG	gain	GO:0005975	carbohydrate metabolic process	20	AT1G06490;AT1G17150;AT1G22650;AT1G32180;AT1G71930;AT2G25630;AT2G28760;AT3G01180;AT3G10900;AT3G59100;AT3G60140;AT4G28850;AT4G33330;AT5G05170;AT5G07420;AT5G14950;AT5G20280;AT5G26120;AT5G42260;AT5G52920	29.96	4.880409818857417	0.6675567423230975	0.9800995024875622	196	253	200	1.0
CG	gain	GO:0005976	polysaccharide metabolic process	10	AT1G06490;AT1G32180;AT1G71930;AT3G01180;AT3G10900;AT3G59100;AT4G28850;AT4G33330;AT5G05170;AT5G07420	14.93	3.4168845458985024	0.6697923643670463	0.9552238805970149	191	253	200	1.0
CG	gain	GO:0005996	monosaccharide metabolic process	3	AT2G28760;AT5G14950;AT5G26120	3.995	1.9326083410768977	0.7509386733416771	0.7412935323383084	148	253	200	1.0
CG	gain	GO:0006091	generation of precursor metabolites and energy	3	AT2G18660;AT5G52840;AT5G52920	8.315	2.7084635866114204	0.3607937462417318	0.9900497512437811	198	253	200	1.0
CG	gain	GO:0006109	regulation of carbohydrate metabolic process	3	AT1G44120;AT5G40360;AT5G40870	2.395	1.5585169232318266	1.2526096033402923	0.417910447761194	83	253	200	1.0
CG	gain	GO:0006139	nucleobase-containing compound metabolic process	24	AT1G21640;AT1G36180;AT1G49980;AT1G53490;AT1G66730;AT1G72550;AT1G73177;AT1G79950;AT2G01280;AT2G07690;AT2G19920;AT2G28760;AT2G40030;AT3G11964;AT3G16010;AT3G49500;AT5G39920;AT5G40870;AT5G49010;AT5G52850;AT5G52920;AT5G53060;AT5G64200;AT5G66520	65.29	7.473011441179476	0.36759074896615096	1.0	200	253	200	1.0
CG	gain	GO:0006259	DNA metabolic process	6	AT1G49980;AT1G53490;AT1G66730;AT1G79950;AT2G07690;AT5G49010	16.355	3.793280242745052	0.36686028737389176	1.0	200	253	200	1.0
CG	gain	GO:0006260	DNA replication	3	AT1G79950;AT2G07690;AT5G49010	4.84	2.0915066339842197	0.6198347107438017	0.8606965174129353	172	253	200	1.0
CG	gain	GO:0006261	DNA-templated DNA replication	3	AT1G79950;AT2G07690;AT5G49010	2.13	1.2973434394947239	1.4084507042253522	0.373134328358209	74	253	200	1.0
CG	gain	GO:0006281	DNA repair	3	AT1G49980;AT1G66730;AT1G79950	10.035	3.0420018080205	0.29895366218236175	0.9950248756218906	199	253	200	1.0
CG	gain	GO:0006310	DNA recombination	3	AT1G53490;AT1G66730;AT1G79950	6.39	2.3511486554448235	0.4694835680751174	0.9502487562189055	190	253	200	1.0
CG	gain	GO:0006325	chromatin organization	4	AT1G49950;AT1G66040;AT2G28290;AT5G49160	15.33	3.8472197753702595	0.2609262883235486	1.0	200	253	200	1.0
CG	gain	GO:0006338	chromatin remodeling	4	AT1G49950;AT1G66040;AT2G28290;AT5G49160	13.885	3.697536341944457	0.28808066258552395	1.0	200	253	200	1.0
CG	gain	GO:0006351	DNA-templated transcription	3	AT1G73177;AT2G01280;AT2G40030	7.99	2.7165971361245287	0.37546933667083854	0.9751243781094527	195	253	200	1.0
CG	gain	GO:0006355	regulation of DNA-templated transcription	22	AT1G19850;AT1G22770;AT1G23420;AT1G27220;AT1G34170;AT1G35240;AT1G49950;AT1G71930;AT1G79950;AT2G10440;AT2G17150;AT2G25180;AT2G28290;AT2G31215;AT2G42830;AT3G12280;AT3G23690;AT3G62930;AT4G22070;AT4G32880;AT5G40360;AT5G64220	51.525	6.565011424209423	0.4269771955361475	1.0	200	253	200	1.0
CG	gain	GO:0006357	regulation of transcription by RNA polymerase II	4	AT1G49950;AT2G42830;AT3G12280;AT3G62930	7.775	2.5737861216503597	0.5144694533762058	0.9552238805970149	191	253	200	1.0
CG	gain	GO:0006396	RNA processing	7	AT2G40030;AT3G11964;AT3G16010;AT3G49500;AT5G39920;AT5G53060;AT5G64200	20.01	3.9585224516225654	0.34982508745627183	1.0	200	253	200	1.0
CG	gain	GO:0006417	regulation of translation	4	AT3G49500;AT3G59410;AT5G39900;AT5G42950	2.03	1.445371924454049	1.9704433497536948	0.14427860696517414	28	253	200	1.0
CG	gain	GO:0006457	protein folding	4	AT3G62030;AT4G24280;AT5G23040;AT5G67530	4.72	1.997898896340854	0.8474576271186441	0.7164179104477612	143	253	200	1.0
CG	gain	GO:0006468	protein phosphorylation	4	AT1G65800;AT3G59410;AT3G59700;AT5G60280	6.13	2.569649781585031	0.6525285481239804	0.8606965174129353	172	253	200	1.0
CG	gain	GO:0006508	proteolysis	4	AT1G28110;AT1G66210;AT1G71696;AT3G42550	11.615	3.5109507259430455	0.34438226431338786	0.9950248756218906	199	253	200	1.0
CG	gain	GO:0006520	amino acid metabolic process	4	AT1G23310;AT1G72550;AT3G62030;AT5G20980	11.36	3.1922405924366055	0.35211267605633806	1.0	200	253	200	1.0
CG	gain	GO:0006629	lipid metabolic process	11	AT1G28100;AT1G31190;AT1G36180;AT1G55180;AT1G56630;AT1G71697;AT3G45140;AT5G42590;AT5G44585;AT5G52920;AT5G58700	26.92	4.442251681298563	0.4086181277860327	1.0	200	253	200	1.0
CG	gain	GO:0006631	fatty acid metabolic process	4	AT1G36180;AT3G45140;AT5G44585;AT5G52920	7.05	2.4591665254715873	0.5673758865248227	0.9502487562189055	190	253	200	1.0
CG	gain	GO:0006633	fatty acid biosynthetic process	4	AT1G36180;AT3G45140;AT5G44585;AT5G52920	4.13	2.037915601785315	0.9685230024213075	0.5970149253731343	119	253	200	1.0
CG	gain	GO:0006644	phospholipid metabolic process	3	AT1G31190;AT1G55180;AT1G71697	8.0	2.7073972741361763	0.375	0.9950248756218906	199	253	200	1.0
CG	gain	GO:0006650	glycerophospholipid metabolic process	3	AT1G31190;AT1G55180;AT1G71697	6.165	2.342600051225134	0.48661800486618007	0.9402985074626866	188	253	200	1.0
CG	gain	GO:0006753	nucleoside phosphate metabolic process	5	AT1G21640;AT1G36180;AT2G28760;AT5G40870;AT5G52920	10.1	2.847806173179631	0.49504950495049505	0.9900497512437811	198	253	200	1.0
CG	gain	GO:0006790	sulfur compound metabolic process	4	AT1G36180;AT3G62030;AT5G20980;AT5G44585	8.205	2.7500863622802845	0.4875076173065204	0.9751243781094527	195	253	200	1.0
CG	gain	GO:0006793	phosphorus metabolic process	8	AT1G21640;AT1G31190;AT1G36180;AT1G55180;AT1G71697;AT2G28760;AT5G40870;AT5G52920	19.675	4.180834246893788	0.40660736975857686	1.0	200	253	200	1.0
CG	gain	GO:0006796	phosphate-containing compound metabolic process	4	AT1G65800;AT3G59410;AT3G59700;AT5G60280	9.01	3.0919087955500886	0.4439511653718091	0.9751243781094527	195	253	200	1.0
CG	gain	GO:0006810	transport	33	AT1G06490;AT1G21890;AT1G31830;AT1G32450;AT1G53210;AT1G65550;AT1G66950;AT1G74770;AT2G18960;AT2G30070;AT2G30290;AT2G42005;AT2G48130;AT3G08530;AT3G10650;AT3G42640;AT3G44900;AT3G51310;AT3G56640;AT3G63380;AT4G01820;AT4G12120;AT4G17140;AT4G18050;AT4G26590;AT4G29380;AT5G05760;AT5G19600;AT5G20280;AT5G25250;AT5G37500;AT5G54310;AT5G55930	72.385	7.4657065975029715	0.4558955584720591	1.0	200	253	200	1.0
CG	gain	GO:0006811	monoatomic ion transport	9	AT1G32450;AT1G53210;AT1G74770;AT2G18960;AT2G30070;AT3G42640;AT3G44900;AT3G63380;AT5G37500	16.38	3.950392385573873	0.5494505494505495	0.9900497512437811	198	253	200	1.0
CG	gain	GO:0006812	monoatomic cation transport	9	AT1G32450;AT1G53210;AT1G74770;AT2G18960;AT2G30070;AT3G42640;AT3G44900;AT3G63380;AT5G37500	14.22	3.700216209899091	0.6329113924050632	0.945273631840796	189	253	200	1.0
CG	gain	GO:0006813	potassium ion transport	3	AT1G32450;AT2G30070;AT5G37500	3.16	1.4813507349712958	0.9493670886075949	0.6567164179104478	131	253	200	1.0
CG	gain	GO:0006886	intracellular protein transport	4	AT2G30290;AT3G08530;AT3G56640;AT5G05760	9.59	3.176775094337024	0.4171011470281543	0.9950248756218906	199	253	200	1.0
CG	gain	GO:0006950	response to stress	52	AT1G22770;AT1G23310;AT1G44170;AT1G49230;AT1G49980;AT1G53210;AT1G55180;AT1G64790;AT1G66730;AT1G66950;AT1G70460;AT1G71697;AT1G71930;AT1G79380;AT1G79950;AT2G18660;AT2G18960;AT2G25180;AT2G28290;AT2G39730;AT2G40030;AT2G44110;AT3G13380;AT3G17800;AT3G23150;AT3G45140;AT3G46620;AT3G47020;AT3G49500;AT3G59410;AT3G59700;AT3G62030;AT4G07390;AT4G16890;AT4G20140;AT4G24280;AT5G05170;AT5G10720;AT5G14950;AT5G19000;AT5G25250;AT5G37500;AT5G42950;AT5G44510;AT5G44585;AT5G45240;AT5G53060;AT5G53450;AT5G54310;AT5G58700;AT5G60280;AT5G64220	96.5	8.167618992093052	0.538860103626943	1.0	200	253	200	1.0
CG	gain	GO:0006952	defense response	16	AT1G64790;AT1G71930;AT1G79380;AT2G18660;AT2G40030;AT2G44110;AT3G49500;AT3G59700;AT4G16890;AT5G05170;AT5G42950;AT5G44510;AT5G44585;AT5G45240;AT5G54310;AT5G60280	30.945	5.108030442352506	0.5170463725965423	1.0	200	253	200	1.0
CG	gain	GO:0006970	response to osmotic stress	8	AT1G44170;AT1G53210;AT1G55180;AT3G62030;AT5G14950;AT5G19000;AT5G53060;AT5G53450	17.07	3.924933120449316	0.46865846514352666	0.9900497512437811	198	253	200	1.0
CG	gain	GO:0006974	DNA damage response	3	AT1G49980;AT1G66730;AT1G79950	11.56	3.235181602321575	0.25951557093425603	0.9950248756218906	199	253	200	1.0
CG	gain	GO:0006979	response to oxidative stress	6	AT1G22770;AT1G66730;AT1G66950;AT3G17800;AT3G62030;AT5G10720	11.57	3.351880069453558	0.5185825410544511	0.9701492537313433	194	253	200	1.0
CG	gain	GO:0006996	organelle organization	15	AT1G24490;AT1G29760;AT1G50240;AT1G53490;AT1G60770;AT1G79950;AT2G01990;AT2G34260;AT3G05520;AT3G10650;AT3G12280;AT3G16010;AT4G17220;AT4G26700;AT5G23040	38.545	5.736547306525054	0.3891555324944869	1.0	200	253	200	1.0
CG	gain	GO:0007010	cytoskeleton organization	3	AT3G05520;AT4G17220;AT4G26700	11.14	3.6797282508359195	0.26929982046678635	1.0	200	253	200	1.0
CG	gain	GO:0007049	cell cycle	8	AT1G50240;AT1G53490;AT2G01990;AT2G38220;AT3G12280;AT4G08630;AT5G05170;AT5G49160	14.94	3.6175129578206073	0.535475234270415	0.9800995024875622	196	253	200	1.0
CG	gain	GO:0007154	cell communication	15	AT1G28270;AT1G65800;AT1G79380;AT2G25180;AT3G23150;AT3G56640;AT3G62030;AT4G16890;AT5G03320;AT5G10720;AT5G44510;AT5G44585;AT5G45240;AT5G53060;AT5G58700	38.315	5.191895126059475	0.39149158293096703	1.0	200	253	200	1.0
CG	gain	GO:0007165	signal transduction	13	AT1G28270;AT1G65800;AT1G79380;AT2G25180;AT3G23150;AT3G62030;AT4G16890;AT5G03320;AT5G10720;AT5G44510;AT5G45240;AT5G53060;AT5G58700	36.495	5.178800536803876	0.3562131798876559	1.0	200	253	200	1.0
CG	gain	GO:0007275	multicellular organism development	37	AT1G19850;AT1G22770;AT1G23420;AT1G29760;AT1G32450;AT1G50240;AT1G55180;AT1G66730;AT1G73177;AT1G79950;AT2G01280;AT2G02240;AT2G25180;AT2G28290;AT2G31215;AT2G34260;AT2G38220;AT2G39730;AT2G42830;AT2G48130;AT3G11964;AT3G12280;AT3G24240;AT3G49500;AT3G56930;AT4G17220;AT4G20140;AT4G29380;AT4G32880;AT4G39110;AT5G10720;AT5G23040;AT5G40360;AT5G44585;AT5G49160;AT5G52920;AT5G54310	83.93	7.573975178200557	0.4408435601096151	1.0	200	253	200	1.0
CG	gain	GO:0007389	pattern specification process	5	AT1G19850;AT1G23420;AT2G34260;AT4G17220;AT4G20140	8.055	2.685512055456093	0.6207324643078833	0.9253731343283582	185	253	200	1.0
CG	gain	GO:0008037	cell recognition	3	AT1G65800;AT3G49500;AT3G56640	2.57	1.5668758725565983	1.1673151750972763	0.46766169154228854	93	253	200	1.0
CG	gain	GO:0008104	intracellular protein localization	6	AT1G24490;AT2G30290;AT3G08530;AT3G51310;AT3G56640;AT5G05760	15.915	3.540872067725691	0.37700282752120645	1.0	200	253	200	1.0
CG	gain	GO:0008152	metabolic process	89	AT1G04970;AT1G06490;AT1G12520;AT1G17150;AT1G21640;AT1G22650;AT1G23030;AT1G23310;AT1G28100;AT1G28110;AT1G30520;AT1G31190;AT1G32180;AT1G34360;AT1G36180;AT1G44170;AT1G49230;AT1G49980;AT1G50490;AT1G53490;AT1G55180;AT1G56630;AT1G65800;AT1G66040;AT1G66210;AT1G66730;AT1G71696;AT1G71697;AT1G71930;AT1G72550;AT1G73177;AT1G74770;AT1G79950;AT2G01280;AT2G07690;AT2G18660;AT2G19920;AT2G22450;AT2G25630;AT2G28760;AT2G38220;AT2G40030;AT3G01180;AT3G03510;AT3G10650;AT3G10900;AT3G11964;AT3G16010;AT3G42550;AT3G45140;AT3G46620;AT3G47020;AT3G49500;AT3G59100;AT3G59410;AT3G59700;AT3G60140;AT3G62030;AT4G24280;AT4G28850;AT4G29380;AT4G33330;AT4G39370;AT5G05170;AT5G07420;AT5G14950;AT5G19000;AT5G20280;AT5G20980;AT5G22030;AT5G23040;AT5G26120;AT5G39920;AT5G40850;AT5G40870;AT5G42260;AT5G42590;AT5G44585;AT5G49010;AT5G52840;AT5G52850;AT5G52920;AT5G53060;AT5G58450;AT5G58700;AT5G60280;AT5G64200;AT5G66520;AT5G67530	210.975	9.6324646378797	0.4218509302050006	1.0	200	253	200	1.0
CG	gain	GO:0008610	lipid biosynthetic process	7	AT1G28100;AT1G31190;AT1G36180;AT1G71697;AT3G45140;AT5G44585;AT5G52920	16.205	3.6541722728957393	0.4319654427645789	1.0	200	253	200	1.0
CG	gain	GO:0008652	amino acid biosynthetic process	3	AT1G23310;AT3G62030;AT5G20980	4.93	2.212487288099076	0.6085192697768763	0.8706467661691543	174	253	200	1.0
CG	gain	GO:0009056	catabolic process	8	AT1G23310;AT1G55180;AT1G74770;AT3G10900;AT3G47020;AT4G29380;AT5G07420;AT5G52920	33.675	5.12439020762474	0.23756495916852266	1.0	200	253	200	1.0
CG	gain	GO:0009057	macromolecule catabolic process	4	AT1G74770;AT3G10900;AT3G47020;AT5G07420	18.175	4.073619398029228	0.2200825309491059	1.0	200	253	200	1.0
CG	gain	GO:0009058	biosynthetic process	45	AT1G04970;AT1G06490;AT1G21640;AT1G23310;AT1G28100;AT1G30520;AT1G31190;AT1G32180;AT1G34360;AT1G36180;AT1G49980;AT1G66730;AT1G71697;AT1G72550;AT1G73177;AT2G01280;AT2G19920;AT2G22450;AT2G28760;AT2G40030;AT3G01180;AT3G10650;AT3G11964;AT3G16010;AT3G45140;AT3G49500;AT3G59100;AT3G62030;AT4G24280;AT4G33330;AT5G05170;AT5G14950;AT5G20280;AT5G20980;AT5G23040;AT5G39920;AT5G40850;AT5G40870;AT5G44585;AT5G52840;AT5G52920;AT5G53060;AT5G58450;AT5G64200;AT5G67530	102.605	7.849775474496032	0.43857511817162903	1.0	200	253	200	1.0
CG	gain	GO:0009059	macromolecule biosynthetic process	27	AT1G06490;AT1G32180;AT1G34360;AT1G49980;AT1G66730;AT1G72550;AT1G73177;AT2G01280;AT2G19920;AT2G40030;AT3G01180;AT3G10650;AT3G11964;AT3G16010;AT3G49500;AT3G59100;AT3G62030;AT4G24280;AT4G33330;AT5G05170;AT5G14950;AT5G23040;AT5G39920;AT5G53060;AT5G58450;AT5G64200;AT5G67530	59.515	6.483037482538565	0.4536671427371251	1.0	200	253	200	1.0
CG	gain	GO:0009117	nucleotide metabolic process	3	AT1G21640;AT5G40870;AT5G52920	6.645	2.368327468911343	0.4514672686230249	0.9601990049751243	192	253	200	1.0
CG	gain	GO:0009250	glucan biosynthetic process	5	AT1G06490;AT1G32180;AT3G01180;AT3G59100;AT5G05170	5.665	2.184668167022169	0.8826125330979699	0.6865671641791045	137	253	200	1.0
CG	gain	GO:0009266	response to temperature stimulus	10	AT1G22770;AT1G49230;AT1G66730;AT2G39730;AT3G47020;AT4G07390;AT4G24280;AT5G37500;AT5G53060;AT5G64220	19.835	4.166266314099472	0.5041593143433325	0.9950248756218906	199	253	200	1.0
CG	gain	GO:0009267	cellular response to starvation	3	AT1G55180;AT1G70460;AT3G59410	4.89	2.0827625884867444	0.6134969325153374	0.8905472636815921	178	253	200	1.0
CG	gain	GO:0009292	horizontal gene transfer	3	AT4G08990;AT4G14140;AT5G49160	1.29	1.0177917272212424	2.3255813953488373	0.11940298507462686	23	253	200	1.0
CG	gain	GO:0009294	DNA-mediated transformation	3	AT4G08990;AT4G14140;AT5G49160	1.29	1.0177917272212424	2.3255813953488373	0.11940298507462686	23	253	200	1.0
CG	gain	GO:0009314	response to radiation	9	AT1G05120;AT1G22770;AT1G66730;AT2G39730;AT3G13380;AT3G17800;AT3G62030;AT5G23040;AT5G40850	25.565	4.753501341116871	0.35204380989634265	1.0	200	253	200	1.0
CG	gain	GO:0009408	response to heat	3	AT3G47020;AT4G24280;AT5G53060	8.35	2.656595565757047	0.3592814371257485	0.9900497512437811	198	253	200	1.0
CG	gain	GO:0009409	response to cold	7	AT1G22770;AT1G49230;AT1G66730;AT2G39730;AT4G07390;AT5G37500;AT5G64220	11.665	3.2913181250070656	0.6000857265323618	0.9552238805970149	191	253	200	1.0
CG	gain	GO:0009411	response to UV	3	AT1G05120;AT1G66730;AT3G17800	3.96	1.8216476058777122	0.7575757575757576	0.7761194029850746	155	253	200	1.0
CG	gain	GO:0009414	response to water deprivation	9	AT1G44170;AT1G49230;AT2G18960;AT2G25180;AT3G13380;AT3G45140;AT3G46620;AT5G19000;AT5G37500	12.575	3.335322323254533	0.7157057654075547	0.8905472636815921	178	253	200	1.0
CG	gain	GO:0009415	response to water	9	AT1G44170;AT1G49230;AT2G18960;AT2G25180;AT3G13380;AT3G45140;AT3G46620;AT5G19000;AT5G37500	12.915	3.379019828293411	0.6968641114982579	0.9054726368159204	181	253	200	1.0
CG	gain	GO:0009416	response to light stimulus	9	AT1G05120;AT1G22770;AT1G66730;AT2G39730;AT3G13380;AT3G17800;AT3G62030;AT5G23040;AT5G40850	24.135	4.642927417050573	0.3729024238657551	1.0	200	253	200	1.0
CG	gain	GO:0009553	embryo sac development	4	AT1G50240;AT2G34260;AT3G11964;AT3G12280	6.325	2.4350308006265546	0.6324110671936759	0.8955223880597015	179	253	200	1.0
CG	gain	GO:0009555	pollen development	6	AT1G73177;AT1G79950;AT2G38220;AT3G12280;AT4G29380;AT4G39110	13.615	3.692800427859594	0.4406904149834741	0.9900497512437811	198	253	200	1.0
CG	gain	GO:0009605	response to external stimulus	20	AT1G64790;AT1G66730;AT1G71930;AT1G79380;AT2G15480;AT2G15490;AT2G18660;AT2G40030;AT3G45140;AT3G49500;AT3G50470;AT3G59700;AT4G16890;AT4G24100;AT5G10720;AT5G42950;AT5G44510;AT5G44585;AT5G54310;AT5G60280	42.49	6.028258454976855	0.4706989879971758	1.0	200	253	200	1.0
CG	gain	GO:0009607	response to biotic stimulus	20	AT1G64790;AT1G66730;AT1G71930;AT1G79380;AT2G15480;AT2G15490;AT2G18660;AT2G40030;AT3G45140;AT3G49500;AT3G50470;AT3G59700;AT4G16890;AT4G24100;AT5G10720;AT5G42950;AT5G44510;AT5G44585;AT5G54310;AT5G60280	36.025	5.44833690221154	0.5551700208188758	1.0	200	253	200	1.0
CG	gain	GO:0009611	response to wounding	8	AT1G71697;AT1G79380;AT2G25180;AT2G28290;AT3G17800;AT3G45140;AT4G20140;AT5G44585	7.82	2.7454689945435535	1.0230179028132993	0.5323383084577115	106	253	200	1.0
CG	gain	GO:0009617	response to bacterium	11	AT1G64790;AT1G66730;AT1G79380;AT3G45140;AT3G59700;AT4G16890;AT5G10720;AT5G42950;AT5G44510;AT5G44585;AT5G54310	15.835	3.46522365800535	0.6946637196084622	0.9601990049751243	192	253	200	1.0
CG	gain	GO:0009620	response to fungus	6	AT1G71930;AT2G40030;AT3G45140;AT3G50470;AT5G42950;AT5G60280	10.58	3.233202746503843	0.5671077504725898	0.9502487562189055	190	253	200	1.0
CG	gain	GO:0009627	systemic acquired resistance	3	AT1G64790;AT2G18660;AT4G16890	2.215	1.3374509336794382	1.3544018058690745	0.34328358208955223	68	253	200	1.0
CG	gain	GO:0009628	response to abiotic stimulus	29	AT1G05120;AT1G22770;AT1G23310;AT1G44170;AT1G49230;AT1G53210;AT1G55180;AT1G66730;AT2G18960;AT2G25180;AT2G39730;AT3G13380;AT3G17800;AT3G23150;AT3G45140;AT3G46620;AT3G47020;AT3G62030;AT4G07390;AT4G24280;AT5G14950;AT5G19000;AT5G23040;AT5G25250;AT5G37500;AT5G40850;AT5G53060;AT5G53450;AT5G64220	67.415	7.100899590896852	0.4301713268560409	1.0	200	253	200	1.0
CG	gain	GO:0009651	response to salt stress	5	AT1G44170;AT1G53210;AT3G62030;AT5G14950;AT5G19000	14.075	3.529783987725031	0.3552397868561279	1.0	200	253	200	1.0
CG	gain	GO:0009653	anatomical structure morphogenesis	11	AT1G50240;AT2G25180;AT2G25630;AT2G28290;AT3G12280;AT3G24240;AT3G56640;AT3G56930;AT4G20140;AT4G32880;AT5G44585	34.79	4.971508825296393	0.3161828111526301	1.0	200	253	200	1.0
CG	gain	GO:0009664	plant-type cell wall organization	5	AT1G23720;AT3G28550;AT3G54580;AT4G20140;AT5G44585	4.58	1.9009471323527118	1.0917030567685588	0.47761194029850745	95	253	200	1.0
CG	gain	GO:0009719	response to endogenous stimulus	19	AT1G19850;AT1G30755;AT1G34170;AT1G35240;AT1G44170;AT1G71930;AT1G79380;AT2G18960;AT2G25180;AT2G39730;AT3G23150;AT3G45140;AT3G46620;AT3G62030;AT4G16890;AT4G32880;AT5G10720;AT5G37500;AT5G53060	38.935	5.735047950976509	0.4879928085270322	1.0	200	253	200	1.0
CG	gain	GO:0009725	response to hormone	19	AT1G19850;AT1G30755;AT1G34170;AT1G35240;AT1G44170;AT1G71930;AT1G79380;AT2G18960;AT2G25180;AT2G39730;AT3G23150;AT3G45140;AT3G46620;AT3G62030;AT4G16890;AT4G32880;AT5G10720;AT5G37500;AT5G53060	38.84	5.717901713041212	0.4891864057672502	1.0	200	253	200	1.0
CG	gain	GO:0009733	response to auxin	4	AT1G19850;AT1G71930;AT4G16890;AT4G32880	9.905	3.0192672952224693	0.4038364462392731	0.9850746268656716	197	253	200	1.0
CG	gain	GO:0009735	response to cytokinin	3	AT1G71930;AT2G25180;AT5G10720	3.425	1.7647591903713102	0.8759124087591241	0.6915422885572139	138	253	200	1.0
CG	gain	GO:0009737	response to abscisic acid	6	AT1G44170;AT1G71930;AT2G18960;AT3G46620;AT3G62030;AT5G37500	15.645	3.3420016457207224	0.3835091083413231	0.9950248756218906	199	253	200	1.0
CG	gain	GO:0009753	response to jasmonic acid	5	AT1G79380;AT2G39730;AT3G45140;AT5G37500;AT5G53060	6.1	2.5039968051097836	0.819672131147541	0.746268656716418	149	253	200	1.0
CG	gain	GO:0009755	hormone-mediated signaling pathway	5	AT1G79380;AT2G25180;AT3G23150;AT5G10720;AT5G53060	13.73	3.2229024186282778	0.3641660597232338	1.0	200	253	200	1.0
CG	gain	GO:0009791	post-embryonic development	22	AT1G19850;AT1G22770;AT1G23420;AT1G29760;AT1G55180;AT1G66730;AT1G73177;AT2G01280;AT2G02240;AT2G28290;AT2G31215;AT2G34260;AT2G42830;AT2G48130;AT3G12280;AT3G49500;AT4G32880;AT5G23040;AT5G40360;AT5G49160;AT5G52920;AT5G54310	49.87	6.0838392483694514	0.4411469821535994	1.0	200	253	200	1.0
CG	gain	GO:0009793	embryo development ending in seed dormancy	8	AT1G19850;AT2G01280;AT2G02240;AT2G34260;AT4G32880;AT5G23040;AT5G40360;AT5G49160	16.54	3.7159655541998777	0.4836759371221282	0.9900497512437811	198	253	200	1.0
CG	gain	GO:0009798	axis specification	3	AT1G19850;AT1G23420;AT4G20140	2.47	1.496362255605239	1.214574898785425	0.47761194029850745	95	253	200	1.0
CG	gain	GO:0009832	plant-type cell wall biogenesis	4	AT4G17220;AT4G20140;AT4G33330;AT5G05170	4.905	1.9989934967377954	0.8154943934760448	0.7512437810945274	150	253	200	1.0
CG	gain	GO:0009846	pollen germination	3	AT1G29760;AT3G56640;AT4G29380	2.39	1.4926151546865656	1.2552301255230125	0.43781094527363185	87	253	200	1.0
CG	gain	GO:0009856	pollination	4	AT1G29760;AT2G25630;AT3G56640;AT4G29380	9.145	2.825592858144995	0.43739748496446146	0.9950248756218906	199	253	200	1.0
CG	gain	GO:0009889	regulation of biosynthetic process	37	AT1G04970;AT1G19850;AT1G22770;AT1G23420;AT1G27220;AT1G34170;AT1G35240;AT1G44120;AT1G49950;AT1G66040;AT1G71930;AT1G79950;AT2G10440;AT2G17150;AT2G19920;AT2G25180;AT2G28290;AT2G31215;AT2G40030;AT2G42830;AT3G12280;AT3G23690;AT3G47020;AT3G49500;AT3G59410;AT3G62930;AT4G22070;AT4G32880;AT5G03320;AT5G39900;AT5G40360;AT5G40850;AT5G40870;AT5G42950;AT5G49160;AT5G53060;AT5G64220	73.605	7.613079206208192	0.5026832416276068	1.0	200	253	200	1.0
CG	gain	GO:0009890	negative regulation of biosynthetic process	10	AT1G27220;AT1G66040;AT2G19920;AT2G40030;AT3G12280;AT3G49500;AT3G62930;AT5G42950;AT5G49160;AT5G53060	18.69	4.284145188949594	0.5350454788657035	0.9850746268656716	197	253	200	1.0
CG	gain	GO:0009891	positive regulation of biosynthetic process	7	AT1G71930;AT2G10440;AT2G42830;AT5G39900;AT5G40360;AT5G40850;AT5G64220	15.24	3.5188634528779303	0.45931758530183725	0.9850746268656716	197	253	200	1.0
CG	gain	GO:0009892	negative regulation of metabolic process	12	AT1G27220;AT1G66040;AT1G79950;AT2G19920;AT2G40030;AT3G12280;AT3G49500;AT3G62930;AT5G42950;AT5G44585;AT5G49160;AT5G53060	21.365	4.5685637786945765	0.5616662766206413	0.9950248756218906	199	253	200	1.0
CG	gain	GO:0009893	positive regulation of metabolic process	7	AT1G71930;AT2G10440;AT2G42830;AT5G39900;AT5G40360;AT5G40850;AT5G64220	18.34	3.747585889609469	0.3816793893129771	1.0	200	253	200	1.0
CG	gain	GO:0009908	flower development	8	AT1G19850;AT1G22770;AT1G23420;AT2G28290;AT2G31215;AT2G42830;AT3G49500;AT5G54310	13.055	3.484533684727413	0.6127920337035618	0.9502487562189055	190	253	200	1.0
CG	gain	GO:0009960	endosperm development	3	AT2G34260;AT3G12280;AT5G40360	0.9	0.8888194417315589	3.333333333333333	0.05472636815920398	10	253	200	1.0
CG	gain	GO:0009966	regulation of signal transduction	7	AT2G25180;AT2G28290;AT3G23150;AT4G01820;AT4G09570;AT4G18050;AT5G10720	12.59	3.626554838962181	0.5559968228752978	0.9502487562189055	190	253	200	1.0
CG	gain	GO:0009987	cellular process	151	AT1G04970;AT1G06490;AT1G12520;AT1G17150;AT1G21640;AT1G21890;AT1G22650;AT1G23030;AT1G23310;AT1G23720;AT1G24490;AT1G27595;AT1G28100;AT1G28110;AT1G28270;AT1G29760;AT1G30520;AT1G31190;AT1G31830;AT1G32180;AT1G32450;AT1G34360;AT1G36180;AT1G44120;AT1G44170;AT1G49230;AT1G49950;AT1G49980;AT1G50240;AT1G50490;AT1G53210;AT1G53490;AT1G55180;AT1G56630;AT1G60770;AT1G65550;AT1G65800;AT1G66040;AT1G66210;AT1G66730;AT1G66950;AT1G70460;AT1G70630;AT1G71696;AT1G71697;AT1G71930;AT1G72550;AT1G73177;AT1G74770;AT1G79380;AT1G79950;AT2G01280;AT2G01990;AT2G07690;AT2G18660;AT2G18960;AT2G19920;AT2G22450;AT2G25180;AT2G25630;AT2G28290;AT2G28760;AT2G30070;AT2G30290;AT2G34260;AT2G38220;AT2G40030;AT2G42005;AT3G01180;AT3G03510;AT3G05520;AT3G08530;AT3G10650;AT3G10900;AT3G11964;AT3G12280;AT3G16010;AT3G23150;AT3G28550;AT3G42550;AT3G42640;AT3G44900;AT3G45140;AT3G46620;AT3G47020;AT3G49500;AT3G51310;AT3G54580;AT3G56640;AT3G56930;AT3G59100;AT3G59410;AT3G59700;AT3G60140;AT3G62030;AT3G63380;AT4G01820;AT4G08630;AT4G08990;AT4G12120;AT4G14140;AT4G16890;AT4G17220;AT4G18050;AT4G20140;AT4G24280;AT4G26590;AT4G26700;AT4G28850;AT4G29380;AT4G33330;AT4G39370;AT5G02370;AT5G03320;AT5G05170;AT5G05760;AT5G07420;AT5G10720;AT5G14950;AT5G19000;AT5G19600;AT5G20280;AT5G20980;AT5G22030;AT5G23040;AT5G25250;AT5G26120;AT5G37500;AT5G39920;AT5G40850;AT5G40870;AT5G42260;AT5G42590;AT5G44510;AT5G44585;AT5G45240;AT5G49010;AT5G49160;AT5G52840;AT5G52850;AT5G52920;AT5G53060;AT5G54310;AT5G55930;AT5G58450;AT5G58700;AT5G60280;AT5G64200;AT5G64220;AT5G66520;AT5G67530	348.225	9.230621593369897	0.4336276832507717	1.0	200	253	200	1.0
CG	gain	GO:0010015	root morphogenesis	4	AT2G25180;AT3G24240;AT3G56930;AT5G44585	11.7	3.1064449134018144	0.3418803418803419	1.0	200	253	200	1.0
CG	gain	GO:0010073	meristem maintenance	3	AT2G25180;AT3G24240;AT5G44585	6.525	2.4370832977147083	0.45977011494252873	0.9552238805970149	191	253	200	1.0
CG	gain	GO:0010075	regulation of meristem growth	3	AT2G25180;AT3G24240;AT5G44585	2.38	1.5986244086714054	1.2605042016806722	0.4427860696517413	88	253	200	1.0
CG	gain	GO:0010082	regulation of root meristem growth	3	AT2G25180;AT3G24240;AT5G44585	1.42	1.250439922587247	2.1126760563380285	0.20398009950248755	40	253	200	1.0
CG	gain	GO:0010104	regulation of ethylene-activated signaling pathway	3	AT2G28290;AT3G23150;AT5G10720	1.425	1.1765946625750092	2.1052631578947367	0.1791044776119403	35	253	200	1.0
CG	gain	GO:0010119	regulation of stomatal movement	5	AT1G23030;AT2G18960;AT3G59700;AT5G10720;AT5G37500	4.04	1.8106352476410044	1.2376237623762376	0.3681592039800995	73	253	200	1.0
CG	gain	GO:0010154	fruit development	13	AT1G19850;AT1G29760;AT1G66730;AT2G01280;AT2G02240;AT2G34260;AT2G48130;AT3G12280;AT4G32880;AT5G23040;AT5G40360;AT5G49160;AT5G52920	24.155	4.176239337011214	0.5381908507555371	1.0	200	253	200	1.0
CG	gain	GO:0010467	gene expression	18	AT1G34360;AT1G72550;AT1G73177;AT2G01280;AT2G19920;AT2G40030;AT3G10650;AT3G11964;AT3G16010;AT3G49500;AT3G62030;AT4G24280;AT5G23040;AT5G39920;AT5G53060;AT5G58450;AT5G64200;AT5G67530	44.99	5.827512333749268	0.4000889086463658	1.0	200	253	200	1.0
CG	gain	GO:0010468	regulation of gene expression	33	AT1G04970;AT1G19850;AT1G22770;AT1G23420;AT1G27220;AT1G34170;AT1G35240;AT1G49950;AT1G66040;AT1G71930;AT1G79950;AT2G10440;AT2G17150;AT2G19920;AT2G25180;AT2G28290;AT2G31215;AT2G40030;AT2G42830;AT3G12280;AT3G23690;AT3G47020;AT3G49500;AT3G59410;AT3G62930;AT4G22070;AT4G32880;AT5G39900;AT5G40360;AT5G42950;AT5G49160;AT5G53060;AT5G64220	68.12	7.447523078178378	0.4844392248972401	1.0	200	253	200	1.0
CG	gain	GO:0010556	regulation of macromolecule biosynthetic process	35	AT1G04970;AT1G19850;AT1G22770;AT1G23420;AT1G27220;AT1G34170;AT1G35240;AT1G44120;AT1G49950;AT1G66040;AT1G71930;AT1G79950;AT2G10440;AT2G17150;AT2G19920;AT2G25180;AT2G28290;AT2G31215;AT2G40030;AT2G42830;AT3G12280;AT3G23690;AT3G47020;AT3G49500;AT3G59410;AT3G62930;AT4G22070;AT4G32880;AT5G39900;AT5G40360;AT5G40870;AT5G42950;AT5G49160;AT5G53060;AT5G64220	69.575	7.480934099429059	0.5030542579949694	1.0	200	253	200	1.0
CG	gain	GO:0010557	positive regulation of macromolecule biosynthetic process	6	AT1G71930;AT2G10440;AT2G42830;AT5G39900;AT5G40360;AT5G64220	13.235	3.4885204600231337	0.4533434076312807	0.9950248756218906	199	253	200	1.0
CG	gain	GO:0010558	negative regulation of macromolecule biosynthetic process	10	AT1G27220;AT1G66040;AT2G19920;AT2G40030;AT3G12280;AT3G49500;AT3G62930;AT5G42950;AT5G49160;AT5G53060	18.145	4.260748173736627	0.5511160099200882	0.9800995024875622	196	253	200	1.0
CG	gain	GO:0010604	positive regulation of macromolecule metabolic process	6	AT1G71930;AT2G10440;AT2G42830;AT5G39900;AT5G40360;AT5G64220	15.55	3.6204281514760086	0.3858520900321543	1.0	200	253	200	1.0
CG	gain	GO:0010605	negative regulation of macromolecule metabolic process	11	AT1G27220;AT1G66040;AT1G79950;AT2G19920;AT2G40030;AT3G12280;AT3G49500;AT3G62930;AT5G42950;AT5G49160;AT5G53060	19.625	4.450210669170617	0.5605095541401274	0.9850746268656716	197	253	200	1.0
CG	gain	GO:0010608	post-transcriptional regulation of gene expression	5	AT2G40030;AT3G49500;AT3G59410;AT5G39900;AT5G42950	5.08	2.2457960726655486	0.984251968503937	0.5671641791044776	113	253	200	1.0
CG	gain	GO:0010629	negative regulation of gene expression	7	AT1G66040;AT2G19920;AT2G40030;AT3G49500;AT5G42950;AT5G49160;AT5G53060	12.205	3.4961371540601767	0.5735354362965998	0.9701492537313433	194	253	200	1.0
CG	gain	GO:0010646	regulation of cell communication	7	AT2G25180;AT2G28290;AT3G23150;AT4G01820;AT4G09570;AT4G18050;AT5G10720	12.64	3.631859028101171	0.5537974683544303	0.9502487562189055	190	253	200	1.0
CG	gain	GO:0015031	protein transport	5	AT2G30290;AT3G08530;AT3G51310;AT3G56640;AT5G05760	13.125	3.193646035489845	0.38095238095238093	1.0	200	253	200	1.0
CG	gain	GO:0015980	energy derivation by oxidation of organic compounds	3	AT2G18660;AT5G52840;AT5G52920	5.185	2.11678411747632	0.5785920925747349	0.9104477611940298	182	253	200	1.0
CG	gain	GO:0016043	cellular component organization	28	AT1G23720;AT1G24490;AT1G29760;AT1G49950;AT1G50240;AT1G53490;AT1G60770;AT1G66040;AT1G79950;AT2G01280;AT2G01990;AT2G28290;AT2G34260;AT3G05520;AT3G10650;AT3G12280;AT3G16010;AT3G28550;AT3G54580;AT4G17220;AT4G20140;AT4G26700;AT5G05760;AT5G07420;AT5G23040;AT5G25250;AT5G44585;AT5G49160	74.065	7.662295674274158	0.37804631067305744	1.0	200	253	200	1.0
CG	gain	GO:0016049	cell growth	5	AT1G44120;AT1G55180;AT2G25630;AT3G56640;AT3G56930	14.145	3.6734146240249013	0.3534817956875221	1.0	200	253	200	1.0
CG	gain	GO:0016051	carbohydrate biosynthetic process	7	AT1G06490;AT1G32180;AT3G01180;AT3G59100;AT4G33330;AT5G05170;AT5G20280	11.735	3.2672274178575345	0.5965061780997017	0.9701492537313433	194	253	200	1.0
CG	gain	GO:0016052	carbohydrate catabolic process	3	AT3G10900;AT5G07420;AT5G52920	6.775	2.6180861330368788	0.44280442804428044	0.9751243781094527	195	253	200	1.0
CG	gain	GO:0016070	RNA metabolic process	13	AT1G72550;AT1G73177;AT2G01280;AT2G19920;AT2G40030;AT3G11964;AT3G16010;AT3G49500;AT5G39920;AT5G52850;AT5G53060;AT5G64200;AT5G66520	39.15	6.122703651165895	0.33205619412515963	1.0	200	253	200	1.0
CG	gain	GO:0016192	vesicle-mediated transport	6	AT3G08530;AT3G51310;AT4G12120;AT4G29380;AT5G05760;AT5G54310	13.705	3.7613794012303523	0.43779642466253194	0.9950248756218906	199	253	200	1.0
CG	gain	GO:0016310	phosphorylation	4	AT1G65800;AT3G59410;AT3G59700;AT5G60280	6.38	2.5779061270729007	0.6269592476489029	0.8855721393034826	177	253	200	1.0
CG	gain	GO:0016567	protein ubiquitination	13	AT1G23030;AT1G49230;AT1G50490;AT1G53490;AT1G66040;AT1G73177;AT1G74770;AT2G38220;AT3G03510;AT3G46620;AT3G47020;AT5G19000;AT5G67530	16.76	3.9550474080597255	0.7756563245823388	0.8656716417910447	173	253	200	1.0
CG	gain	GO:0019219	regulation of nucleobase-containing compound metabolic process	22	AT1G19850;AT1G22770;AT1G23420;AT1G27220;AT1G34170;AT1G35240;AT1G49950;AT1G71930;AT1G79950;AT2G10440;AT2G17150;AT2G25180;AT2G28290;AT2G31215;AT2G42830;AT3G12280;AT3G23690;AT3G62930;AT4G22070;AT4G32880;AT5G40360;AT5G64220	56.655	6.719819566030038	0.3883152413732239	1.0	200	253	200	1.0
CG	gain	GO:0019222	regulation of metabolic process	38	AT1G04970;AT1G19850;AT1G22770;AT1G23420;AT1G27220;AT1G34170;AT1G35240;AT1G44120;AT1G49950;AT1G66040;AT1G71930;AT1G79950;AT2G10440;AT2G17150;AT2G19920;AT2G25180;AT2G28290;AT2G31215;AT2G40030;AT2G42830;AT3G12280;AT3G23690;AT3G47020;AT3G49500;AT3G59410;AT3G62930;AT4G22070;AT4G32880;AT5G03320;AT5G39900;AT5G40360;AT5G40850;AT5G40870;AT5G42950;AT5G44585;AT5G49160;AT5G53060;AT5G64220	82.68	8.057145896655891	0.459603289791969	1.0	200	253	200	1.0
CG	gain	GO:0019538	protein metabolic process	30	AT1G23030;AT1G28110;AT1G34360;AT1G49230;AT1G50490;AT1G53490;AT1G65800;AT1G66040;AT1G66210;AT1G71696;AT1G72550;AT1G73177;AT1G74770;AT2G38220;AT3G03510;AT3G42550;AT3G46620;AT3G47020;AT3G59410;AT3G59700;AT3G62030;AT4G24280;AT4G39370;AT5G14950;AT5G19000;AT5G22030;AT5G23040;AT5G58450;AT5G60280;AT5G67530	65.335	7.277552816709809	0.45917195989898224	1.0	200	253	200	1.0
CG	gain	GO:0019637	organophosphate metabolic process	8	AT1G21640;AT1G31190;AT1G36180;AT1G55180;AT1G71697;AT2G28760;AT5G40870;AT5G52920	19.495	4.140045289607341	0.4103616311874839	1.0	200	253	200	1.0
CG	gain	GO:0019725	cellular homeostasis	3	AT1G12520;AT1G27595;AT1G74770	7.295	2.5899758686134504	0.41124057573680606	0.9800995024875622	196	253	200	1.0
CG	gain	GO:0019752	carboxylic acid metabolic process	7	AT1G23310;AT1G36180;AT3G45140;AT3G62030;AT5G20980;AT5G44585;AT5G52920	22.945	4.149936746505908	0.3050773589017215	1.0	200	253	200	1.0
CG	gain	GO:0019953	sexual reproduction	5	AT1G50240;AT1G53490;AT2G01990;AT3G12280;AT5G48605	8.505	2.9034419229597113	0.5878894767783656	0.9104477611940298	182	253	200	1.0
CG	gain	GO:0021700	developmental maturation	4	AT1G29760;AT1G73177;AT3G56930;AT5G52920	7.465	2.6662286098532513	0.535833891493637	0.945273631840796	189	253	200	1.0
CG	gain	GO:0022402	cell cycle process	7	AT1G50240;AT1G53490;AT2G01990;AT3G12280;AT4G08630;AT5G05170;AT5G49160	14.12	3.5107833883622055	0.4957507082152975	0.9800995024875622	196	253	200	1.0
CG	gain	GO:0022414	reproductive process	28	AT1G19850;AT1G22770;AT1G23420;AT1G29760;AT1G50240;AT1G53490;AT1G66730;AT1G73177;AT2G01280;AT2G01990;AT2G02240;AT2G25630;AT2G28290;AT2G31215;AT2G34260;AT2G42830;AT2G48130;AT3G12280;AT3G49500;AT3G56640;AT4G29380;AT4G32880;AT5G23040;AT5G40360;AT5G48605;AT5G49160;AT5G52920;AT5G54310	55.605	6.295949094457507	0.5035518388634116	1.0	200	253	200	1.0
CG	gain	GO:0022603	regulation of anatomical structure morphogenesis	4	AT1G28270;AT4G20140;AT4G39110;AT5G44585	5.835	2.3849056585114643	0.6855184233076264	0.8407960199004975	168	253	200	1.0
CG	gain	GO:0022604	regulation of cell morphogenesis	3	AT1G28270;AT4G39110;AT5G44585	3.54	1.8542923178398814	0.847457627118644	0.7064676616915423	141	253	200	1.0
CG	gain	GO:0022607	cellular component assembly	8	AT1G29760;AT1G49950;AT1G53490;AT1G60770;AT2G01280;AT3G16010;AT4G20140;AT4G26700	20.785	4.20580253934965	0.38489295164782295	1.0	200	253	200	1.0
CG	gain	GO:0022622	root system development	8	AT1G19850;AT1G55180;AT1G79950;AT2G25180;AT3G24240;AT3G56930;AT5G10720;AT5G44585	20.71	3.9630669941347176	0.386286817962337	1.0	200	253	200	1.0
CG	gain	GO:0023051	regulation of signaling	7	AT2G25180;AT2G28290;AT3G23150;AT4G01820;AT4G09570;AT4G18050;AT5G10720	12.665	3.634938101261151	0.5527043031977892	0.9502487562189055	190	253	200	1.0
CG	gain	GO:0023052	signaling	14	AT1G28270;AT1G65800;AT1G79380;AT2G25180;AT3G23150;AT3G62030;AT4G16890;AT5G03320;AT5G10720;AT5G44510;AT5G44585;AT5G45240;AT5G53060;AT5G58700	37.12	5.166778493413474	0.37715517241379315	1.0	200	253	200	1.0
CG	gain	GO:0030001	metal ion transport	6	AT1G32450;AT1G53210;AT1G74770;AT2G30070;AT3G63380;AT5G37500	9.22	3.074345458792812	0.6507592190889371	0.9253731343283582	185	253	200	1.0
CG	gain	GO:0030154	cell differentiation	8	AT1G71930;AT2G25630;AT2G34260;AT3G12280;AT3G56640;AT3G56930;AT4G20140;AT5G44585	19.895	4.355912648343634	0.40211108318673033	1.0	200	253	200	1.0
CG	gain	GO:0031047	regulatory ncRNA-mediated gene silencing	4	AT2G19920;AT2G40030;AT3G49500;AT5G53060	5.57	2.339893159954103	0.718132854578097	0.835820895522388	167	253	200	1.0
CG	gain	GO:0031347	regulation of defense response	6	AT2G28290;AT3G59700;AT5G03320;AT5G42950;AT5G44585;AT5G53060	9.915	3.232301811403138	0.6051437216338881	0.9353233830845771	187	253	200	1.0
CG	gain	GO:0031667	response to nutrient levels	3	AT1G55180;AT1G70460;AT3G59410	7.88	2.6731255114565786	0.3807106598984772	0.9950248756218906	199	253	200	1.0
CG	gain	GO:0031669	cellular response to nutrient levels	3	AT1G55180;AT1G70460;AT3G59410	5.57	2.2660759034065903	0.5385996409335727	0.9203980099502488	184	253	200	1.0
CG	gain	GO:0032101	regulation of response to external stimulus	5	AT2G28290;AT3G59700;AT5G03320;AT5G44585;AT5G53060	7.585	2.7536838961652803	0.6591957811470006	0.900497512437811	180	253	200	1.0
CG	gain	GO:0032446	protein modification by small protein conjugation	13	AT1G23030;AT1G49230;AT1G50490;AT1G53490;AT1G66040;AT1G73177;AT1G74770;AT2G38220;AT3G03510;AT3G46620;AT3G47020;AT5G19000;AT5G67530	17.825	4.0625576918980535	0.729312762973352	0.9353233830845771	187	253	200	1.0
CG	gain	GO:0032501	multicellular organismal process	40	AT1G06490;AT1G19850;AT1G22770;AT1G23420;AT1G29760;AT1G32450;AT1G50240;AT1G55180;AT1G66730;AT1G73177;AT1G79950;AT2G01280;AT2G02240;AT2G25180;AT2G25630;AT2G28290;AT2G31215;AT2G34260;AT2G38220;AT2G39730;AT2G42830;AT2G48130;AT3G11964;AT3G12280;AT3G24240;AT3G49500;AT3G56640;AT3G56930;AT4G17220;AT4G20140;AT4G29380;AT4G32880;AT4G39110;AT5G10720;AT5G23040;AT5G40360;AT5G44585;AT5G49160;AT5G52920;AT5G54310	92.365	7.739623698862902	0.4330644724733395	1.0	200	253	200	1.0
CG	gain	GO:0032502	developmental process	40	AT1G19850;AT1G22770;AT1G23420;AT1G29760;AT1G32450;AT1G50240;AT1G55180;AT1G66730;AT1G71930;AT1G73177;AT1G79950;AT2G01280;AT2G02240;AT2G25180;AT2G25630;AT2G28290;AT2G31215;AT2G34260;AT2G38220;AT2G39730;AT2G42830;AT2G48130;AT3G11964;AT3G12280;AT3G24240;AT3G49500;AT3G56640;AT3G56930;AT4G17220;AT4G20140;AT4G29380;AT4G32880;AT4G39110;AT5G10720;AT5G23040;AT5G40360;AT5G44585;AT5G49160;AT5G52920;AT5G54310	99.325	7.83832730880766	0.4027183488547697	1.0	200	253	200	1.0
CG	gain	GO:0032774	RNA biosynthetic process	10	AT1G73177;AT2G01280;AT2G19920;AT2G40030;AT3G11964;AT3G16010;AT3G49500;AT5G39920;AT5G53060;AT5G64200	27.375	4.657722082735297	0.365296803652968	1.0	200	253	200	1.0
CG	gain	GO:0032787	monocarboxylic acid metabolic process	4	AT1G36180;AT3G45140;AT5G44585;AT5G52920	11.895	3.2270691036914627	0.3362757461118117	1.0	200	253	200	1.0
CG	gain	GO:0032870	cellular response to hormone stimulus	6	AT1G71930;AT1G79380;AT2G25180;AT3G23150;AT5G10720;AT5G53060	16.36	3.6014441547801406	0.36674816625916873	1.0	200	253	200	1.0
CG	gain	GO:0033036	macromolecule localization	10	AT1G06490;AT1G24490;AT2G30290;AT2G48130;AT3G08530;AT3G10650;AT3G51310;AT3G56640;AT4G17140;AT5G05760	22.99	3.891002441530975	0.4349717268377556	1.0	200	253	200	1.0
CG	gain	GO:0033554	cellular response to stress	11	AT1G49980;AT1G53210;AT1G55180;AT1G66730;AT1G70460;AT1G79950;AT3G23150;AT3G59410;AT5G10720;AT5G19000;AT5G25250	31.155	5.216413998140864	0.3530733429626063	1.0	200	253	200	1.0
CG	gain	GO:0033993	response to lipid	10	AT1G44170;AT1G71930;AT1G79380;AT2G18960;AT2G39730;AT3G45140;AT3G46620;AT3G62030;AT5G37500;AT5G53060	26.475	4.787418406615401	0.37771482530689326	1.0	200	253	200	1.0
CG	gain	GO:0034220	monoatomic ion transmembrane transport	9	AT1G32450;AT1G53210;AT1G74770;AT2G18960;AT2G30070;AT3G42640;AT3G44900;AT3G63380;AT5G37500	14.79	3.7743741203012764	0.6085192697768763	0.9502487562189055	190	253	200	1.0
CG	gain	GO:0034654	nucleobase-containing compound biosynthetic process	16	AT1G21640;AT1G36180;AT1G49980;AT1G66730;AT1G73177;AT2G01280;AT2G19920;AT2G28760;AT2G40030;AT3G11964;AT3G16010;AT3G49500;AT5G39920;AT5G40870;AT5G53060;AT5G64200	35.225	5.267292947995203	0.45422285308729593	1.0	200	253	200	1.0
CG	gain	GO:0035556	intracellular signal transduction	5	AT1G28270;AT2G25180;AT3G23150;AT5G10720;AT5G58700	11.95	3.243069533636307	0.4184100418410042	0.9900497512437811	198	253	200	1.0
CG	gain	GO:0036211	protein modification process	21	AT1G23030;AT1G49230;AT1G50490;AT1G53490;AT1G65800;AT1G66040;AT1G73177;AT1G74770;AT2G38220;AT3G03510;AT3G46620;AT3G47020;AT3G59410;AT3G59700;AT3G62030;AT4G39370;AT5G19000;AT5G22030;AT5G58450;AT5G60280;AT5G67530	29.86	5.527241626706758	0.7032819825853985	0.9800995024875622	196	253	200	1.0
CG	gain	GO:0036293	response to decreased oxygen levels	3	AT1G23310;AT3G23150;AT5G25250	5.605	2.4205319663247566	0.535236396074933	0.9203980099502488	184	253	200	1.0
CG	gain	GO:0040007	growth	7	AT1G44120;AT1G55180;AT2G25630;AT2G34260;AT3G24240;AT3G56640;AT3G56930	17.155	3.9536027873320783	0.4080443019527834	1.0	200	253	200	1.0
CG	gain	GO:0040008	regulation of growth	8	AT1G28270;AT1G30755;AT2G25180;AT3G12280;AT3G24240;AT4G39110;AT5G44585;AT5G54310	9.26	2.9346890806352905	0.8639308855291576	0.7263681592039801	145	253	200	1.0
CG	gain	GO:0040029	epigenetic regulation of gene expression	3	AT1G66040;AT2G28290;AT5G49160	9.4	3.146426544510453	0.3191489361702127	0.9900497512437811	198	253	200	1.0
CG	gain	GO:0042221	response to chemical	33	AT1G19850;AT1G22770;AT1G27595;AT1G30755;AT1G32450;AT1G34170;AT1G35240;AT1G44170;AT1G49230;AT1G53210;AT1G66730;AT1G66950;AT1G71930;AT1G79380;AT2G18960;AT2G25180;AT2G39730;AT3G13380;AT3G17800;AT3G23150;AT3G45140;AT3G46620;AT3G59410;AT3G62030;AT3G62930;AT4G16890;AT4G32880;AT5G10720;AT5G19000;AT5G25250;AT5G37500;AT5G53060;AT5G64220	78.39	7.865615042703227	0.42097206276310756	1.0	200	253	200	1.0
CG	gain	GO:0042546	cell wall biogenesis	6	AT1G70630;AT4G17220;AT4G20140;AT4G28850;AT4G33330;AT5G05170	6.75	2.3081377775167584	0.8888888888888888	0.6915422885572139	138	253	200	1.0
CG	gain	GO:0042592	homeostatic process	7	AT1G12520;AT1G27595;AT1G32450;AT1G53210;AT1G74770;AT4G20140;AT5G40360	11.715	3.053485713082675	0.597524541186513	0.9601990049751243	192	253	200	1.0
CG	gain	GO:0042594	response to starvation	3	AT1G55180;AT1G70460;AT3G59410	6.395	2.2779321763388842	0.46911649726348714	0.9850746268656716	197	253	200	1.0
CG	gain	GO:0042742	defense response to bacterium	7	AT1G64790;AT1G79380;AT3G59700;AT4G16890;AT5G42950;AT5G44510;AT5G54310	12.06	3.2072418056641734	0.5804311774461028	0.9751243781094527	195	253	200	1.0
CG	gain	GO:0043094	metabolic compound salvage	4	AT1G23310;AT5G20980;AT5G40870;AT5G52840	2.005	1.3095705402917404	1.9950124688279303	0.13432835820895522	26	253	200	1.0
CG	gain	GO:0043170	macromolecule metabolic process	57	AT1G06490;AT1G23030;AT1G28110;AT1G32180;AT1G34360;AT1G49230;AT1G49980;AT1G50490;AT1G53490;AT1G65800;AT1G66040;AT1G66210;AT1G66730;AT1G71696;AT1G71930;AT1G72550;AT1G73177;AT1G74770;AT1G79950;AT2G01280;AT2G07690;AT2G19920;AT2G38220;AT2G40030;AT3G01180;AT3G03510;AT3G10650;AT3G10900;AT3G11964;AT3G16010;AT3G42550;AT3G46620;AT3G47020;AT3G49500;AT3G59100;AT3G59410;AT3G59700;AT3G62030;AT4G24280;AT4G28850;AT4G33330;AT4G39370;AT5G05170;AT5G07420;AT5G14950;AT5G19000;AT5G22030;AT5G23040;AT5G39920;AT5G49010;AT5G52850;AT5G53060;AT5G58450;AT5G60280;AT5G64200;AT5G66520;AT5G67530	130.34	9.35224037330078	0.43731778425655976	1.0	200	253	200	1.0
CG	gain	GO:0043207	response to external biotic stimulus	20	AT1G64790;AT1G66730;AT1G71930;AT1G79380;AT2G15480;AT2G15490;AT2G18660;AT2G40030;AT3G45140;AT3G49500;AT3G50470;AT3G59700;AT4G16890;AT4G24100;AT5G10720;AT5G42950;AT5G44510;AT5G44585;AT5G54310;AT5G60280	35.875	5.372092236736075	0.5574912891986062	1.0	200	253	200	1.0
CG	gain	GO:0043255	regulation of carbohydrate biosynthetic process	3	AT1G44120;AT5G40360;AT5G40870	1.775	1.297834735241741	1.6901408450704227	0.263681592039801	52	253	200	1.0
CG	gain	GO:0043412	macromolecule modification	23	AT1G23030;AT1G49230;AT1G50490;AT1G53490;AT1G65800;AT1G66040;AT1G73177;AT1G74770;AT2G38220;AT3G03510;AT3G46620;AT3G47020;AT3G59410;AT3G59700;AT3G62030;AT4G39370;AT5G19000;AT5G22030;AT5G52850;AT5G58450;AT5G60280;AT5G66520;AT5G67530	39.545	6.1112989617592675	0.5816158806423062	1.0	200	253	200	1.0
CG	gain	GO:0043436	oxoacid metabolic process	7	AT1G23310;AT1G36180;AT3G45140;AT3G62030;AT5G20980;AT5G44585;AT5G52920	25.56	4.417736977231678	0.27386541471048514	1.0	200	253	200	1.0
CG	gain	GO:0043687	post-translational protein modification	15	AT1G23030;AT1G49230;AT1G50490;AT1G53490;AT1G66040;AT1G73177;AT1G74770;AT2G38220;AT3G03510;AT3G46620;AT3G47020;AT4G39370;AT5G19000;AT5G22030;AT5G67530	20.94	4.61480227095375	0.7163323782234956	0.9402985074626866	188	253	200	1.0
CG	gain	GO:0043933	protein-containing complex organization	4	AT1G49950;AT1G60770;AT2G01280;AT3G16010	10.79	2.9825995373164016	0.37071362372567196	1.0	200	253	200	1.0
CG	gain	GO:0044042	glucan metabolic process	6	AT1G06490;AT1G32180;AT3G01180;AT3G59100;AT4G28850;AT5G05170	7.795	2.5323852392556696	0.7697241821680565	0.8109452736318408	162	253	200	1.0
CG	gain	GO:0044085	cellular component biogenesis	14	AT1G29760;AT1G49950;AT1G53490;AT1G60770;AT1G70630;AT2G01280;AT3G11964;AT3G16010;AT4G17220;AT4G20140;AT4G26700;AT4G28850;AT4G33330;AT5G05170	30.635	5.027104037117188	0.4569936347315162	1.0	200	253	200	1.0
CG	gain	GO:0044238	primary metabolic process	79	AT1G06490;AT1G17150;AT1G21640;AT1G22650;AT1G23030;AT1G23310;AT1G28100;AT1G28110;AT1G31190;AT1G32180;AT1G34360;AT1G36180;AT1G49230;AT1G49980;AT1G50490;AT1G53490;AT1G55180;AT1G56630;AT1G65800;AT1G66040;AT1G66210;AT1G66730;AT1G71696;AT1G71697;AT1G71930;AT1G72550;AT1G73177;AT1G74770;AT1G79950;AT2G01280;AT2G07690;AT2G19920;AT2G25630;AT2G28760;AT2G38220;AT2G40030;AT3G01180;AT3G03510;AT3G10900;AT3G11964;AT3G16010;AT3G42550;AT3G45140;AT3G46620;AT3G47020;AT3G49500;AT3G59100;AT3G59410;AT3G59700;AT3G60140;AT3G62030;AT4G24280;AT4G28850;AT4G33330;AT4G39370;AT5G05170;AT5G07420;AT5G14950;AT5G19000;AT5G20280;AT5G20980;AT5G22030;AT5G23040;AT5G26120;AT5G39920;AT5G40870;AT5G42260;AT5G42590;AT5G44585;AT5G49010;AT5G52850;AT5G52920;AT5G53060;AT5G58450;AT5G58700;AT5G60280;AT5G64200;AT5G66520;AT5G67530	183.185	9.915179020068075	0.43125801785080653	1.0	200	253	200	1.0
CG	gain	GO:0044272	sulfur compound biosynthetic process	4	AT1G36180;AT3G62030;AT5G20980;AT5G44585	4.8	2.16794833886788	0.8333333333333334	0.7114427860696517	142	253	200	1.0
CG	gain	GO:0044281	small molecule metabolic process	15	AT1G21640;AT1G23310;AT1G30520;AT1G31190;AT1G36180;AT2G22450;AT2G28760;AT3G45140;AT3G62030;AT5G14950;AT5G20980;AT5G26120;AT5G40870;AT5G44585;AT5G52920	39.285	5.396644790978952	0.3818251240931654	1.0	200	253	200	1.0
CG	gain	GO:0044283	small molecule biosynthetic process	10	AT1G23310;AT1G30520;AT1G31190;AT1G36180;AT2G22450;AT3G45140;AT3G62030;AT5G20980;AT5G44585;AT5G52920	16.815	4.001346648317284	0.5947071067499257	0.9701492537313433	194	253	200	1.0
CG	gain	GO:0044419	biological process involved in interspecies interaction between organisms	20	AT1G64790;AT1G66730;AT1G71930;AT1G79380;AT2G15480;AT2G15490;AT2G18660;AT2G40030;AT3G45140;AT3G49500;AT3G50470;AT3G59700;AT4G16890;AT4G24100;AT5G10720;AT5G42950;AT5G44510;AT5G44585;AT5G54310;AT5G60280	36.3	5.415717865620416	0.5509641873278237	1.0	200	253	200	1.0
CG	gain	GO:0044706	multi-multicellular organism process	4	AT1G29760;AT2G25630;AT3G56640;AT4G29380	9.145	2.825592858144995	0.43739748496446146	0.9950248756218906	199	253	200	1.0
CG	gain	GO:0045184	establishment of protein localization	7	AT2G30290;AT3G08530;AT3G51310;AT3G56640;AT4G20140;AT4G24280;AT5G05760	14.455	3.328359205374325	0.48426150121065376	0.9950248756218906	199	253	200	1.0
CG	gain	GO:0045229	external encapsulating structure organization	6	AT1G23720;AT3G28550;AT3G54580;AT4G20140;AT5G07420;AT5G44585	10.475	3.0396340240232886	0.5727923627684964	0.9552238805970149	191	253	200	1.0
CG	gain	GO:0045333	cellular respiration	3	AT2G18660;AT5G52840;AT5G52920	4.7	1.9595917942265415	0.6382978723404255	0.8855721393034826	177	253	200	1.0
CG	gain	GO:0045892	negative regulation of DNA-templated transcription	3	AT1G27220;AT3G12280;AT3G62930	6.805	2.6883033682975594	0.440852314474651	0.9800995024875622	196	253	200	1.0
CG	gain	GO:0045893	positive regulation of DNA-templated transcription	5	AT1G71930;AT2G10440;AT2G42830;AT5G40360;AT5G64220	10.19	3.1644746799429453	0.49067713444553485	0.9800995024875622	196	253	200	1.0
CG	gain	GO:0045934	negative regulation of nucleobase-containing compound metabolic process	4	AT1G27220;AT1G79950;AT3G12280;AT3G62930	8.065	2.7804271254611237	0.4959702417854929	0.9751243781094527	195	253	200	1.0
CG	gain	GO:0046394	carboxylic acid biosynthetic process	7	AT1G23310;AT1G36180;AT3G45140;AT3G62030;AT5G20980;AT5G44585;AT5G52920	13.01	3.552449858900193	0.5380476556495004	0.9601990049751243	192	253	200	1.0
CG	gain	GO:0046486	glycerolipid metabolic process	3	AT1G31190;AT1G55180;AT1G71697	7.245	2.556359716471842	0.41407867494824013	0.9651741293532339	193	253	200	1.0
CG	gain	GO:0046777	protein autophosphorylation	3	AT1G65800;AT3G59700;AT5G60280	4.19	2.055212884350426	0.7159904534606205	0.7761194029850746	155	253	200	1.0
CG	gain	GO:0046907	intracellular transport	7	AT2G30290;AT3G08530;AT3G10650;AT3G51310;AT3G56640;AT4G29380;AT5G05760	15.5	3.8392707640904944	0.45161290322580644	0.9950248756218906	199	253	200	1.0
CG	gain	GO:0048229	gametophyte development	9	AT1G50240;AT1G73177;AT1G79950;AT2G34260;AT2G38220;AT3G11964;AT3G12280;AT4G29380;AT4G39110	18.175	3.974213758720082	0.4951856946354883	1.0	200	253	200	1.0
CG	gain	GO:0048285	organelle fission	4	AT1G50240;AT1G53490;AT2G01990;AT3G12280	6.795	2.559877926776979	0.5886681383370125	0.9104477611940298	182	253	200	1.0
CG	gain	GO:0048316	seed development	13	AT1G19850;AT1G29760;AT1G66730;AT2G01280;AT2G02240;AT2G34260;AT2G48130;AT3G12280;AT4G32880;AT5G23040;AT5G40360;AT5G49160;AT5G52920	23.05	4.1143043154341425	0.5639913232104121	0.9950248756218906	199	253	200	1.0
CG	gain	GO:0048364	root development	8	AT1G19850;AT1G55180;AT1G79950;AT2G25180;AT3G24240;AT3G56930;AT5G10720;AT5G44585	20.63	3.9399365477124193	0.3877847794474067	1.0	200	253	200	1.0
CG	gain	GO:0048366	leaf development	4	AT1G32450;AT2G39730;AT3G12280;AT3G49500	11.695	3.4557162788631803	0.3420265070542967	0.9900497512437811	198	253	200	1.0
CG	gain	GO:0048367	shoot system development	15	AT1G19850;AT1G22770;AT1G23420;AT1G32450;AT1G73177;AT2G25180;AT2G28290;AT2G31215;AT2G39730;AT2G42830;AT3G12280;AT3G49500;AT4G32880;AT5G49160;AT5G54310	25.44	4.798583124214893	0.5896226415094339	0.9850746268656716	197	253	200	1.0
CG	gain	GO:0048437	floral organ development	4	AT1G23420;AT2G31215;AT2G42830;AT5G54310	8.725	2.9324690961713467	0.4584527220630373	0.9751243781094527	195	253	200	1.0
CG	gain	GO:0048438	floral whorl development	4	AT1G23420;AT2G31215;AT2G42830;AT3G49500	7.36	2.692656680678025	0.5434782608695652	0.9154228855721394	183	253	200	1.0
CG	gain	GO:0048467	gynoecium development	3	AT1G23420;AT2G42830;AT3G49500	3.965	1.9833746494296034	0.7566204287515763	0.7512437810945274	150	253	200	1.0
CG	gain	GO:0048468	cell development	3	AT2G25630;AT3G56640;AT3G56930	9.59	2.9549788493320914	0.31282586027111575	1.0	200	253	200	1.0
CG	gain	GO:0048507	meristem development	5	AT1G19850;AT2G25180;AT3G24240;AT4G32880;AT5G44585	9.795	2.83425034180116	0.5104645227156712	0.9701492537313433	194	253	200	1.0
CG	gain	GO:0048518	positive regulation of biological process	16	AT1G22770;AT1G30755;AT1G55180;AT1G66730;AT1G71930;AT2G10440;AT2G42830;AT4G09570;AT4G32880;AT5G03320;AT5G23040;AT5G37500;AT5G39900;AT5G40360;AT5G40850;AT5G64220	34.29	5.0829027140011505	0.4666083406240887	1.0	200	253	200	1.0
CG	gain	GO:0048519	negative regulation of biological process	17	AT1G27220;AT1G66040;AT1G79950;AT2G19920;AT2G40030;AT3G05520;AT3G12280;AT3G23150;AT3G49500;AT3G59700;AT3G62930;AT5G10720;AT5G42950;AT5G44585;AT5G49160;AT5G53060;AT5G54310	36.515	5.6204781825036845	0.46556209776804053	1.0	200	253	200	1.0
CG	gain	GO:0048522	positive regulation of cellular process	12	AT1G66730;AT1G71930;AT2G10440;AT2G42830;AT4G09570;AT4G32880;AT5G23040;AT5G37500;AT5G39900;AT5G40360;AT5G40850;AT5G64220	26.73	4.519634941010157	0.4489337822671156	1.0	200	253	200	1.0
CG	gain	GO:0048523	negative regulation of cellular process	16	AT1G27220;AT1G66040;AT1G79950;AT2G19920;AT2G40030;AT3G05520;AT3G12280;AT3G23150;AT3G49500;AT3G62930;AT5G10720;AT5G42950;AT5G44585;AT5G49160;AT5G53060;AT5G54310	29.06	5.139688706526891	0.5505849965588437	1.0	200	253	200	1.0
CG	gain	GO:0048544	recognition of pollen	3	AT1G65800;AT3G49500;AT3G56640	2.495	1.5459543977750443	1.2024048096192383	0.4427860696517413	88	253	200	1.0
CG	gain	GO:0048583	regulation of response to stimulus	18	AT1G22770;AT1G55180;AT1G66730;AT1G79950;AT2G25180;AT2G28290;AT3G23150;AT3G47020;AT3G59700;AT4G01820;AT4G09570;AT4G18050;AT5G03320;AT5G10720;AT5G42950;AT5G44585;AT5G53060;AT5G67530	29.89	5.315816023904509	0.6022080963532954	1.0	200	253	200	1.0
CG	gain	GO:0048584	positive regulation of response to stimulus	5	AT1G22770;AT1G55180;AT1G66730;AT4G09570;AT5G03320	10.035	2.9889421205503455	0.4982561036372696	0.9900497512437811	198	253	200	1.0
CG	gain	GO:0048585	negative regulation of response to stimulus	3	AT3G23150;AT3G59700;AT5G10720	8.495	2.764050469872072	0.3531489111241907	0.9950248756218906	199	253	200	1.0
CG	gain	GO:0048588	developmental cell growth	3	AT2G25630;AT3G56640;AT3G56930	7.335	2.64060125728971	0.40899795501022496	0.9800995024875622	196	253	200	1.0
CG	gain	GO:0048589	developmental growth	5	AT2G25630;AT2G34260;AT3G24240;AT3G56640;AT3G56930	14.945	3.701617889518042	0.33456005352960855	1.0	200	253	200	1.0
CG	gain	GO:0048608	reproductive structure development	21	AT1G19850;AT1G22770;AT1G23420;AT1G29760;AT1G66730;AT1G73177;AT2G01280;AT2G02240;AT2G28290;AT2G31215;AT2G34260;AT2G42830;AT2G48130;AT3G12280;AT3G49500;AT4G32880;AT5G23040;AT5G40360;AT5G49160;AT5G52920;AT5G54310	40.965	5.5815566825035265	0.5126327352618089	1.0	200	253	200	1.0
CG	gain	GO:0048609	multicellular organismal reproductive process	4	AT1G29760;AT1G50240;AT2G01990;AT5G52920	6.05	2.316786567640619	0.6611570247933884	0.8557213930348259	171	253	200	1.0
CG	gain	GO:0048638	regulation of developmental growth	5	AT1G28270;AT2G25180;AT3G24240;AT4G39110;AT5G44585	6.745	2.6645778277243095	0.7412898443291327	0.8059701492537313	161	253	200	1.0
CG	gain	GO:0048646	anatomical structure formation involved in morphogenesis	3	AT1G50240;AT2G28290;AT4G20140	7.265	2.5307656944095016	0.41293874741913283	0.9900497512437811	198	253	200	1.0
CG	gain	GO:0048731	system development	31	AT1G19850;AT1G22770;AT1G23420;AT1G29760;AT1G32450;AT1G55180;AT1G66730;AT1G73177;AT1G79950;AT2G01280;AT2G02240;AT2G25180;AT2G28290;AT2G31215;AT2G34260;AT2G39730;AT2G42830;AT2G48130;AT3G12280;AT3G24240;AT3G49500;AT3G56930;AT4G20140;AT4G32880;AT5G10720;AT5G23040;AT5G40360;AT5G44585;AT5G49160;AT5G52920;AT5G54310	64.975	6.887261792614009	0.47710657945363605	1.0	200	253	200	1.0
CG	gain	GO:0048827	phyllome development	8	AT1G23420;AT1G32450;AT1G73177;AT2G31215;AT2G39730;AT2G42830;AT3G12280;AT3G49500	17.365	4.322241895128045	0.4606968039159229	1.0	200	253	200	1.0
CG	gain	GO:0048856	anatomical structure development	40	AT1G19850;AT1G22770;AT1G23420;AT1G29760;AT1G32450;AT1G50240;AT1G55180;AT1G66730;AT1G71930;AT1G73177;AT1G79950;AT2G01280;AT2G02240;AT2G25180;AT2G25630;AT2G28290;AT2G31215;AT2G34260;AT2G38220;AT2G39730;AT2G42830;AT2G48130;AT3G11964;AT3G12280;AT3G24240;AT3G49500;AT3G56640;AT3G56930;AT4G17220;AT4G20140;AT4G29380;AT4G32880;AT4G39110;AT5G10720;AT5G23040;AT5G40360;AT5G44585;AT5G49160;AT5G52920;AT5G54310	96.84	7.816290680367508	0.41305245766212306	1.0	200	253	200	1.0
CG	gain	GO:0048869	cellular developmental process	8	AT1G71930;AT2G25630;AT2G34260;AT3G12280;AT3G56640;AT3G56930;AT4G20140;AT5G44585	22.065	4.617442473924279	0.3625651484251076	1.0	200	253	200	1.0
CG	gain	GO:0048878	chemical homeostasis	7	AT1G12520;AT1G27595;AT1G32450;AT1G53210;AT1G74770;AT4G20140;AT5G40360	10.69	2.9451485531293695	0.6548175865294669	0.9353233830845771	187	253	200	1.0
CG	gain	GO:0050789	regulation of biological process	67	AT1G04970;AT1G19850;AT1G22770;AT1G23030;AT1G23420;AT1G27220;AT1G28270;AT1G29760;AT1G30755;AT1G34170;AT1G35240;AT1G44120;AT1G49950;AT1G55180;AT1G65800;AT1G66040;AT1G66730;AT1G71930;AT1G74770;AT1G79380;AT1G79950;AT2G10440;AT2G17150;AT2G18960;AT2G19920;AT2G25180;AT2G28290;AT2G31215;AT2G40030;AT2G42830;AT3G05520;AT3G12280;AT3G23150;AT3G23690;AT3G24240;AT3G47020;AT3G49500;AT3G59410;AT3G59700;AT3G62030;AT3G62930;AT4G01820;AT4G09570;AT4G16890;AT4G18050;AT4G20140;AT4G22070;AT4G32880;AT4G39110;AT5G03320;AT5G10720;AT5G23040;AT5G37500;AT5G39900;AT5G40360;AT5G40850;AT5G40870;AT5G42950;AT5G44510;AT5G44585;AT5G45240;AT5G49160;AT5G53060;AT5G54310;AT5G58700;AT5G64220;AT5G67530	141.915	9.279427514669232	0.4721135891202481	1.0	200	253	200	1.0
CG	gain	GO:0050793	regulation of developmental process	11	AT1G22770;AT1G28270;AT2G25180;AT3G12280;AT3G24240;AT4G20140;AT4G32880;AT4G39110;AT5G40360;AT5G44585;AT5G49160	29.45	5.335494353853256	0.3735144312393888	1.0	200	253	200	1.0
CG	gain	GO:0050794	regulation of cellular process	62	AT1G04970;AT1G19850;AT1G22770;AT1G23030;AT1G23420;AT1G27220;AT1G28270;AT1G34170;AT1G35240;AT1G44120;AT1G49950;AT1G65800;AT1G66040;AT1G66730;AT1G71930;AT1G79380;AT1G79950;AT2G10440;AT2G17150;AT2G18960;AT2G19920;AT2G25180;AT2G28290;AT2G31215;AT2G40030;AT2G42830;AT3G05520;AT3G12280;AT3G23150;AT3G23690;AT3G47020;AT3G49500;AT3G59410;AT3G59700;AT3G62030;AT3G62930;AT4G01820;AT4G09570;AT4G16890;AT4G18050;AT4G20140;AT4G22070;AT4G32880;AT4G39110;AT5G03320;AT5G10720;AT5G23040;AT5G37500;AT5G39900;AT5G40360;AT5G40850;AT5G40870;AT5G42950;AT5G44510;AT5G44585;AT5G45240;AT5G49160;AT5G53060;AT5G54310;AT5G58700;AT5G64220;AT5G67530	128.35	8.844631139849806	0.48305414881184267	1.0	200	253	200	1.0
CG	gain	GO:0050801	monoatomic ion homeostasis	5	AT1G12520;AT1G32450;AT1G53210;AT1G74770;AT4G20140	6.53	2.3641277461254067	0.7656967840735068	0.8109452736318408	162	253	200	1.0
CG	gain	GO:0050832	defense response to fungus	4	AT1G71930;AT2G40030;AT5G42950;AT5G60280	7.915	2.660408803172925	0.505369551484523	0.9253731343283582	185	253	200	1.0
CG	gain	GO:0050896	response to stimulus	70	AT1G05120;AT1G19850;AT1G22770;AT1G23310;AT1G27595;AT1G28270;AT1G30755;AT1G32450;AT1G34170;AT1G35240;AT1G44170;AT1G49230;AT1G49980;AT1G53210;AT1G55180;AT1G64790;AT1G65800;AT1G66730;AT1G66950;AT1G70460;AT1G71697;AT1G71930;AT1G79380;AT1G79950;AT2G15480;AT2G15490;AT2G18660;AT2G18960;AT2G25180;AT2G28290;AT2G39730;AT2G40030;AT2G44110;AT3G13380;AT3G17800;AT3G23150;AT3G45140;AT3G46620;AT3G47020;AT3G49500;AT3G50470;AT3G59410;AT3G59700;AT3G62030;AT3G62930;AT4G07390;AT4G16890;AT4G20140;AT4G24100;AT4G24280;AT4G32880;AT5G03320;AT5G05170;AT5G10720;AT5G14950;AT5G19000;AT5G23040;AT5G25250;AT5G37500;AT5G40850;AT5G42950;AT5G44510;AT5G44585;AT5G45240;AT5G53060;AT5G53450;AT5G54310;AT5G58700;AT5G60280;AT5G64220	158.045	9.548977693973494	0.4429118289094878	1.0	200	253	200	1.0
CG	gain	GO:0051128	regulation of cellular component organization	6	AT1G28270;AT3G05520;AT3G12280;AT4G39110;AT5G44585;AT5G54310	9.24	2.895237468671612	0.6493506493506493	0.9104477611940298	182	253	200	1.0
CG	gain	GO:0051179	localization	36	AT1G06490;AT1G21890;AT1G24490;AT1G31830;AT1G32450;AT1G53210;AT1G65550;AT1G66950;AT1G74770;AT2G18960;AT2G30070;AT2G30290;AT2G42005;AT2G48130;AT3G08530;AT3G10650;AT3G42640;AT3G44900;AT3G51310;AT3G56640;AT3G63380;AT4G01820;AT4G12120;AT4G17140;AT4G18050;AT4G20140;AT4G24280;AT4G26590;AT4G29380;AT5G05760;AT5G19600;AT5G20280;AT5G25250;AT5G37500;AT5G54310;AT5G55930	78.705	7.618265878794214	0.4574042309891367	1.0	200	253	200	1.0
CG	gain	GO:0051234	establishment of localization	35	AT1G06490;AT1G21890;AT1G31830;AT1G32450;AT1G53210;AT1G65550;AT1G66950;AT1G74770;AT2G18960;AT2G30070;AT2G30290;AT2G42005;AT2G48130;AT3G08530;AT3G10650;AT3G42640;AT3G44900;AT3G51310;AT3G56640;AT3G63380;AT4G01820;AT4G12120;AT4G17140;AT4G18050;AT4G20140;AT4G24280;AT4G26590;AT4G29380;AT5G05760;AT5G19600;AT5G20280;AT5G25250;AT5G37500;AT5G54310;AT5G55930	74.385	7.6254032680245345	0.4705249714324124	1.0	200	253	200	1.0
CG	gain	GO:0051239	regulation of multicellular organismal process	5	AT1G22770;AT1G28270;AT3G12280;AT4G39110;AT5G49160	17.1	4.247352116319056	0.29239766081871343	1.0	200	253	200	1.0
CG	gain	GO:0051246	regulation of protein metabolic process	4	AT3G49500;AT3G59410;AT5G39900;AT5G42950	3.575	1.8826510563564345	1.1188811188811187	0.5024875621890548	100	253	200	1.0
CG	gain	GO:0051252	regulation of RNA metabolic process	22	AT1G19850;AT1G22770;AT1G23420;AT1G27220;AT1G34170;AT1G35240;AT1G49950;AT1G71930;AT1G79950;AT2G10440;AT2G17150;AT2G25180;AT2G28290;AT2G31215;AT2G42830;AT3G12280;AT3G23690;AT3G62930;AT4G22070;AT4G32880;AT5G40360;AT5G64220	53.895	6.560028582254758	0.40820113183041096	1.0	200	253	200	1.0
CG	gain	GO:0051253	negative regulation of RNA metabolic process	3	AT1G27220;AT3G12280;AT3G62930	7.39	2.752798575994982	0.4059539918809202	0.9950248756218906	199	253	200	1.0
CG	gain	GO:0051254	positive regulation of RNA metabolic process	5	AT1G71930;AT2G10440;AT2G42830;AT5G40360;AT5G64220	11.625	3.3666563531195153	0.43010752688172044	1.0	200	253	200	1.0
CG	gain	GO:0051273	beta-glucan metabolic process	4	AT1G06490;AT1G32180;AT3G59100;AT5G05170	4.165	1.7515064944213017	0.9603841536614646	0.6169154228855721	123	253	200	1.0
CG	gain	GO:0051274	beta-glucan biosynthetic process	4	AT1G06490;AT1G32180;AT3G59100;AT5G05170	3.95	1.725543392673739	1.0126582278481011	0.5771144278606966	115	253	200	1.0
CG	gain	GO:0051276	chromosome organization	3	AT1G53490;AT1G79950;AT3G12280	6.45	2.3425413550244967	0.46511627906976744	0.9601990049751243	192	253	200	1.0
CG	gain	GO:0051301	cell division	6	AT1G50240;AT1G55180;AT3G12280;AT4G08630;AT5G05170;AT5G49160	8.64	2.605839595984371	0.6944444444444444	0.9054726368159204	181	253	200	1.0
CG	gain	GO:0051321	meiotic cell cycle	4	AT1G50240;AT1G53490;AT2G01990;AT3G12280	6.64	2.500079998720042	0.6024096385542169	0.9104477611940298	182	253	200	1.0
CG	gain	GO:0051510	regulation of unidimensional cell growth	3	AT1G28270;AT4G39110;AT5G44585	2.875	1.7519631845446983	1.0434782608695652	0.5621890547263682	112	253	200	1.0
CG	gain	GO:0051604	protein maturation	5	AT3G62030;AT4G24280;AT5G23040;AT5G58450;AT5G67530	7.685	2.5953371649941768	0.6506180871828238	0.8756218905472637	175	253	200	1.0
CG	gain	GO:0051641	cellular localization	8	AT1G74770;AT2G30290;AT3G08530;AT3G10650;AT3G51310;AT3G56640;AT4G29380;AT5G05760	18.34	4.008041915948489	0.4362050163576881	0.9950248756218906	199	253	200	1.0
CG	gain	GO:0051649	establishment of localization in cell	8	AT1G74770;AT2G30290;AT3G08530;AT3G10650;AT3G51310;AT3G56640;AT4G29380;AT5G05760	16.605	3.9343328532293746	0.4817825956037338	0.9900497512437811	198	253	200	1.0
CG	gain	GO:0051707	response to other organism	20	AT1G64790;AT1G66730;AT1G71930;AT1G79380;AT2G15480;AT2G15490;AT2G18660;AT2G40030;AT3G45140;AT3G49500;AT3G50470;AT3G59700;AT4G16890;AT4G24100;AT5G10720;AT5G42950;AT5G44510;AT5G44585;AT5G54310;AT5G60280	35.875	5.372092236736075	0.5574912891986062	1.0	200	253	200	1.0
CG	gain	GO:0051716	cellular response to stimulus	25	AT1G27595;AT1G28270;AT1G49980;AT1G53210;AT1G55180;AT1G65800;AT1G66730;AT1G70460;AT1G71930;AT1G79380;AT1G79950;AT2G25180;AT3G23150;AT3G59410;AT3G62030;AT4G16890;AT5G03320;AT5G10720;AT5G19000;AT5G25250;AT5G44510;AT5G45240;AT5G53060;AT5G58700;AT5G64220	72.275	7.359984714658006	0.34590107229332406	1.0	200	253	200	1.0
CG	gain	GO:0055080	monoatomic cation homeostasis	5	AT1G12520;AT1G32450;AT1G53210;AT1G74770;AT4G20140	6.275	2.2626035887888074	0.796812749003984	0.7960199004975125	159	253	200	1.0
CG	gain	GO:0055082	intracellular chemical homeostasis	3	AT1G12520;AT1G27595;AT1G74770	6.615	2.485311851659666	0.4535147392290249	0.9701492537313433	194	253	200	1.0
CG	gain	GO:0055085	transmembrane transport	19	AT1G21890;AT1G31830;AT1G32450;AT1G53210;AT1G65550;AT1G66950;AT1G74770;AT2G18960;AT2G30070;AT2G42005;AT3G42640;AT3G44900;AT3G63380;AT4G01820;AT4G18050;AT4G26590;AT5G19600;AT5G37500;AT5G55930	42.225	6.133055926697545	0.4499703966844286	1.0	200	253	200	1.0
CG	gain	GO:0055086	nucleobase-containing small molecule metabolic process	5	AT1G21640;AT1G36180;AT2G28760;AT5G40870;AT5G52920	11.205	3.030342389895903	0.4462293618920125	0.9900497512437811	198	253	200	1.0
CG	gain	GO:0060255	regulation of macromolecule metabolic process	35	AT1G04970;AT1G19850;AT1G22770;AT1G23420;AT1G27220;AT1G34170;AT1G35240;AT1G44120;AT1G49950;AT1G66040;AT1G71930;AT1G79950;AT2G10440;AT2G17150;AT2G19920;AT2G25180;AT2G28290;AT2G31215;AT2G40030;AT2G42830;AT3G12280;AT3G23690;AT3G47020;AT3G49500;AT3G59410;AT3G62930;AT4G22070;AT4G32880;AT5G39900;AT5G40360;AT5G40870;AT5G42950;AT5G49160;AT5G53060;AT5G64220	73.625	7.514943446227641	0.47538200339558573	1.0	200	253	200	1.0
CG	gain	GO:0060560	developmental growth involved in morphogenesis	3	AT2G25630;AT3G56640;AT3G56930	12.195	3.454992764102407	0.24600246002460024	1.0	200	253	200	1.0
CG	gain	GO:0061458	reproductive system development	21	AT1G19850;AT1G22770;AT1G23420;AT1G29760;AT1G66730;AT1G73177;AT2G01280;AT2G02240;AT2G28290;AT2G31215;AT2G34260;AT2G42830;AT2G48130;AT3G12280;AT3G49500;AT4G32880;AT5G23040;AT5G40360;AT5G49160;AT5G52920;AT5G54310	40.965	5.5815566825035265	0.5126327352618089	1.0	200	253	200	1.0
CG	gain	GO:0061640	cytoskeleton-dependent cytokinesis	3	AT1G50240;AT5G05170;AT5G49160	2.175	1.3763629608500807	1.3793103448275863	0.38308457711442784	76	253	200	1.0
CG	gain	GO:0062012	regulation of small molecule metabolic process	3	AT5G03320;AT5G40360;AT5G40850	3.24	1.792316936258763	0.9259259259259258	0.6218905472636815	124	253	200	1.0
CG	gain	GO:0062197	cellular response to chemical stress	3	AT1G53210;AT5G10720;AT5G19000	3.525	1.9568788925224776	0.851063829787234	0.6716417910447762	134	253	200	1.0
CG	gain	GO:0065003	protein-containing complex assembly	4	AT1G49950;AT1G60770;AT2G01280;AT3G16010	9.835	2.8579319446060953	0.4067107269954245	0.9950248756218906	199	253	200	1.0
CG	gain	GO:0065007	biological regulation	67	AT1G04970;AT1G19850;AT1G22770;AT1G23030;AT1G23420;AT1G27220;AT1G28270;AT1G29760;AT1G30755;AT1G34170;AT1G35240;AT1G44120;AT1G49950;AT1G55180;AT1G65800;AT1G66040;AT1G66730;AT1G71930;AT1G74770;AT1G79380;AT1G79950;AT2G10440;AT2G17150;AT2G18960;AT2G19920;AT2G25180;AT2G28290;AT2G31215;AT2G40030;AT2G42830;AT3G05520;AT3G12280;AT3G23150;AT3G23690;AT3G24240;AT3G47020;AT3G49500;AT3G59410;AT3G59700;AT3G62030;AT3G62930;AT4G01820;AT4G09570;AT4G16890;AT4G18050;AT4G20140;AT4G22070;AT4G32880;AT4G39110;AT5G03320;AT5G10720;AT5G23040;AT5G37500;AT5G39900;AT5G40360;AT5G40850;AT5G40870;AT5G42950;AT5G44510;AT5G44585;AT5G45240;AT5G49160;AT5G53060;AT5G54310;AT5G58700;AT5G64220;AT5G67530	148.4	9.498420921395173	0.45148247978436656	1.0	200	253	200	1.0
CG	gain	GO:0065008	regulation of biological quality	3	AT3G05520;AT4G01820;AT4G18050	16.07	3.7954051167167844	0.18668326073428748	1.0	200	253	200	1.0
CG	gain	GO:0070297	regulation of phosphorelay signal transduction system	3	AT2G28290;AT3G23150;AT5G10720	1.425	1.1765946625750092	2.1052631578947367	0.1791044776119403	35	253	200	1.0
CG	gain	GO:0070482	response to oxygen levels	3	AT1G23310;AT3G23150;AT5G25250	5.735	2.492945045523466	0.5231037489102005	0.9203980099502488	184	253	200	1.0
CG	gain	GO:0070542	response to fatty acid	5	AT1G79380;AT2G39730;AT3G45140;AT5G37500;AT5G53060	6.18	2.5529590674352773	0.8090614886731392	0.746268656716418	149	253	200	1.0
CG	gain	GO:0070647	protein modification by small protein conjugation or removal	15	AT1G23030;AT1G49230;AT1G50490;AT1G53490;AT1G66040;AT1G73177;AT1G74770;AT2G38220;AT3G03510;AT3G46620;AT3G47020;AT4G39370;AT5G19000;AT5G22030;AT5G67530	20.65	4.5296247085161525	0.7263922518159807	0.9402985074626866	188	253	200	1.0
CG	gain	GO:0070887	cellular response to chemical stimulus	12	AT1G27595;AT1G53210;AT1G71930;AT1G79380;AT2G25180;AT3G23150;AT4G16890;AT5G10720;AT5G19000;AT5G25250;AT5G53060;AT5G64220	34.36	5.108855057642567	0.3492433061699651	1.0	200	253	200	1.0
CG	gain	GO:0070918	regulatory ncRNA processing	3	AT2G40030;AT3G49500;AT5G53060	2.54	1.4961283367412033	1.1811023622047243	0.48756218905472637	97	253	200	1.0
CG	gain	GO:0071495	cellular response to endogenous stimulus	6	AT1G71930;AT1G79380;AT2G25180;AT3G23150;AT5G10720;AT5G53060	16.455	3.6273923140460114	0.3646308113035552	1.0	200	253	200	1.0
CG	gain	GO:0071554	cell wall organization or biogenesis	11	AT1G23720;AT1G70630;AT3G28550;AT3G54580;AT4G17220;AT4G20140;AT4G28850;AT4G33330;AT5G05170;AT5G07420;AT5G44585	14.25	3.550704155516197	0.7719298245614035	0.8706467661691543	174	253	200	1.0
CG	gain	GO:0071555	cell wall organization	6	AT1G23720;AT3G28550;AT3G54580;AT4G20140;AT5G07420;AT5G44585	8.64	2.62876396810364	0.6944444444444444	0.8955223880597015	179	253	200	1.0
CG	gain	GO:0071669	plant-type cell wall organization or biogenesis	8	AT1G23720;AT3G28550;AT3G54580;AT4G17220;AT4G20140;AT4G33330;AT5G05170;AT5G44585	7.975	2.54644359843292	1.0031347962382446	0.527363184079602	105	253	200	1.0
CG	gain	GO:0071705	nitrogen compound transport	6	AT1G31830;AT1G32450;AT2G42005;AT3G10650;AT4G26590;AT5G55930	8.595	2.6402604038238313	0.6980802792321117	0.8805970149253731	176	253	200	1.0
CG	gain	GO:0071805	potassium ion transmembrane transport	3	AT1G32450;AT2G30070;AT5G37500	2.865	1.4376282551480406	1.0471204188481675	0.5870646766169154	117	253	200	1.0
CG	gain	GO:0071840	cellular component organization or biogenesis	33	AT1G23720;AT1G24490;AT1G29760;AT1G49950;AT1G50240;AT1G53490;AT1G60770;AT1G66040;AT1G70630;AT1G79950;AT2G01280;AT2G01990;AT2G28290;AT2G34260;AT3G05520;AT3G10650;AT3G11964;AT3G12280;AT3G16010;AT3G28550;AT3G54580;AT4G17220;AT4G20140;AT4G26700;AT4G28850;AT4G33330;AT5G05170;AT5G05760;AT5G07420;AT5G23040;AT5G25250;AT5G44585;AT5G49160	81.345	8.172268656866384	0.4056795131845842	1.0	200	253	200	1.0
CG	gain	GO:0072330	monocarboxylic acid biosynthetic process	4	AT1G36180;AT3G45140;AT5G44585;AT5G52920	5.74	2.5084656664981484	0.6968641114982578	0.7860696517412935	157	253	200	1.0
CG	gain	GO:0072521	purine-containing compound metabolic process	3	AT1G21640;AT1G36180;AT5G52920	7.49	2.5806782054336015	0.40053404539385845	0.9800995024875622	196	253	200	1.0
CG	gain	GO:0072593	reactive oxygen species metabolic process	3	AT1G04970;AT1G12520;AT5G44585	3.405	1.6616181871898255	0.881057268722467	0.7014925373134329	140	253	200	1.0
CG	gain	GO:0080090	regulation of primary metabolic process	29	AT1G19850;AT1G22770;AT1G23420;AT1G27220;AT1G34170;AT1G35240;AT1G44120;AT1G49950;AT1G71930;AT1G79950;AT2G10440;AT2G17150;AT2G25180;AT2G28290;AT2G31215;AT2G42830;AT3G12280;AT3G23690;AT3G47020;AT3G49500;AT3G59410;AT3G62930;AT4G22070;AT4G32880;AT5G39900;AT5G40360;AT5G40870;AT5G42950;AT5G64220	65.305	7.284365106170861	0.44407013245540156	1.0	200	253	200	1.0
CG	gain	GO:0080134	regulation of response to stress	8	AT1G79950;AT2G28290;AT3G59700;AT5G03320;AT5G42950;AT5G44585;AT5G53060;AT5G67530	14.88	3.9541876536148335	0.5376344086021505	0.9800995024875622	196	253	200	1.0
CG	gain	GO:0090304	nucleic acid metabolic process	19	AT1G49980;AT1G53490;AT1G66730;AT1G72550;AT1G73177;AT1G79950;AT2G01280;AT2G07690;AT2G19920;AT2G40030;AT3G11964;AT3G16010;AT3G49500;AT5G39920;AT5G49010;AT5G52850;AT5G53060;AT5G64200;AT5G66520	54.395	6.8912244920623	0.34929681036860005	1.0	200	253	200	1.0
CG	gain	GO:0090333	regulation of stomatal closure	3	AT1G23030;AT3G59700;AT5G10720	1.51	1.1268983982595768	1.9867549668874172	0.19900497512437812	39	253	200	1.0
CG	gain	GO:0090407	organophosphate biosynthetic process	6	AT1G21640;AT1G31190;AT1G36180;AT1G71697;AT2G28760;AT5G40870	11.97	3.3479994026283824	0.5012531328320802	0.9850746268656716	197	253	200	1.0
CG	gain	GO:0090567	reproductive shoot system development	10	AT1G19850;AT1G22770;AT1G23420;AT1G73177;AT2G28290;AT2G31215;AT2G42830;AT3G49500;AT5G49160;AT5G54310	13.95	3.6065911883661035	0.7168458781362007	0.8905472636815921	178	253	200	1.0
CG	gain	GO:0097305	response to alcohol	6	AT1G44170;AT1G71930;AT2G18960;AT3G46620;AT3G62030;AT5G37500	16.26	3.4745359402371854	0.3690036900369003	0.9950248756218906	199	253	200	1.0
CG	gain	GO:0098542	defense response to other organism	4	AT1G64790;AT2G18660;AT3G49500;AT4G16890	8.725	2.7035855821482704	0.4584527220630373	0.9751243781094527	195	253	200	1.0
CG	gain	GO:0098655	monoatomic cation transmembrane transport	9	AT1G32450;AT1G53210;AT1G74770;AT2G18960;AT2G30070;AT3G42640;AT3G44900;AT3G63380;AT5G37500	12.94	3.5575834494780327	0.6955177743431221	0.9054726368159204	181	253	200	1.0
CG	gain	GO:0098657	import into cell	3	AT1G74770;AT3G08530;AT5G25250	3.78	1.85245782678041	0.7936507936507937	0.7263681592039801	145	253	200	1.0
CG	gain	GO:0098771	inorganic ion homeostasis	5	AT1G12520;AT1G32450;AT1G53210;AT1G74770;AT4G20140	5.955	2.3733889272514936	0.8396305625524769	0.7213930348258707	144	253	200	1.0
CG	gain	GO:0099402	plant organ development	18	AT1G19850;AT1G23420;AT1G32450;AT1G55180;AT1G73177;AT1G79950;AT2G25180;AT2G31215;AT2G39730;AT2G42830;AT3G12280;AT3G24240;AT3G49500;AT3G56930;AT4G20140;AT5G10720;AT5G44585;AT5G54310	38.945	5.840545779291523	0.462190268327128	1.0	200	253	200	1.0
CG	gain	GO:0140013	meiotic nuclear division	4	AT1G50240;AT1G53490;AT2G01990;AT3G12280	4.09	1.9136091554964934	0.9779951100244499	0.5771144278606966	115	253	200	1.0
CG	gain	GO:0140115	export across plasma membrane	4	AT2G18960;AT3G42640;AT4G01820;AT4G18050	4.035	1.9783263128210162	0.9913258983890954	0.5920398009950248	118	253	200	1.0
CG	gain	GO:0140352	export from cell	4	AT2G18960;AT3G42640;AT4G01820;AT4G18050	6.155	2.379280353384191	0.6498781478472786	0.8805970149253731	176	253	200	1.0
CG	gain	GO:0140546	defense response to symbiont	4	AT1G64790;AT2G18660;AT3G49500;AT4G16890	7.685	2.5368829298964535	0.520494469746259	0.9601990049751243	192	253	200	1.0
CG	gain	GO:0141187	nucleic acid biosynthetic process	12	AT1G49980;AT1G66730;AT1G73177;AT2G01280;AT2G19920;AT2G40030;AT3G11964;AT3G16010;AT3G49500;AT5G39920;AT5G53060;AT5G64200	29.29	4.68677927792637	0.4096961420279959	1.0	200	253	200	1.0
CG	gain	GO:0160109	plant gross anatomical part developmental process	37	AT1G19850;AT1G22770;AT1G23420;AT1G29760;AT1G32450;AT1G50240;AT1G55180;AT1G66730;AT1G71930;AT1G73177;AT1G79950;AT2G01280;AT2G02240;AT2G25180;AT2G28290;AT2G31215;AT2G34260;AT2G38220;AT2G39730;AT2G42830;AT2G48130;AT3G11964;AT3G12280;AT3G24240;AT3G49500;AT3G56930;AT4G20140;AT4G29380;AT4G32880;AT4G39110;AT5G10720;AT5G23040;AT5G40360;AT5G44585;AT5G49160;AT5G52920;AT5G54310	78.43	7.444131917154562	0.47175825576947594	1.0	200	253	200	1.0
CG	gain	GO:0170038	proteinogenic amino acid biosynthetic process	3	AT1G23310;AT3G62030;AT5G20980	4.61	2.194971526011214	0.6507592190889371	0.8407960199004975	168	253	200	1.0
CG	gain	GO:0170039	proteinogenic amino acid metabolic process	3	AT1G23310;AT3G62030;AT5G20980	6.805	2.6827178383124846	0.440852314474651	0.9651741293532339	193	253	200	1.0
CG	gain	GO:1900150	regulation of defense response to fungus	3	AT2G28290;AT5G44585;AT5G53060	1.285	1.146200244285439	2.3346303501945527	0.12437810945273632	24	253	200	1.0
CG	gain	GO:1901135	carbohydrate derivative metabolic process	6	AT2G28760;AT3G01180;AT5G14950;AT5G40870;AT5G44585;AT5G52920	16.375	3.7609008229412306	0.366412213740458	1.0	200	253	200	1.0
CG	gain	GO:1901137	carbohydrate derivative biosynthetic process	5	AT2G28760;AT3G01180;AT5G14950;AT5G40870;AT5G44585	10.04	2.98971570554794	0.4980079681274901	0.9800995024875622	196	253	200	1.0
CG	gain	GO:1901293	nucleoside phosphate biosynthetic process	4	AT1G21640;AT1G36180;AT2G28760;AT5G40870	5.935	2.2979936901566997	0.6739679865206403	0.8656716417910447	173	253	200	1.0
CG	gain	GO:1901698	response to nitrogen compound	5	AT1G30755;AT1G32450;AT1G66730;AT3G62930;AT5G10720	3.705	1.7487066649384049	1.349527665317139	0.3034825870646766	60	253	200	1.0
CG	gain	GO:1901700	response to oxygen-containing compound	24	AT1G22770;AT1G27595;AT1G30755;AT1G32450;AT1G44170;AT1G49230;AT1G66730;AT1G66950;AT1G71930;AT1G79380;AT2G18960;AT2G25180;AT2G39730;AT3G13380;AT3G17800;AT3G45140;AT3G46620;AT3G62030;AT3G62930;AT4G16890;AT5G10720;AT5G19000;AT5G37500;AT5G53060	48.345	6.238266986912338	0.4964318957493019	1.0	200	253	200	1.0
CG	gain	GO:1901701	cellular response to oxygen-containing compound	6	AT1G27595;AT1G79380;AT4G16890;AT5G10720;AT5G19000;AT5G53060	18.13	3.8344621526362737	0.3309431880860452	1.0	200	253	200	1.0
CG	gain	GO:1902531	regulation of intracellular signal transduction	3	AT2G28290;AT3G23150;AT5G10720	2.495	1.49331008166422	1.2024048096192383	0.48258706467661694	96	253	200	1.0
CG	gain	GO:1902600	proton transmembrane transport	4	AT1G32450;AT2G18960;AT3G42640;AT3G44900	4.87	1.970558296524109	0.8213552361396304	0.736318407960199	147	253	200	1.0
CG	gain	GO:1902679	negative regulation of RNA biosynthetic process	3	AT1G27220;AT3G12280;AT3G62930	6.805	2.6883033682975594	0.440852314474651	0.9800995024875622	196	253	200	1.0
CG	gain	GO:1902680	positive regulation of RNA biosynthetic process	5	AT1G71930;AT2G10440;AT2G42830;AT5G40360;AT5G64220	10.19	3.1644746799429453	0.49067713444553485	0.9800995024875622	196	253	200	1.0
CG	gain	GO:1903046	meiotic cell cycle process	4	AT1G50240;AT1G53490;AT2G01990;AT3G12280	6.18	2.4223129442745424	0.6472491909385114	0.8756218905472637	175	253	200	1.0
CG	gain	GO:1903047	mitotic cell cycle process	3	AT3G12280;AT5G05170;AT5G49160	3.93	1.7790727922150906	0.7633587786259541	0.7960199004975125	159	253	200	1.0
CG	gain	GO:1905392	plant organ morphogenesis	5	AT2G25180;AT3G24240;AT3G56930;AT4G20140;AT5G44585	17.01	3.6317901921779443	0.2939447383891828	1.0	200	253	200	1.0
CG	gain	GO:2000241	regulation of reproductive process	5	AT1G28270;AT1G29760;AT4G39110;AT5G40360;AT5G49160	9.48	2.7585503439306667	0.5274261603375527	0.9651741293532339	193	253	200	1.0
CG	gain	GO:2000280	regulation of root development	3	AT3G24240;AT4G20140;AT5G44585	2.615	1.6360852667266457	1.1472275334608029	0.472636815920398	94	253	200	1.0
CG	gain	GO:2001141	regulation of RNA biosynthetic process	22	AT1G19850;AT1G22770;AT1G23420;AT1G27220;AT1G34170;AT1G35240;AT1G49950;AT1G71930;AT1G79950;AT2G10440;AT2G17150;AT2G25180;AT2G28290;AT2G31215;AT2G42830;AT3G12280;AT3G23690;AT3G62930;AT4G22070;AT4G32880;AT5G40360;AT5G64220	51.525	6.565011424209423	0.4269771955361475	1.0	200	253	200	1.0
CG	loss	GO:0000902	cell morphogenesis	3	AT3G23380;AT3G26870;AT4G12420	9.845	3.049749989753255	0.3047232097511427	0.9950248756218906	199	138	200	1.0
CG	loss	GO:0003006	developmental process involved in reproduction	7	AT2G48130;AT3G23380;AT3G26870;AT4G01370;AT4G09960;AT4G24660;AT5G26290	36.025	5.702137757017117	0.19430950728660654	1.0	200	138	200	1.0
CG	loss	GO:0005975	carbohydrate metabolic process	7	AT2G44470;AT4G03930;AT4G13760;AT4G28850;AT4G32370;AT5G20330;AT5G27870	20.67	4.7687629423153295	0.3386550556361877	1.0	200	138	200	1.0
CG	loss	GO:0005976	polysaccharide metabolic process	3	AT4G03930;AT4G28850;AT5G27870	10.455	3.260057514830069	0.28694404591104733	0.9950248756218906	199	138	200	1.0
CG	loss	GO:0006139	nucleobase-containing compound metabolic process	6	AT2G39140;AT4G39280;AT5G23880;AT5G39770;AT5G39920;AT5G49010	47.73	6.525879251104803	0.1257071024512885	1.0	200	138	200	1.0
CG	loss	GO:0006355	regulation of DNA-templated transcription	14	AT1G19510;AT1G31640;AT1G34310;AT1G34390;AT1G34410;AT1G49190;AT1G55950;AT1G75390;AT2G42430;AT3G03260;AT4G04030;AT4G09960;AT4G25530;AT5G39690	37.105	5.709989054280246	0.37730764047971976	1.0	200	138	200	1.0
CG	loss	GO:0006396	RNA processing	3	AT2G39140;AT5G23880;AT5G39920	14.13	3.695010148835855	0.21231422505307854	1.0	200	138	200	1.0
CG	loss	GO:0006412	translation	4	AT2G07715;AT2G39140;AT4G39280;AT5G64140	7.185	2.600149034190156	0.5567153792623522	0.9353233830845771	187	138	200	1.0
CG	loss	GO:0006629	lipid metabolic process	4	AT2G01900;AT2G33380;AT3G29110;AT4G18550	20.01	4.166521330798623	0.19990004997501248	1.0	200	138	200	1.0
CG	loss	GO:0006810	transport	8	AT1G32450;AT2G16980;AT2G48130;AT3G16310;AT3G28345;AT3G30842;AT5G26700;AT5G58180	52.335	6.644002934978265	0.1528613738415974	1.0	200	138	200	1.0
CG	loss	GO:0006950	response to stress	8	AT1G65990;AT1G70840;AT2G01900;AT2G33380;AT2G42430;AT4G01370;AT4G16860;AT5G39770	70.165	6.969058401247518	0.11401696002280338	1.0	200	138	200	1.0
CG	loss	GO:0006952	defense response	4	AT1G70840;AT2G33380;AT4G01370;AT4G16860	22.55	4.432550056118929	0.17738359201773835	1.0	200	138	200	1.0
CG	loss	GO:0006970	response to osmotic stress	3	AT2G01900;AT2G33380;AT4G01370	12.53	3.5070072711644094	0.23942537909018358	1.0	200	138	200	1.0
CG	loss	GO:0006996	organelle organization	6	AT2G39140;AT3G46000;AT4G01370;AT5G23120;AT5G39770;AT5G58180	27.3	4.8280430818293185	0.21978021978021978	1.0	200	138	200	1.0
CG	loss	GO:0007049	cell cycle	4	AT2G38195;AT4G01370;AT5G26290;AT5G39770	10.835	3.405550616273378	0.36917397323488693	0.9900497512437811	198	138	200	1.0
CG	loss	GO:0007154	cell communication	8	AT1G21230;AT1G49190;AT1G64480;AT2G05117;AT4G01370;AT4G14940;AT4G16295;AT4G16860	28.44	5.307202652999031	0.2812939521800281	1.0	200	138	200	1.0
CG	loss	GO:0007165	signal transduction	7	AT1G21230;AT1G49190;AT1G64480;AT2G05117;AT4G01370;AT4G14940;AT4G16860	26.93	5.231166217967089	0.25993316004455996	1.0	200	138	200	1.0
CG	loss	GO:0007275	multicellular organism development	11	AT1G32450;AT1G75390;AT2G38195;AT2G42430;AT2G48130;AT4G01370;AT4G09960;AT4G21060;AT4G24660;AT5G26290;AT5G55250	61.475	7.233904547338167	0.17893452623017486	1.0	200	138	200	1.0
CG	loss	GO:0008152	metabolic process	31	AT1G65350;AT2G01900;AT2G07715;AT2G19800;AT2G27920;AT2G30920;AT2G33380;AT2G38195;AT2G39140;AT2G44470;AT3G29110;AT4G01370;AT4G03930;AT4G13760;AT4G14940;AT4G18550;AT4G21060;AT4G28850;AT4G29740;AT4G32370;AT4G39280;AT5G20330;AT5G23880;AT5G27870;AT5G36180;AT5G38450;AT5G39770;AT5G39920;AT5G49010;AT5G55250;AT5G64140	151.395	9.55400308771113	0.20476237656461574	1.0	200	138	200	1.0
CG	loss	GO:0009056	catabolic process	7	AT1G65350;AT2G19800;AT4G03930;AT4G18550;AT4G29740;AT5G27870;AT5G39770	23.185	4.5935579891844185	0.3019193444037093	1.0	200	138	200	1.0
CG	loss	GO:0009057	macromolecule catabolic process	4	AT1G65350;AT4G03930;AT5G27870;AT5G39770	12.285	3.3217126606616683	0.3256003256003256	0.9950248756218906	199	138	200	1.0
CG	loss	GO:0009058	biosynthetic process	12	AT2G07715;AT2G30920;AT2G33380;AT2G39140;AT3G29110;AT4G21060;AT4G39280;AT5G23880;AT5G38450;AT5G39920;AT5G55250;AT5G64140	73.395	8.1779566518783	0.16349887594522788	1.0	200	138	200	1.0
CG	loss	GO:0009059	macromolecule biosynthetic process	7	AT2G07715;AT2G39140;AT4G21060;AT4G39280;AT5G23880;AT5G39920;AT5G64140	42.6	6.5421708935184295	0.16431924882629106	1.0	200	138	200	1.0
CG	loss	GO:0009308	amine metabolic process	3	AT4G14940;AT4G29740;AT5G38450	1.765	1.3999196405508427	1.6997167138810199	0.24378109452736318	48	138	200	1.0
CG	loss	GO:0009555	pollen development	3	AT2G38195;AT4G01370;AT4G21060	10.05	3.2584505520262224	0.29850746268656714	1.0	200	138	200	1.0
CG	loss	GO:0009605	response to external stimulus	4	AT1G21835;AT2G33380;AT4G01370;AT4G16860	30.945	5.495632356699268	0.12926159314913557	1.0	200	138	200	1.0
CG	loss	GO:0009607	response to biotic stimulus	4	AT1G21835;AT2G33380;AT4G01370;AT4G16860	26.32	4.965641952456902	0.1519756838905775	1.0	200	138	200	1.0
CG	loss	GO:0009620	response to fungus	3	AT2G33380;AT4G01370;AT4G16860	7.665	2.773585224939012	0.3913894324853229	0.9850746268656716	197	138	200	1.0
CG	loss	GO:0009628	response to abiotic stimulus	3	AT2G01900;AT2G33380;AT4G01370	48.315	6.219788983558877	0.06209251785159889	1.0	200	138	200	1.0
CG	loss	GO:0009651	response to salt stress	3	AT2G01900;AT2G33380;AT4G01370	10.31	3.214638393350018	0.2909796314258002	0.9950248756218906	199	138	200	1.0
CG	loss	GO:0009653	anatomical structure morphogenesis	5	AT2G42430;AT3G23380;AT3G26870;AT4G12420;AT4G21060	24.895	4.558944505036219	0.2008435428800964	1.0	200	138	200	1.0
CG	loss	GO:0009719	response to endogenous stimulus	7	AT1G34310;AT1G34390;AT1G34410;AT1G49190;AT2G33380;AT4G01370;AT4G14940	27.97	4.971830648765103	0.25026814444047196	1.0	200	138	200	1.0
CG	loss	GO:0009725	response to hormone	7	AT1G34310;AT1G34390;AT1G34410;AT1G49190;AT2G33380;AT4G01370;AT4G14940	27.9	4.988987873306567	0.2508960573476703	1.0	200	138	200	1.0
CG	loss	GO:0009755	hormone-mediated signaling pathway	3	AT1G49190;AT4G01370;AT4G14940	9.56	2.8559411758647957	0.3138075313807531	0.9950248756218906	199	138	200	1.0
CG	loss	GO:0009791	post-embryonic development	5	AT1G75390;AT2G42430;AT2G48130;AT4G09960;AT4G24660	36.705	5.901523108486499	0.13622122326658495	1.0	200	138	200	1.0
CG	loss	GO:0009826	unidimensional cell growth	3	AT3G23380;AT3G26870;AT4G12420	7.21	2.5643517699410907	0.4160887656033287	0.9751243781094527	195	138	200	1.0
CG	loss	GO:0009856	pollination	4	AT3G23380;AT3G26870;AT4G01370;AT4G16295	7.105	2.5581194264537355	0.5629838142153413	0.9203980099502488	184	138	200	1.0
CG	loss	GO:0009889	regulation of biosynthetic process	15	AT1G19510;AT1G31640;AT1G34310;AT1G34390;AT1G34410;AT1G49190;AT1G55950;AT1G75390;AT2G42430;AT3G03260;AT4G04030;AT4G09960;AT4G25530;AT5G23880;AT5G39690	53.05	6.501346014480416	0.2827521206409048	1.0	200	138	200	1.0
CG	loss	GO:0009890	negative regulation of biosynthetic process	3	AT4G04030;AT4G25530;AT5G23880	13.295	3.4333620548960444	0.22564874012786762	1.0	200	138	200	1.0
CG	loss	GO:0009891	positive regulation of biosynthetic process	3	AT1G31640;AT2G42430;AT4G09960	10.76	3.3320264104595574	0.2788104089219331	1.0	200	138	200	1.0
CG	loss	GO:0009892	negative regulation of metabolic process	3	AT4G04030;AT4G25530;AT5G23880	15.175	3.818949462875883	0.19769357495881382	1.0	200	138	200	1.0
CG	loss	GO:0009893	positive regulation of metabolic process	3	AT1G31640;AT2G42430;AT4G09960	12.95	3.5549261595706905	0.23166023166023167	1.0	200	138	200	1.0
CG	loss	GO:0009932	cell tip growth	3	AT3G23380;AT3G26870;AT4G12420	4.34	2.1550870052041984	0.6912442396313364	0.8059701492537313	161	138	200	1.0
CG	loss	GO:0009987	cellular process	56	AT1G21230;AT1G23720;AT1G32450;AT1G49190;AT1G64480;AT1G65350;AT1G65990;AT2G01900;AT2G05117;AT2G07715;AT2G16980;AT2G17900;AT2G19800;AT2G27920;AT2G30920;AT2G33380;AT2G38195;AT2G39140;AT2G44470;AT3G16310;AT3G23380;AT3G26870;AT3G28345;AT3G29110;AT3G30842;AT3G46000;AT3G54580;AT4G01370;AT4G03930;AT4G09960;AT4G12420;AT4G13760;AT4G14940;AT4G16295;AT4G16860;AT4G18550;AT4G21060;AT4G28850;AT4G29740;AT4G32370;AT4G39280;AT5G20330;AT5G23120;AT5G23880;AT5G24655;AT5G26290;AT5G27870;AT5G36180;AT5G38450;AT5G39770;AT5G39920;AT5G49010;AT5G54790;AT5G55250;AT5G58180;AT5G64140	251.315	7.843836752508423	0.22282792511390087	1.0	200	138	200	1.0
CG	loss	GO:0010154	fruit development	3	AT2G48130;AT4G09960;AT4G24660	17.105	4.294644921294421	0.17538731365097923	1.0	200	138	200	1.0
CG	loss	GO:0010467	gene expression	6	AT2G07715;AT2G39140;AT4G39280;AT5G23880;AT5G39920;AT5G64140	32.515	5.747153643326405	0.18453021682300477	1.0	200	138	200	1.0
CG	loss	GO:0010468	regulation of gene expression	15	AT1G19510;AT1G31640;AT1G34310;AT1G34390;AT1G34410;AT1G49190;AT1G55950;AT1G75390;AT2G42430;AT3G03260;AT4G04030;AT4G09960;AT4G25530;AT5G23880;AT5G39690	49.075	6.180564294625507	0.3056546102903719	1.0	200	138	200	1.0
CG	loss	GO:0010556	regulation of macromolecule biosynthetic process	15	AT1G19510;AT1G31640;AT1G34310;AT1G34390;AT1G34410;AT1G49190;AT1G55950;AT1G75390;AT2G42430;AT3G03260;AT4G04030;AT4G09960;AT4G25530;AT5G23880;AT5G39690	50.33	6.234669197319157	0.2980329823167097	1.0	200	138	200	1.0
CG	loss	GO:0010557	positive regulation of macromolecule biosynthetic process	3	AT1G31640;AT2G42430;AT4G09960	9.485	3.011606714031566	0.31628887717448606	1.0	200	138	200	1.0
CG	loss	GO:0010558	negative regulation of macromolecule biosynthetic process	3	AT4G04030;AT4G25530;AT5G23880	12.995	3.3726806845593957	0.2308580223162755	1.0	200	138	200	1.0
CG	loss	GO:0010604	positive regulation of macromolecule metabolic process	3	AT1G31640;AT2G42430;AT4G09960	11.11	3.180864662320612	0.27002700270027	1.0	200	138	200	1.0
CG	loss	GO:0010605	negative regulation of macromolecule metabolic process	3	AT4G04030;AT4G25530;AT5G23880	14.04	3.5774851502137666	0.2136752136752137	1.0	200	138	200	1.0
CG	loss	GO:0010817	regulation of hormone levels	3	AT4G29740;AT5G38450;AT5G55250	6.61	2.3596398030207903	0.45385779122541603	0.9651741293532339	193	138	200	1.0
CG	loss	GO:0016043	cellular component organization	12	AT1G23720;AT2G17900;AT2G39140;AT3G46000;AT3G54580;AT4G01370;AT4G03930;AT4G21060;AT5G23120;AT5G27870;AT5G39770;AT5G58180	53.0	6.521502894272163	0.22641509433962265	1.0	200	138	200	1.0
CG	loss	GO:0016049	cell growth	4	AT3G23380;AT3G26870;AT4G12420;AT5G54790	9.86	2.9103951621730015	0.40567951318458423	0.9950248756218906	199	138	200	1.0
CG	loss	GO:0016070	RNA metabolic process	4	AT2G39140;AT4G39280;AT5G23880;AT5G39920	28.13	5.331331916135038	0.14219694276573056	1.0	200	138	200	1.0
CG	loss	GO:0019219	regulation of nucleobase-containing compound metabolic process	14	AT1G19510;AT1G31640;AT1G34310;AT1G34390;AT1G34410;AT1G49190;AT1G55950;AT1G75390;AT2G42430;AT3G03260;AT4G04030;AT4G09960;AT4G25530;AT5G39690	40.775	5.862966399357931	0.34334763948497854	1.0	200	138	200	1.0
CG	loss	GO:0019222	regulation of metabolic process	19	AT1G19510;AT1G31640;AT1G34310;AT1G34390;AT1G34410;AT1G49190;AT1G55950;AT1G75390;AT2G01900;AT2G33380;AT2G42430;AT3G03260;AT3G25800;AT4G01370;AT4G04030;AT4G09960;AT4G25530;AT5G23880;AT5G39690	59.775	6.912624320762714	0.3178586365537432	1.0	200	138	200	1.0
CG	loss	GO:0019538	protein metabolic process	10	AT1G65350;AT2G07715;AT2G27920;AT2G38195;AT2G39140;AT4G01370;AT4G21060;AT4G39280;AT5G36180;AT5G64140	46.875	6.202368499210614	0.21333333333333335	1.0	200	138	200	1.0
CG	loss	GO:0019953	sexual reproduction	3	AT4G01370;AT5G26290;AT5G39770	6.42	2.6407574670915914	0.4672897196261682	0.9601990049751243	192	138	200	1.0
CG	loss	GO:0022402	cell cycle process	3	AT4G01370;AT5G26290;AT5G39770	10.15	3.3041640395113543	0.29556650246305416	1.0	200	138	200	1.0
CG	loss	GO:0022414	reproductive process	9	AT2G48130;AT3G23380;AT3G26870;AT4G01370;AT4G09960;AT4G16295;AT4G24660;AT5G26290;AT5G39770	41.155	5.998414373815777	0.21868545741708176	1.0	200	138	200	1.0
CG	loss	GO:0023052	signaling	7	AT1G21230;AT1G49190;AT1G64480;AT2G05117;AT4G01370;AT4G14940;AT4G16860	27.475	5.225837253493436	0.25477707006369427	1.0	200	138	200	1.0
CG	loss	GO:0030154	cell differentiation	3	AT3G23380;AT3G26870;AT4G21060	14.84	3.8359353487774026	0.20215633423180593	1.0	200	138	200	1.0
CG	loss	GO:0032501	multicellular organismal process	14	AT1G32450;AT1G75390;AT2G38195;AT2G42430;AT2G48130;AT3G23380;AT3G26870;AT4G01370;AT4G09960;AT4G16295;AT4G21060;AT4G24660;AT5G26290;AT5G55250	68.155	7.441839490341022	0.205414129557626	1.0	200	138	200	1.0
CG	loss	GO:0032502	developmental process	16	AT1G32450;AT1G75390;AT2G38195;AT2G42430;AT2G48130;AT3G23380;AT3G26870;AT4G01370;AT4G09960;AT4G12420;AT4G14940;AT4G21060;AT4G24660;AT5G26290;AT5G54790;AT5G55250	73.25	7.644442425710328	0.21843003412969283	1.0	200	138	200	1.0
CG	loss	GO:0032774	RNA biosynthetic process	3	AT2G39140;AT5G23880;AT5G39920	19.735	4.28191253997557	0.15201418799087915	1.0	200	138	200	1.0
CG	loss	GO:0032870	cellular response to hormone stimulus	3	AT1G49190;AT4G01370;AT4G14940	11.69	3.2193011664024276	0.2566295979469632	0.9950248756218906	199	138	200	1.0
CG	loss	GO:0033554	cellular response to stress	3	AT1G65990;AT2G01900;AT5G39770	23.035	4.306248367198528	0.13023659648361188	1.0	200	138	200	1.0
CG	loss	GO:0033993	response to lipid	3	AT2G33380;AT4G01370;AT4G14940	18.795	4.150057228521067	0.15961691939345568	1.0	200	138	200	1.0
CG	loss	GO:0034654	nucleobase-containing compound biosynthetic process	3	AT2G39140;AT5G23880;AT5G39920	25.455	4.8895782026673915	0.11785503830288746	1.0	200	138	200	1.0
CG	loss	GO:0035556	intracellular signal transduction	3	AT1G49190;AT1G64480;AT4G01370	8.605	3.0263798505805553	0.3486345148169669	0.9900497512437811	198	138	200	1.0
CG	loss	GO:0040007	growth	4	AT3G23380;AT3G26870;AT4G12420;AT5G54790	12.035	3.195899716824669	0.3323639385126714	1.0	200	138	200	1.0
CG	loss	GO:0042221	response to chemical	11	AT1G32450;AT1G34310;AT1G34390;AT1G34410;AT1G49190;AT1G65990;AT2G01900;AT2G33380;AT4G01370;AT4G14940;AT5G24655	56.325	6.124489774666918	0.19529516200621394	1.0	200	138	200	1.0
CG	loss	GO:0042445	hormone metabolic process	3	AT4G29740;AT5G38450;AT5G55250	2.155	1.3457247118188775	1.3921113689095128	0.373134328358209	74	138	200	1.0
CG	loss	GO:0043170	macromolecule metabolic process	17	AT1G65350;AT2G07715;AT2G27920;AT2G38195;AT2G39140;AT4G01370;AT4G03930;AT4G21060;AT4G28850;AT4G39280;AT5G23880;AT5G27870;AT5G36180;AT5G39770;AT5G39920;AT5G49010;AT5G64140	93.94	8.16066173787398	0.18096657440919736	1.0	200	138	200	1.0
CG	loss	GO:0043207	response to external biotic stimulus	4	AT1G21835;AT2G33380;AT4G01370;AT4G16860	26.23	4.946422949971015	0.15249714067861228	1.0	200	138	200	1.0
CG	loss	GO:0043412	macromolecule modification	3	AT2G38195;AT2G39140;AT4G01370	29.03	5.258241150803182	0.10334137099552188	1.0	200	138	200	1.0
CG	loss	GO:0044085	cellular component biogenesis	4	AT2G39140;AT4G21060;AT4G28850;AT5G23120	21.95	4.439313009914939	0.18223234624145787	1.0	200	138	200	1.0
CG	loss	GO:0044238	primary metabolic process	25	AT1G65350;AT2G01900;AT2G07715;AT2G27920;AT2G33380;AT2G38195;AT2G39140;AT2G44470;AT3G29110;AT4G01370;AT4G03930;AT4G13760;AT4G18550;AT4G21060;AT4G28850;AT4G32370;AT4G39280;AT5G20330;AT5G23880;AT5G27870;AT5G36180;AT5G39770;AT5G39920;AT5G49010;AT5G64140	131.87	9.444209866367688	0.18958064760749221	1.0	200	138	200	1.0
CG	loss	GO:0044281	small molecule metabolic process	3	AT2G19800;AT2G30920;AT2G33380	28.325	5.283878783620993	0.1059135039717564	1.0	200	138	200	1.0
CG	loss	GO:0044419	biological process involved in interspecies interaction between organisms	4	AT1G21835;AT2G33380;AT4G01370;AT4G16860	26.565	4.9755175610181475	0.15057406361754186	1.0	200	138	200	1.0
CG	loss	GO:0044706	multi-multicellular organism process	4	AT3G23380;AT3G26870;AT4G01370;AT4G16295	7.105	2.5581194264537355	0.5629838142153413	0.9203980099502488	184	138	200	1.0
CG	loss	GO:0045229	external encapsulating structure organization	5	AT1G23720;AT3G54580;AT4G03930;AT4G21060;AT5G27870	7.46	2.6529983038064677	0.6702412868632708	0.8706467661691543	174	138	200	1.0
CG	loss	GO:0045893	positive regulation of DNA-templated transcription	3	AT1G31640;AT2G42430;AT4G09960	7.33	2.636493883929943	0.4092769440654843	0.9751243781094527	195	138	200	1.0
CG	loss	GO:0048229	gametophyte development	4	AT2G38195;AT4G01370;AT4G21060;AT5G26290	13.2	3.6359317925395724	0.30303030303030304	0.9950248756218906	199	138	200	1.0
CG	loss	GO:0048316	seed development	3	AT2G48130;AT4G09960;AT4G24660	16.37	4.186060200236009	0.1832620647525962	1.0	200	138	200	1.0
CG	loss	GO:0048468	cell development	3	AT3G23380;AT3G26870;AT4G21060	7.075	2.4432304434907484	0.42402826855123676	0.9751243781094527	195	138	200	1.0
CG	loss	GO:0048518	positive regulation of biological process	4	AT1G31640;AT2G42430;AT4G09960;AT4G25530	24.56	4.603954821672346	0.16286644951140067	1.0	200	138	200	1.0
CG	loss	GO:0048519	negative regulation of biological process	4	AT4G04030;AT4G18550;AT4G25530;AT5G23880	26.155	5.033982022216591	0.15293442936341042	1.0	200	138	200	1.0
CG	loss	GO:0048522	positive regulation of cellular process	3	AT1G31640;AT2G42430;AT4G09960	18.98	4.032319431791085	0.15806111696522654	1.0	200	138	200	1.0
CG	loss	GO:0048523	negative regulation of cellular process	3	AT4G04030;AT4G25530;AT5G23880	20.79	4.438006309143786	0.14430014430014432	1.0	200	138	200	1.0
CG	loss	GO:0048580	regulation of post-embryonic development	3	AT4G18550;AT4G25530;AT5G24655	9.705	2.9271103498160076	0.3091190108191654	1.0	200	138	200	1.0
CG	loss	GO:0048589	developmental growth	3	AT3G23380;AT3G26870;AT4G12420	10.5	3.083828789021856	0.2857142857142857	1.0	200	138	200	1.0
CG	loss	GO:0048608	reproductive structure development	3	AT2G48130;AT4G09960;AT4G24660	29.895	5.6492455248466635	0.10035122930255896	1.0	200	138	200	1.0
CG	loss	GO:0048731	system development	6	AT1G32450;AT2G42430;AT2G48130;AT4G09960;AT4G21060;AT4G24660	47.66	6.6921147629131745	0.1258917331095258	1.0	200	138	200	1.0
CG	loss	GO:0048856	anatomical structure development	16	AT1G32450;AT1G75390;AT2G38195;AT2G42430;AT2G48130;AT3G23380;AT3G26870;AT4G01370;AT4G09960;AT4G12420;AT4G14940;AT4G21060;AT4G24660;AT5G26290;AT5G54790;AT5G55250	71.215	7.525873703431346	0.22467176858807833	1.0	200	138	200	1.0
CG	loss	GO:0048868	pollen tube development	3	AT3G23380;AT3G26870;AT4G01370	5.12	2.2350838910430184	0.5859375	0.8606965174129353	172	138	200	1.0
CG	loss	GO:0048869	cellular developmental process	4	AT3G23380;AT3G26870;AT4G21060;AT5G26290	16.485	3.9622941586914	0.24264482863208978	1.0	200	138	200	1.0
CG	loss	GO:0050789	regulation of biological process	27	AT1G19510;AT1G21230;AT1G31640;AT1G34310;AT1G34390;AT1G34410;AT1G49190;AT1G55950;AT1G64480;AT1G75390;AT2G01900;AT2G05117;AT2G33380;AT2G42430;AT3G03260;AT3G25800;AT4G01370;AT4G04030;AT4G09960;AT4G14940;AT4G16860;AT4G18550;AT4G25530;AT5G23880;AT5G24655;AT5G26700;AT5G39690	102.31	8.643141789881758	0.2639038217183071	1.0	200	138	200	1.0
CG	loss	GO:0050793	regulation of developmental process	4	AT4G18550;AT4G25530;AT5G24655;AT5G26700	21.45	4.360905869197366	0.1864801864801865	1.0	200	138	200	1.0
CG	loss	GO:0050794	regulation of cellular process	24	AT1G19510;AT1G21230;AT1G31640;AT1G34310;AT1G34390;AT1G34410;AT1G49190;AT1G55950;AT1G64480;AT1G75390;AT2G01900;AT2G05117;AT2G33380;AT2G42430;AT3G03260;AT3G25800;AT4G01370;AT4G04030;AT4G09960;AT4G14940;AT4G16860;AT4G25530;AT5G23880;AT5G39690	92.86	8.147416768522401	0.2584535860435064	1.0	200	138	200	1.0
CG	loss	GO:0050896	response to stimulus	19	AT1G21230;AT1G21835;AT1G32450;AT1G34310;AT1G34390;AT1G34410;AT1G49190;AT1G64480;AT1G65990;AT1G70840;AT2G01900;AT2G05117;AT2G33380;AT2G42430;AT4G01370;AT4G14940;AT4G16860;AT5G24655;AT5G39770	114.69	8.280332118943118	0.1656639637283111	1.0	200	138	200	1.0
CG	loss	GO:0051179	localization	8	AT1G32450;AT2G16980;AT2G48130;AT3G16310;AT3G28345;AT3G30842;AT5G26700;AT5G58180	56.985	6.969560603079655	0.14038782135649733	1.0	200	138	200	1.0
CG	loss	GO:0051234	establishment of localization	8	AT1G32450;AT2G16980;AT2G48130;AT3G16310;AT3G28345;AT3G30842;AT5G26700;AT5G58180	53.865	6.73474387040812	0.1485194467650608	1.0	200	138	200	1.0
CG	loss	GO:0051239	regulation of multicellular organismal process	3	AT4G18550;AT4G25530;AT5G24655	12.33	3.324319479231805	0.24330900243309003	1.0	200	138	200	1.0
CG	loss	GO:0051252	regulation of RNA metabolic process	14	AT1G19510;AT1G31640;AT1G34310;AT1G34390;AT1G34410;AT1G49190;AT1G55950;AT1G75390;AT2G42430;AT3G03260;AT4G04030;AT4G09960;AT4G25530;AT5G39690	38.7	5.804308744372565	0.3617571059431524	1.0	200	138	200	1.0
CG	loss	GO:0051254	positive regulation of RNA metabolic process	3	AT1G31640;AT2G42430;AT4G09960	8.335	2.7042143036379325	0.3599280143971205	0.9950248756218906	199	138	200	1.0
CG	loss	GO:0051321	meiotic cell cycle	3	AT4G01370;AT5G26290;AT5G39770	4.96	2.393407612589213	0.6048387096774194	0.8507462686567164	170	138	200	1.0
CG	loss	GO:0051707	response to other organism	4	AT1G21835;AT2G33380;AT4G01370;AT4G16860	26.23	4.946422949971015	0.15249714067861228	1.0	200	138	200	1.0
CG	loss	GO:0051716	cellular response to stimulus	11	AT1G21230;AT1G49190;AT1G64480;AT1G65990;AT2G01900;AT2G05117;AT4G01370;AT4G14940;AT4G16860;AT5G24655;AT5G39770	52.92	6.468662922119199	0.20786092214663643	1.0	200	138	200	1.0
CG	loss	GO:0055085	transmembrane transport	4	AT1G32450;AT2G16980;AT3G28345;AT3G30842	30.75	5.483383991660624	0.13008130081300814	1.0	200	138	200	1.0
CG	loss	GO:0060255	regulation of macromolecule metabolic process	15	AT1G19510;AT1G31640;AT1G34310;AT1G34390;AT1G34410;AT1G49190;AT1G55950;AT1G75390;AT2G42430;AT3G03260;AT4G04030;AT4G09960;AT4G25530;AT5G23880;AT5G39690	53.425	6.351722207401716	0.28076743097800655	1.0	200	138	200	1.0
CG	loss	GO:0060560	developmental growth involved in morphogenesis	3	AT3G23380;AT3G26870;AT4G12420	8.5	2.7928480087537877	0.35294117647058826	0.9950248756218906	199	138	200	1.0
CG	loss	GO:0061458	reproductive system development	3	AT2G48130;AT4G09960;AT4G24660	29.895	5.6492455248466635	0.10035122930255896	1.0	200	138	200	1.0
CG	loss	GO:0065007	biological regulation	30	AT1G19510;AT1G21230;AT1G31640;AT1G34310;AT1G34390;AT1G34410;AT1G49190;AT1G55950;AT1G64480;AT1G75390;AT2G01900;AT2G05117;AT2G33380;AT2G42430;AT3G03260;AT3G25800;AT4G01370;AT4G04030;AT4G09960;AT4G14940;AT4G16860;AT4G18550;AT4G25530;AT4G29740;AT5G23880;AT5G24655;AT5G26700;AT5G38450;AT5G39690;AT5G55250	106.88	8.578787793155893	0.280688622754491	1.0	200	138	200	1.0
CG	loss	GO:0065008	regulation of biological quality	3	AT4G29740;AT5G38450;AT5G55250	11.215	3.146231873209604	0.26749888542131073	1.0	200	138	200	1.0
CG	loss	GO:0070887	cellular response to chemical stimulus	6	AT1G49190;AT1G65990;AT2G01900;AT4G01370;AT4G14940;AT5G24655	24.58	4.715251849053242	0.24410089503661514	1.0	200	138	200	1.0
CG	loss	GO:0071495	cellular response to endogenous stimulus	3	AT1G49190;AT4G01370;AT4G14940	11.76	3.231470253615221	0.25510204081632654	0.9950248756218906	199	138	200	1.0
CG	loss	GO:0071554	cell wall organization or biogenesis	7	AT1G23720;AT3G54580;AT4G03930;AT4G09960;AT4G21060;AT4G28850;AT5G27870	9.925	3.2061464408226876	0.7052896725440806	0.8507462686567164	170	138	200	1.0
CG	loss	GO:0071555	cell wall organization	4	AT1G23720;AT3G54580;AT4G03930;AT5G27870	6.09	2.4107882528335005	0.6568144499178982	0.8407960199004975	168	138	200	1.0
CG	loss	GO:0071669	plant-type cell wall organization or biogenesis	3	AT1G23720;AT3G54580;AT4G09960	5.535	2.584332602433362	0.5420054200542005	0.8955223880597015	179	138	200	1.0
CG	loss	GO:0071840	cellular component organization or biogenesis	13	AT1G23720;AT2G17900;AT2G39140;AT3G46000;AT3G54580;AT4G01370;AT4G03930;AT4G21060;AT4G28850;AT5G23120;AT5G27870;AT5G39770;AT5G58180	58.035	6.6237281798093495	0.22400275695700872	1.0	200	138	200	1.0
CG	loss	GO:0080090	regulation of primary metabolic process	14	AT1G19510;AT1G31640;AT1G34310;AT1G34390;AT1G34410;AT1G49190;AT1G55950;AT1G75390;AT2G42430;AT3G03260;AT4G04030;AT4G09960;AT4G25530;AT5G39690	47.23	6.112863486125009	0.296421765826805	1.0	200	138	200	1.0
CG	loss	GO:0090304	nucleic acid metabolic process	6	AT2G39140;AT4G39280;AT5G23880;AT5G39770;AT5G39920;AT5G49010	39.485	6.0786326587481865	0.15195643915410917	1.0	200	138	200	1.0
CG	loss	GO:0099402	plant organ development	4	AT1G32450;AT2G42430;AT4G09960;AT4G21060	28.825	4.994434402412353	0.13876843018213356	1.0	200	138	200	1.0
CG	loss	GO:0141187	nucleic acid biosynthetic process	3	AT2G39140;AT5G23880;AT5G39920	20.975	4.469270074631869	0.1430274135876043	1.0	200	138	200	1.0
CG	loss	GO:0160109	plant gross anatomical part developmental process	11	AT1G32450;AT2G38195;AT2G42430;AT2G48130;AT4G01370;AT4G09960;AT4G14940;AT4G21060;AT4G24660;AT5G26290;AT5G54790	57.235	7.07529328014042	0.19219009347427274	1.0	200	138	200	1.0
CG	loss	GO:0160307	protein biosynthetic process	4	AT2G07715;AT2G39140;AT4G39280;AT5G64140	7.185	2.600149034190156	0.5567153792623522	0.9353233830845771	187	138	200	1.0
CG	loss	GO:1901700	response to oxygen-containing compound	4	AT1G32450;AT2G33380;AT4G01370;AT4G14940	34.64	5.353540884311988	0.11547344110854503	1.0	200	138	200	1.0
CG	loss	GO:1902680	positive regulation of RNA biosynthetic process	3	AT1G31640;AT2G42430;AT4G09960	7.33	2.636493883929943	0.4092769440654843	0.9751243781094527	195	138	200	1.0
CG	loss	GO:1903046	meiotic cell cycle process	3	AT4G01370;AT5G26290;AT5G39770	4.49	2.2405133340375363	0.6681514476614699	0.8208955223880597	164	138	200	1.0
CG	loss	GO:2000026	regulation of multicellular organismal development	3	AT4G18550;AT4G25530;AT5G24655	10.275	3.0445648293311143	0.291970802919708	1.0	200	138	200	1.0
CG	loss	GO:2000241	regulation of reproductive process	3	AT4G09960;AT4G25530;AT5G24655	6.925	2.376841391426866	0.4332129963898917	0.9900497512437811	198	138	200	1.0
CG	loss	GO:2000377	regulation of reactive oxygen species metabolic process	3	AT2G01900;AT2G33380;AT4G01370	1.43	1.151129879726871	2.097902097902098	0.17412935323383086	34	138	200	1.0
CG	loss	GO:2001141	regulation of RNA biosynthetic process	14	AT1G19510;AT1G31640;AT1G34310;AT1G34390;AT1G34410;AT1G49190;AT1G55950;AT1G75390;AT2G42430;AT3G03260;AT4G04030;AT4G09960;AT4G25530;AT5G39690	37.105	5.709989054280246	0.37730764047971976	1.0	200	138	200	1.0
CHG	gain	GO:0000272	polysaccharide catabolic process	5	AT1G44980;AT1G69940;AT2G36710;AT3G10900;AT5G18990	4.615	2.0265179495874195	1.0834236186348862	0.46766169154228854	93	172	200	1.0
CHG	gain	GO:0000902	cell morphogenesis	4	AT1G26960;AT1G69940;AT2G25630;AT3G23380	13.965	3.5473616956831457	0.2864303616183315	1.0	200	172	200	1.0
CHG	gain	GO:0003006	developmental process involved in reproduction	14	AT1G19890;AT1G55540;AT1G67990;AT1G69940;AT1G76500;AT2G25630;AT3G07610;AT3G23380;AT3G46330;AT4G23100;AT5G22260;AT5G23040;AT5G57790;AT5G62165	49.635	6.498597925706759	0.28205903092575807	1.0	200	172	200	1.0
CHG	gain	GO:0005975	carbohydrate metabolic process	14	AT1G17150;AT1G32180;AT1G44980;AT1G69940;AT1G71930;AT2G25630;AT2G36710;AT3G10900;AT3G42153;AT3G60140;AT4G23560;AT4G28850;AT5G18990;AT5G42260	30.335	4.666130623975278	0.4615131036756222	1.0	200	172	200	1.0
CHG	gain	GO:0005976	polysaccharide metabolic process	8	AT1G32180;AT1G44980;AT1G69940;AT1G71930;AT2G36710;AT3G10900;AT4G28850;AT5G18990	15.225	3.6625639926150106	0.5254515599343186	1.0	200	172	200	1.0
CHG	gain	GO:0006139	nucleobase-containing compound metabolic process	3	AT1G53490;AT2G24490;AT5G39770	67.965	6.000314575086811	0.044140366365040824	1.0	200	172	200	1.0
CHG	gain	GO:0006259	DNA metabolic process	3	AT1G53490;AT2G24490;AT5G39770	17.2	3.9319206502675046	0.1744186046511628	1.0	200	172	200	1.0
CHG	gain	GO:0006310	DNA recombination	3	AT1G53490;AT2G24490;AT5G39770	6.63	2.530434745256238	0.45248868778280543	0.9502487562189055	190	172	200	1.0
CHG	gain	GO:0006355	regulation of DNA-templated transcription	14	AT1G26960;AT1G34170;AT1G34310;AT1G34390;AT1G34410;AT1G35240;AT1G35540;AT1G49190;AT1G71930;AT1G76500;AT2G10440;AT4G04030;AT5G22260;AT5G62165	52.065	7.553858285670967	0.26889465091712283	1.0	200	172	200	1.0
CHG	gain	GO:0006357	regulation of transcription by RNA polymerase II	3	AT1G26960;AT1G76500;AT5G62165	7.695	2.782440475553789	0.3898635477582846	0.9800995024875622	196	172	200	1.0
CHG	gain	GO:0006810	transport	5	AT1G55540;AT2G42005;AT4G02700;AT5G24290;AT5G37500	73.135	7.542332198995151	0.06836671908115129	1.0	200	172	200	1.0
CHG	gain	GO:0006950	response to stress	18	AT1G23310;AT1G33910;AT1G52940;AT1G64790;AT1G69940;AT1G71930;AT2G01150;AT2G17690;AT2G18660;AT2G24490;AT3G45140;AT4G19330;AT4G23100;AT4G35770;AT5G22500;AT5G37500;AT5G39770;AT5G53120	98.53	8.848677867342577	0.1826854765046179	1.0	200	172	200	1.0
CHG	gain	GO:0006952	defense response	7	AT1G52940;AT1G64790;AT1G69940;AT1G71930;AT2G18660;AT4G23100;AT5G53120	31.695	5.825974167467623	0.22085502445180627	1.0	200	172	200	1.0
CHG	gain	GO:0006996	organelle organization	7	AT1G24490;AT1G44575;AT1G53490;AT4G34090;AT5G23040;AT5G23120;AT5G39770	39.105	5.891856668317732	0.17900524229638154	1.0	200	172	200	1.0
CHG	gain	GO:0007049	cell cycle	6	AT1G53490;AT2G38195;AT2G38220;AT4G08630;AT5G39770;AT5G57790	14.895	3.663874315529944	0.4028197381671702	0.9950248756218906	199	172	200	1.0
CHG	gain	GO:0007154	cell communication	5	AT1G21230;AT1G33910;AT1G49005;AT1G49190;AT4G16295	39.185	5.854124614321063	0.12759984688018375	1.0	200	172	200	1.0
CHG	gain	GO:0007165	signal transduction	3	AT1G21230;AT1G33910;AT1G49190	37.295	5.749606508275129	0.08043973723019171	1.0	200	172	200	1.0
CHG	gain	GO:0007275	multicellular organism development	16	AT1G19890;AT1G26960;AT1G49005;AT1G55540;AT1G67990;AT1G76500;AT2G38195;AT2G38220;AT3G07610;AT3G46330;AT4G19330;AT4G23100;AT5G22260;AT5G23040;AT5G57790;AT5G62165	85.395	8.426088950396936	0.18736459980092512	1.0	200	172	200	1.0
CHG	gain	GO:0008152	metabolic process	35	AT1G17150;AT1G23310;AT1G32180;AT1G44980;AT1G53490;AT1G67980;AT1G67990;AT1G69940;AT1G71920;AT1G71930;AT2G01150;AT2G18660;AT2G24490;AT2G25630;AT2G30920;AT2G36710;AT2G38195;AT2G38220;AT3G10900;AT3G42153;AT3G42550;AT3G45140;AT3G60140;AT4G23100;AT4G23560;AT4G28850;AT5G18990;AT5G22500;AT5G23040;AT5G28550;AT5G39770;AT5G40850;AT5G42260;AT5G53120;AT5G56970	216.525	9.712845875437123	0.16164415194550283	1.0	200	172	200	1.0
CHG	gain	GO:0009056	catabolic process	8	AT1G23310;AT1G44980;AT1G69940;AT2G36710;AT3G10900;AT5G18990;AT5G39770;AT5G56970	33.51	5.726246589171673	0.23873470605789318	1.0	200	172	200	1.0
CHG	gain	GO:0009057	macromolecule catabolic process	6	AT1G44980;AT1G69940;AT2G36710;AT3G10900;AT5G18990;AT5G39770	18.275	4.269587216581956	0.32831737346101236	1.0	200	172	200	1.0
CHG	gain	GO:0009058	biosynthetic process	12	AT1G23310;AT1G32180;AT1G67980;AT1G67990;AT1G71920;AT2G30920;AT3G45140;AT4G23100;AT5G22500;AT5G23040;AT5G40850;AT5G53120	106.0	8.024337978923832	0.11320754716981132	1.0	200	172	200	1.0
CHG	gain	GO:0009266	response to temperature stimulus	5	AT1G33910;AT2G17690;AT4G19330;AT4G23100;AT5G37500	20.01	4.802072469257405	0.2498750624687656	1.0	200	172	200	1.0
CHG	gain	GO:0009314	response to radiation	6	AT1G44575;AT1G76500;AT2G36750;AT4G40100;AT5G23040;AT5G40850	25.46	4.352975993501444	0.2356637863315004	1.0	200	172	200	1.0
CHG	gain	GO:0009408	response to heat	3	AT1G33910;AT2G17690;AT4G23100	8.445	3.205772137878797	0.3552397868561279	0.9850746268656716	197	172	200	1.0
CHG	gain	GO:0009416	response to light stimulus	6	AT1G44575;AT1G76500;AT2G36750;AT4G40100;AT5G23040;AT5G40850	23.93	4.1851045387182335	0.25073129962390306	1.0	200	172	200	1.0
CHG	gain	GO:0009555	pollen development	6	AT1G19890;AT2G38195;AT2G38220;AT3G07610;AT5G22260;AT5G57790	14.64	3.827584094438679	0.4098360655737705	1.0	200	172	200	1.0
CHG	gain	GO:0009605	response to external stimulus	9	AT1G52940;AT1G64790;AT1G69940;AT1G71930;AT2G15480;AT2G18660;AT3G45140;AT4G23100;AT5G53120	44.62	5.857098257669931	0.20170327207530256	1.0	200	172	200	1.0
CHG	gain	GO:0009607	response to biotic stimulus	9	AT1G52940;AT1G64790;AT1G69940;AT1G71930;AT2G15480;AT2G18660;AT3G45140;AT4G23100;AT5G53120	37.925	5.825751024546119	0.23731048121292025	1.0	200	172	200	1.0
CHG	gain	GO:0009611	response to wounding	3	AT3G45140;AT4G35770;AT5G22500	7.77	2.677144000609607	0.3861003861003861	0.9950248756218906	199	172	200	1.0
CHG	gain	GO:0009617	response to bacterium	6	AT1G52940;AT1G64790;AT1G69940;AT3G45140;AT4G23100;AT5G53120	17.01	3.8961391145594275	0.3527336860670194	1.0	200	172	200	1.0
CHG	gain	GO:0009620	response to fungus	4	AT1G52940;AT1G71930;AT3G45140;AT4G23100	10.925	3.1653396342256834	0.36613272311212813	1.0	200	172	200	1.0
CHG	gain	GO:0009628	response to abiotic stimulus	15	AT1G23310;AT1G33910;AT1G44575;AT1G76500;AT2G01150;AT2G17690;AT2G36750;AT3G45140;AT4G19330;AT4G23100;AT4G40100;AT5G22500;AT5G23040;AT5G37500;AT5G40850	67.77	7.717324665970773	0.2213368747233289	1.0	200	172	200	1.0
CHG	gain	GO:0009653	anatomical structure morphogenesis	6	AT1G26960;AT1G49005;AT1G69940;AT2G25630;AT3G23380;AT5G22260	35.43	5.2359430860161345	0.1693480101608806	1.0	200	172	200	1.0
CHG	gain	GO:0009657	plastid organization	5	AT1G24490;AT1G44575;AT4G34090;AT5G23040;AT5G23120	9.32	2.987908967823484	0.5364806866952789	0.9502487562189055	190	172	200	1.0
CHG	gain	GO:0009658	chloroplast organization	3	AT1G24490;AT4G34090;AT5G23040	6.865	2.454949082975042	0.43699927166788055	0.9651741293532339	193	172	200	1.0
CHG	gain	GO:0009664	plant-type cell wall organization	4	AT1G23720;AT3G28550;AT3G54580;AT5G06630	4.355	1.956776686287936	0.9184845005740527	0.6616915422885572	132	172	200	1.0
CHG	gain	GO:0009698	phenylpropanoid metabolic process	3	AT1G67980;AT1G67990;AT5G22500	3.955	2.1501104622786245	0.7585335018963337	0.7562189054726368	151	172	200	1.0
CHG	gain	GO:0009699	phenylpropanoid biosynthetic process	3	AT1G67980;AT1G67990;AT5G22500	2.69	1.736058754766094	1.1152416356877324	0.4925373134328358	98	172	200	1.0
CHG	gain	GO:0009719	response to endogenous stimulus	16	AT1G26960;AT1G34170;AT1G34310;AT1G34390;AT1G34410;AT1G35240;AT1G35540;AT1G49190;AT1G71930;AT3G45140;AT4G23100;AT4G35770;AT5G22260;AT5G24240;AT5G24290;AT5G37500	39.84	5.858702928123233	0.4016064257028112	1.0	200	172	200	1.0
CHG	gain	GO:0009725	response to hormone	16	AT1G26960;AT1G34170;AT1G34310;AT1G34390;AT1G34410;AT1G35240;AT1G35540;AT1G49190;AT1G71930;AT3G45140;AT4G23100;AT4G35770;AT5G22260;AT5G24240;AT5G24290;AT5G37500	39.725	5.904182839309753	0.40276903713027057	1.0	200	172	200	1.0
CHG	gain	GO:0009737	response to abscisic acid	3	AT1G71930;AT5G24240;AT5G37500	15.775	3.621377500344305	0.1901743264659271	1.0	200	172	200	1.0
CHG	gain	GO:0009753	response to jasmonic acid	5	AT3G45140;AT4G23100;AT4G35770;AT5G24290;AT5G37500	6.315	2.340037392863625	0.791765637371338	0.7761194029850746	155	172	200	1.0
CHG	gain	GO:0009791	post-embryonic development	11	AT1G26960;AT1G55540;AT1G67990;AT1G76500;AT3G07610;AT3G46330;AT4G19330;AT4G23100;AT5G22260;AT5G23040;AT5G62165	50.305	6.931953187955027	0.21866613656694164	1.0	200	172	200	1.0
CHG	gain	GO:0009793	embryo development ending in seed dormancy	3	AT1G55540;AT3G46330;AT5G23040	16.275	3.987402036414189	0.18433179723502305	1.0	200	172	200	1.0
CHG	gain	GO:0009826	unidimensional cell growth	4	AT1G26960;AT1G69940;AT2G25630;AT3G23380	10.465	3.04117986972162	0.3822264691829909	0.9950248756218906	199	172	200	1.0
CHG	gain	GO:0009856	pollination	5	AT1G69940;AT2G25630;AT3G23380;AT4G16295;AT5G22260	9.765	3.0593749361593456	0.5120327700972862	0.9651741293532339	193	172	200	1.0
CHG	gain	GO:0009860	pollen tube growth	3	AT1G69940;AT2G25630;AT3G23380	4.92	2.1362584113351084	0.6097560975609756	0.8855721393034826	177	172	200	1.0
CHG	gain	GO:0009889	regulation of biosynthetic process	16	AT1G26960;AT1G34170;AT1G34310;AT1G34390;AT1G34410;AT1G35240;AT1G35540;AT1G49190;AT1G71930;AT1G76500;AT2G10440;AT3G07610;AT4G04030;AT5G22260;AT5G40850;AT5G62165	75.04	8.802749570446684	0.21321961620469082	1.0	200	172	200	1.0
CHG	gain	GO:0009890	negative regulation of biosynthetic process	3	AT1G76500;AT3G07610;AT4G04030	19.225	4.259621462055046	0.15604681404421325	1.0	200	172	200	1.0
CHG	gain	GO:0009891	positive regulation of biosynthetic process	5	AT1G71930;AT2G10440;AT5G22260;AT5G40850;AT5G62165	15.22	3.9053296915881504	0.328515111695138	1.0	200	172	200	1.0
CHG	gain	GO:0009892	negative regulation of metabolic process	3	AT1G76500;AT3G07610;AT4G04030	21.965	4.5435421204166255	0.13658092419758708	1.0	200	172	200	1.0
CHG	gain	GO:0009893	positive regulation of metabolic process	5	AT1G71930;AT2G10440;AT5G22260;AT5G40850;AT5G62165	18.145	4.015466971598699	0.2755580049600441	1.0	200	172	200	1.0
CHG	gain	GO:0009908	flower development	4	AT3G07610;AT4G23100;AT5G22260;AT5G62165	13.235	3.7483029493358737	0.3022289384208538	1.0	200	172	200	1.0
CHG	gain	GO:0009932	cell tip growth	4	AT1G26960;AT1G69940;AT2G25630;AT3G23380	6.38	2.46487322189195	0.6269592476489029	0.9104477611940298	182	172	200	1.0
CHG	gain	GO:0009987	cellular process	63	AT1G14110;AT1G17150;AT1G19890;AT1G21230;AT1G23310;AT1G23720;AT1G24490;AT1G26960;AT1G32180;AT1G33910;AT1G44575;AT1G44980;AT1G49005;AT1G49190;AT1G53490;AT1G55540;AT1G67980;AT1G67990;AT1G69940;AT1G71920;AT1G71930;AT2G01150;AT2G18660;AT2G24490;AT2G25630;AT2G30920;AT2G36710;AT2G38195;AT2G38220;AT2G42005;AT3G07610;AT3G10900;AT3G23380;AT3G28550;AT3G42153;AT3G42550;AT3G45140;AT3G54580;AT3G60140;AT4G02700;AT4G08630;AT4G14140;AT4G16295;AT4G23100;AT4G23560;AT4G28850;AT4G34090;AT5G02370;AT5G06630;AT5G18990;AT5G22260;AT5G22500;AT5G23040;AT5G23120;AT5G24290;AT5G28550;AT5G37500;AT5G39770;AT5G40850;AT5G42260;AT5G53120;AT5G56970;AT5G57790	355.205	9.824610679310117	0.17736236820990697	1.0	200	172	200	1.0
CHG	gain	GO:0010154	fruit development	4	AT1G55540;AT1G67990;AT3G46330;AT5G23040	23.535	4.736958412314814	0.16995963458678565	1.0	200	172	200	1.0
CHG	gain	GO:0010468	regulation of gene expression	15	AT1G26960;AT1G34170;AT1G34310;AT1G34390;AT1G34410;AT1G35240;AT1G35540;AT1G49190;AT1G71930;AT1G76500;AT2G10440;AT3G07610;AT4G04030;AT5G22260;AT5G62165	69.32	8.651450745395305	0.21638776687824585	1.0	200	172	200	1.0
CHG	gain	GO:0010556	regulation of macromolecule biosynthetic process	15	AT1G26960;AT1G34170;AT1G34310;AT1G34390;AT1G34410;AT1G35240;AT1G35540;AT1G49190;AT1G71930;AT1G76500;AT2G10440;AT3G07610;AT4G04030;AT5G22260;AT5G62165	70.875	8.693639916628722	0.21164021164021163	1.0	200	172	200	1.0
CHG	gain	GO:0010557	positive regulation of macromolecule biosynthetic process	4	AT1G71930;AT2G10440;AT5G22260;AT5G62165	13.13	3.5458567370947156	0.30464584920030463	1.0	200	172	200	1.0
CHG	gain	GO:0010558	negative regulation of macromolecule biosynthetic process	3	AT1G76500;AT3G07610;AT4G04030	18.78	4.244007540049844	0.1597444089456869	1.0	200	172	200	1.0
CHG	gain	GO:0010604	positive regulation of macromolecule metabolic process	4	AT1G71930;AT2G10440;AT5G22260;AT5G62165	15.355	3.780076057435881	0.2605014653207424	1.0	200	172	200	1.0
CHG	gain	GO:0010605	negative regulation of macromolecule metabolic process	3	AT1G76500;AT3G07610;AT4G04030	20.325	4.336977634251766	0.14760147601476015	1.0	200	172	200	1.0
CHG	gain	GO:0016043	cellular component organization	18	AT1G23720;AT1G24490;AT1G44575;AT1G44980;AT1G53490;AT1G69940;AT2G36710;AT3G07610;AT3G28550;AT3G54580;AT4G23100;AT4G34090;AT5G06630;AT5G18990;AT5G22260;AT5G23040;AT5G23120;AT5G39770	75.34	8.022119420701749	0.2389169100079639	1.0	200	172	200	1.0
CHG	gain	GO:0016049	cell growth	4	AT1G26960;AT1G69940;AT2G25630;AT3G23380	14.035	3.5190588230377755	0.2850017812611329	1.0	200	172	200	1.0
CHG	gain	GO:0016052	carbohydrate catabolic process	5	AT1G44980;AT1G69940;AT2G36710;AT3G10900;AT5G18990	6.65	2.4305349205473266	0.7518796992481203	0.7910447761194029	158	172	200	1.0
CHG	gain	GO:0016567	protein ubiquitination	4	AT1G53490;AT2G01150;AT2G38195;AT2G38220	17.48	4.328925963792866	0.22883295194508008	1.0	200	172	200	1.0
CHG	gain	GO:0019219	regulation of nucleobase-containing compound metabolic process	14	AT1G26960;AT1G34170;AT1G34310;AT1G34390;AT1G34410;AT1G35240;AT1G35540;AT1G49190;AT1G71930;AT1G76500;AT2G10440;AT4G04030;AT5G22260;AT5G62165	57.34	7.916716491071274	0.24415765608650156	1.0	200	172	200	1.0
CHG	gain	GO:0019222	regulation of metabolic process	16	AT1G26960;AT1G34170;AT1G34310;AT1G34390;AT1G34410;AT1G35240;AT1G35540;AT1G49190;AT1G71930;AT1G76500;AT2G10440;AT3G07610;AT4G04030;AT5G22260;AT5G40850;AT5G62165	84.41	9.484297549107206	0.18955100106622438	1.0	200	172	200	1.0
CHG	gain	GO:0019538	protein metabolic process	7	AT1G53490;AT2G01150;AT2G38195;AT2G38220;AT3G42550;AT5G23040;AT5G28550	67.225	7.79963941474222	0.10412792859799183	1.0	200	172	200	1.0
CHG	gain	GO:0019748	secondary metabolic process	4	AT1G67980;AT1G67990;AT4G23100;AT5G22500	5.765	2.471795905814232	0.6938421509106678	0.8407960199004975	168	172	200	1.0
CHG	gain	GO:0019752	carboxylic acid metabolic process	3	AT1G23310;AT1G71920;AT3G45140	23.785	4.899874998405573	0.12612991381122557	1.0	200	172	200	1.0
CHG	gain	GO:0019953	sexual reproduction	4	AT1G19890;AT1G53490;AT5G39770;AT5G57790	8.905	2.8785369547740753	0.4491858506457047	0.9800995024875622	196	172	200	1.0
CHG	gain	GO:0022402	cell cycle process	4	AT1G53490;AT4G08630;AT5G39770;AT5G57790	14.135	3.6230891515390575	0.2829854969932791	1.0	200	172	200	1.0
CHG	gain	GO:0022414	reproductive process	17	AT1G19890;AT1G53490;AT1G55540;AT1G67990;AT1G69940;AT1G76500;AT2G25630;AT3G07610;AT3G23380;AT3G46330;AT4G16295;AT4G23100;AT5G22260;AT5G23040;AT5G39770;AT5G57790;AT5G62165	56.545	7.137084488781103	0.3006455035812185	1.0	200	172	200	1.0
CHG	gain	GO:0022607	cellular component assembly	5	AT1G53490;AT3G07610;AT4G34090;AT5G22260;AT5G23120	21.465	3.910086316182808	0.23293733985557885	1.0	200	172	200	1.0
CHG	gain	GO:0023052	signaling	4	AT1G21230;AT1G33910;AT1G49005;AT1G49190	37.85	5.84273052604686	0.10568031704095111	1.0	200	172	200	1.0
CHG	gain	GO:0030154	cell differentiation	7	AT1G19890;AT1G26960;AT1G49005;AT1G69940;AT1G71930;AT2G25630;AT3G23380	20.065	3.9687246062179695	0.34886618489907795	1.0	200	172	200	1.0
CHG	gain	GO:0032446	protein modification by small protein conjugation	4	AT1G53490;AT2G01150;AT2G38195;AT2G38220	18.465	4.513177926915797	0.2166260492824262	1.0	200	172	200	1.0
CHG	gain	GO:0032501	multicellular organismal process	20	AT1G19890;AT1G26960;AT1G49005;AT1G55540;AT1G67990;AT1G69940;AT1G76500;AT2G25630;AT2G38195;AT2G38220;AT3G07610;AT3G23380;AT3G46330;AT4G16295;AT4G19330;AT4G23100;AT5G22260;AT5G23040;AT5G57790;AT5G62165	94.285	8.550074561078377	0.21212281911226602	1.0	200	172	200	1.0
CHG	gain	GO:0032502	developmental process	20	AT1G19890;AT1G26960;AT1G49005;AT1G55540;AT1G67990;AT1G69940;AT1G71930;AT1G76500;AT2G25630;AT2G38195;AT2G38220;AT3G07610;AT3G23380;AT3G46330;AT4G19330;AT4G23100;AT5G22260;AT5G23040;AT5G57790;AT5G62165	100.815	8.897796075433437	0.19838317710658138	1.0	200	172	200	1.0
CHG	gain	GO:0032870	cellular response to hormone stimulus	3	AT1G49190;AT1G71930;AT5G22260	16.835	3.833767729010194	0.1782001782001782	1.0	200	172	200	1.0
CHG	gain	GO:0033036	macromolecule localization	3	AT1G24490;AT1G55540;AT4G23100	23.385	4.299624983646826	0.12828736369467605	1.0	200	172	200	1.0
CHG	gain	GO:0033554	cellular response to stress	5	AT1G33910;AT2G01150;AT2G24490;AT4G23100;AT5G39770	31.845	5.454445434689034	0.15701051970482022	1.0	200	172	200	1.0
CHG	gain	GO:0033993	response to lipid	9	AT1G26960;AT1G71930;AT3G45140;AT4G23100;AT4G35770;AT5G22260;AT5G24240;AT5G24290;AT5G37500	26.785	4.666773510681657	0.3360089602389397	1.0	200	172	200	1.0
CHG	gain	GO:0036211	protein modification process	4	AT1G53490;AT2G01150;AT2G38195;AT2G38220	31.005	5.46580049032162	0.12901144976616674	1.0	200	172	200	1.0
CHG	gain	GO:0040007	growth	4	AT1G26960;AT1G69940;AT2G25630;AT3G23380	17.18	4.034550780446319	0.23282887077997672	1.0	200	172	200	1.0
CHG	gain	GO:0042221	response to chemical	17	AT1G26960;AT1G34170;AT1G34310;AT1G34390;AT1G34410;AT1G35240;AT1G35540;AT1G49190;AT1G71930;AT2G01150;AT3G45140;AT4G23100;AT4G35770;AT5G22260;AT5G24240;AT5G24290;AT5G37500	79.3	7.61248973726729	0.21437578814627994	1.0	200	172	200	1.0
CHG	gain	GO:0042545	cell wall modification	5	AT1G44980;AT1G69940;AT2G36710;AT4G23100;AT5G18990	5.01	2.172533083752697	0.9980039920159681	0.5323383084577115	106	172	200	1.0
CHG	gain	GO:0042742	defense response to bacterium	5	AT1G52940;AT1G64790;AT1G69940;AT4G23100;AT5G53120	12.785	3.6109243968823255	0.39108330074305825	0.9950248756218906	199	172	200	1.0
CHG	gain	GO:0043170	macromolecule metabolic process	17	AT1G32180;AT1G44980;AT1G53490;AT1G69940;AT1G71930;AT2G01150;AT2G24490;AT2G36710;AT2G38195;AT2G38220;AT3G10900;AT3G42550;AT4G28850;AT5G18990;AT5G23040;AT5G28550;AT5G39770	134.765	9.325758682273793	0.12614551255889883	1.0	200	172	200	1.0
CHG	gain	GO:0043207	response to external biotic stimulus	9	AT1G52940;AT1G64790;AT1G69940;AT1G71930;AT2G15480;AT2G18660;AT3G45140;AT4G23100;AT5G53120	37.74	5.800206892861663	0.23847376788553257	1.0	200	172	200	1.0
CHG	gain	GO:0043412	macromolecule modification	4	AT1G53490;AT2G01150;AT2G38195;AT2G38220	41.19	5.969413706554461	0.09711094925952901	1.0	200	172	200	1.0
CHG	gain	GO:0043436	oxoacid metabolic process	4	AT1G23310;AT1G71920;AT3G45140;AT4G23100	26.245	5.208164263922553	0.1524099828538769	1.0	200	172	200	1.0
CHG	gain	GO:0043687	post-translational protein modification	4	AT1G53490;AT2G01150;AT2G38195;AT2G38220	21.5	4.69041575982343	0.18604651162790697	1.0	200	172	200	1.0
CHG	gain	GO:0044085	cellular component biogenesis	7	AT1G14110;AT1G53490;AT3G07610;AT4G28850;AT4G34090;AT5G22260;AT5G23120	31.215	4.891704713083157	0.22425116130065673	1.0	200	172	200	1.0
CHG	gain	GO:0044238	primary metabolic process	26	AT1G17150;AT1G23310;AT1G32180;AT1G44980;AT1G53490;AT1G69940;AT1G71920;AT1G71930;AT2G01150;AT2G24490;AT2G25630;AT2G36710;AT2G38195;AT2G38220;AT3G10900;AT3G42153;AT3G42550;AT3G45140;AT3G60140;AT4G23560;AT4G28850;AT5G18990;AT5G23040;AT5G28550;AT5G39770;AT5G42260	188.875	9.194529623640369	0.13765718067504965	1.0	200	172	200	1.0
CHG	gain	GO:0044281	small molecule metabolic process	5	AT1G23310;AT1G71920;AT2G30920;AT3G45140;AT4G23100	40.68	6.051247805205141	0.12291052114060964	1.0	200	172	200	1.0
CHG	gain	GO:0044283	small molecule biosynthetic process	4	AT1G23310;AT1G71920;AT2G30920;AT3G45140	17.19	4.27128786199197	0.23269342641070387	1.0	200	172	200	1.0
CHG	gain	GO:0044419	biological process involved in interspecies interaction between organisms	9	AT1G52940;AT1G64790;AT1G69940;AT1G71930;AT2G15480;AT2G18660;AT3G45140;AT4G23100;AT5G53120	38.15	5.8904583862378646	0.235910878112713	1.0	200	172	200	1.0
CHG	gain	GO:0044550	secondary metabolite biosynthetic process	4	AT1G67980;AT1G67990;AT4G23100;AT5G22500	3.2	1.878829422805593	1.25	0.3880597014925373	77	172	200	1.0
CHG	gain	GO:0044706	multi-multicellular organism process	5	AT1G69940;AT2G25630;AT3G23380;AT4G16295;AT5G22260	9.765	3.0593749361593456	0.5120327700972862	0.9651741293532339	193	172	200	1.0
CHG	gain	GO:0045229	external encapsulating structure organization	10	AT1G23720;AT1G44980;AT1G69940;AT2G36710;AT3G28550;AT3G54580;AT4G23100;AT5G06630;AT5G18990;AT5G22260	10.355	3.0771699660564718	0.9657170449058425	0.5621890547263682	112	172	200	1.0
CHG	gain	GO:0045488	pectin metabolic process	4	AT1G44980;AT1G69940;AT2G36710;AT5G18990	4.675	2.056544431807881	0.8556149732620321	0.6965174129353234	139	172	200	1.0
CHG	gain	GO:0045490	pectin catabolic process	4	AT1G44980;AT1G69940;AT2G36710;AT5G18990	2.455	1.4621815892699508	1.6293279022403258	0.23383084577114427	46	172	200	1.0
CHG	gain	GO:0045893	positive regulation of DNA-templated transcription	4	AT1G71930;AT2G10440;AT5G22260;AT5G62165	9.91	3.14672845984524	0.4036326942482341	0.9850746268656716	197	172	200	1.0
CHG	gain	GO:0046394	carboxylic acid biosynthetic process	3	AT1G23310;AT1G71920;AT3G45140	13.335	3.7152086078711606	0.22497187851518557	1.0	200	172	200	1.0
CHG	gain	GO:0048229	gametophyte development	6	AT1G19890;AT2G38195;AT2G38220;AT3G07610;AT5G22260;AT5G57790	18.965	4.18733507137893	0.3163722646981281	1.0	200	172	200	1.0
CHG	gain	GO:0048316	seed development	4	AT1G55540;AT1G67990;AT3G46330;AT5G23040	22.37	4.601423692728152	0.17881090746535538	1.0	200	172	200	1.0
CHG	gain	GO:0048367	shoot system development	4	AT3G07610;AT4G23100;AT5G22260;AT5G62165	26.145	4.842930414532096	0.15299292407726142	1.0	200	172	200	1.0
CHG	gain	GO:0048468	cell development	4	AT1G26960;AT1G69940;AT2G25630;AT3G23380	10.05	2.9474565306378966	0.3980099502487562	0.9850746268656716	197	172	200	1.0
CHG	gain	GO:0048518	positive regulation of biological process	8	AT1G71930;AT2G01150;AT2G10440;AT5G22260;AT5G23040;AT5G37500;AT5G40850;AT5G62165	34.205	5.47293111595607	0.23388393509720803	1.0	200	172	200	1.0
CHG	gain	GO:0048519	negative regulation of biological process	3	AT1G76500;AT3G07610;AT4G04030	37.165	5.650466794876341	0.08072110856989102	1.0	200	172	200	1.0
CHG	gain	GO:0048522	positive regulation of cellular process	8	AT1G71930;AT2G01150;AT2G10440;AT5G22260;AT5G23040;AT5G37500;AT5G40850;AT5G62165	26.43	4.790104382996264	0.3026863412788498	1.0	200	172	200	1.0
CHG	gain	GO:0048523	negative regulation of cellular process	3	AT1G76500;AT3G07610;AT4G04030	29.58	4.984335462225647	0.10141987829614606	1.0	200	172	200	1.0
CHG	gain	GO:0048588	developmental cell growth	4	AT1G26960;AT1G69940;AT2G25630;AT3G23380	7.59	2.5301976207403256	0.5270092226613966	0.9552238805970149	191	172	200	1.0
CHG	gain	GO:0048589	developmental growth	4	AT1G26960;AT1G69940;AT2G25630;AT3G23380	15.035	3.7448331070956917	0.2660458929165281	1.0	200	172	200	1.0
CHG	gain	GO:0048608	reproductive structure development	9	AT1G55540;AT1G67990;AT1G76500;AT3G07610;AT3G46330;AT4G23100;AT5G22260;AT5G23040;AT5G62165	41.155	6.332533063474666	0.21868545741708176	1.0	200	172	200	1.0
CHG	gain	GO:0048731	system development	11	AT1G26960;AT1G49005;AT1G55540;AT1G67990;AT1G76500;AT3G07610;AT3G46330;AT4G23100;AT5G22260;AT5G23040;AT5G62165	65.905	7.8495843839021	0.16690691146347014	1.0	200	172	200	1.0
CHG	gain	GO:0048827	phyllome development	3	AT3G07610;AT5G22260;AT5G62165	18.26	3.9752232641701997	0.16429353778751368	1.0	200	172	200	1.0
CHG	gain	GO:0048856	anatomical structure development	20	AT1G19890;AT1G26960;AT1G49005;AT1G55540;AT1G67990;AT1G69940;AT1G71930;AT1G76500;AT2G25630;AT2G38195;AT2G38220;AT3G07610;AT3G23380;AT3G46330;AT4G19330;AT4G23100;AT5G22260;AT5G23040;AT5G57790;AT5G62165	98.305	8.711026058966786	0.20344845124866487	1.0	200	172	200	1.0
CHG	gain	GO:0048868	pollen tube development	3	AT1G69940;AT2G25630;AT3G23380	6.945	2.5946049795681807	0.4319654427645788	0.9601990049751243	192	172	200	1.0
CHG	gain	GO:0048869	cellular developmental process	9	AT1G19890;AT1G26960;AT1G49005;AT1G69940;AT1G71930;AT2G25630;AT3G07610;AT3G23380;AT5G57790	22.44	4.197189535868006	0.40106951871657753	1.0	200	172	200	1.0
CHG	gain	GO:0050789	regulation of biological process	24	AT1G21230;AT1G26960;AT1G33910;AT1G34170;AT1G34310;AT1G34390;AT1G34410;AT1G35240;AT1G35540;AT1G49005;AT1G49190;AT1G71930;AT1G76500;AT2G01150;AT2G10440;AT3G07610;AT4G04030;AT4G40100;AT5G22260;AT5G23040;AT5G24240;AT5G37500;AT5G40850;AT5G62165	144.07	10.83074789661367	0.1665856875130145	1.0	200	172	200	1.0
CHG	gain	GO:0050793	regulation of developmental process	3	AT1G49005;AT5G24240;AT5G62165	30.31	5.082705972215989	0.09897723523589574	1.0	200	172	200	1.0
CHG	gain	GO:0050794	regulation of cellular process	23	AT1G21230;AT1G26960;AT1G33910;AT1G34170;AT1G34310;AT1G34390;AT1G34410;AT1G35240;AT1G35540;AT1G49005;AT1G49190;AT1G71930;AT1G76500;AT2G01150;AT2G10440;AT3G07610;AT4G04030;AT4G40100;AT5G22260;AT5G23040;AT5G37500;AT5G40850;AT5G62165	130.295	10.288244505259417	0.176522506619594	1.0	200	172	200	1.0
CHG	gain	GO:0050832	defense response to fungus	3	AT1G52940;AT1G71930;AT4G23100	8.05	2.8191310718020883	0.37267080745341613	0.9950248756218906	199	172	200	1.0
CHG	gain	GO:0050896	response to stimulus	37	AT1G21230;AT1G23310;AT1G26960;AT1G33910;AT1G34170;AT1G34310;AT1G34390;AT1G34410;AT1G35240;AT1G35540;AT1G44575;AT1G49190;AT1G52940;AT1G64790;AT1G69940;AT1G71930;AT1G76500;AT2G01150;AT2G15480;AT2G17690;AT2G18660;AT2G24490;AT2G36750;AT3G45140;AT4G19330;AT4G23100;AT4G35770;AT4G40100;AT5G22260;AT5G22500;AT5G23040;AT5G24240;AT5G24290;AT5G37500;AT5G39770;AT5G40850;AT5G53120	162.005	10.144208939094328	0.22838801271565692	1.0	200	172	200	1.0
CHG	gain	GO:0051179	localization	7	AT1G24490;AT1G55540;AT2G42005;AT4G02700;AT4G23100;AT5G24290;AT5G37500	79.425	7.402997703633348	0.0881334592382751	1.0	200	172	200	1.0
CHG	gain	GO:0051234	establishment of localization	5	AT1G55540;AT2G42005;AT4G02700;AT5G24290;AT5G37500	75.205	7.573174697575694	0.06648494116082708	1.0	200	172	200	1.0
CHG	gain	GO:0051252	regulation of RNA metabolic process	14	AT1G26960;AT1G34170;AT1G34310;AT1G34390;AT1G34410;AT1G35240;AT1G35540;AT1G49190;AT1G71930;AT1G76500;AT2G10440;AT4G04030;AT5G22260;AT5G62165	54.38	7.713339095359398	0.25744759102611253	1.0	200	172	200	1.0
CHG	gain	GO:0051254	positive regulation of RNA metabolic process	4	AT1G71930;AT2G10440;AT5G22260;AT5G62165	11.155	3.2849619480292316	0.3585835948005379	0.9900497512437811	198	172	200	1.0
CHG	gain	GO:0051321	meiotic cell cycle	3	AT1G53490;AT5G39770;AT5G57790	6.88	2.3612708442700936	0.436046511627907	0.9751243781094527	195	172	200	1.0
CHG	gain	GO:0051707	response to other organism	9	AT1G52940;AT1G64790;AT1G69940;AT1G71930;AT2G15480;AT2G18660;AT3G45140;AT4G23100;AT5G53120	37.74	5.800206892861663	0.23847376788553257	1.0	200	172	200	1.0
CHG	gain	GO:0051716	cellular response to stimulus	9	AT1G21230;AT1G33910;AT1G49190;AT1G71930;AT2G01150;AT2G24490;AT4G23100;AT5G22260;AT5G39770	73.425	7.465545860819616	0.12257405515832483	1.0	200	172	200	1.0
CHG	gain	GO:0055085	transmembrane transport	4	AT2G42005;AT4G02700;AT5G24290;AT5G37500	42.34	6.328854556710856	0.09447331128956069	1.0	200	172	200	1.0
CHG	gain	GO:0060255	regulation of macromolecule metabolic process	15	AT1G26960;AT1G34170;AT1G34310;AT1G34390;AT1G34410;AT1G35240;AT1G35540;AT1G49190;AT1G71930;AT1G76500;AT2G10440;AT3G07610;AT4G04030;AT5G22260;AT5G62165	75.285	8.867004849440425	0.19924287706714486	1.0	200	172	200	1.0
CHG	gain	GO:0060560	developmental growth involved in morphogenesis	4	AT1G26960;AT1G69940;AT2G25630;AT3G23380	12.16	3.2809145066581658	0.32894736842105265	1.0	200	172	200	1.0
CHG	gain	GO:0061458	reproductive system development	9	AT1G55540;AT1G67990;AT1G76500;AT3G07610;AT3G46330;AT4G23100;AT5G22260;AT5G23040;AT5G62165	41.155	6.332533063474666	0.21868545741708176	1.0	200	172	200	1.0
CHG	gain	GO:0065007	biological regulation	25	AT1G21230;AT1G26960;AT1G33910;AT1G34170;AT1G34310;AT1G34390;AT1G34410;AT1G35240;AT1G35540;AT1G49005;AT1G49190;AT1G71930;AT1G76500;AT2G01150;AT2G10440;AT3G07610;AT4G04030;AT4G40100;AT5G22260;AT5G23040;AT5G24240;AT5G37500;AT5G40850;AT5G56970;AT5G62165	150.695	10.802868831935506	0.165898005905969	1.0	200	172	200	1.0
CHG	gain	GO:0070542	response to fatty acid	5	AT3G45140;AT4G23100;AT4G35770;AT5G24290;AT5G37500	6.45	2.34040594769369	0.7751937984496123	0.8009950248756219	160	172	200	1.0
CHG	gain	GO:0070647	protein modification by small protein conjugation or removal	4	AT1G53490;AT2G01150;AT2G38195;AT2G38220	21.205	4.6575717922539965	0.1886347559537845	1.0	200	172	200	1.0
CHG	gain	GO:0070887	cellular response to chemical stimulus	4	AT1G49190;AT1G71930;AT2G01150;AT5G22260	34.365	5.243259959223816	0.11639749745380473	1.0	200	172	200	1.0
CHG	gain	GO:0071495	cellular response to endogenous stimulus	3	AT1G49190;AT1G71930;AT5G22260	16.95	3.8049310112011256	0.17699115044247787	1.0	200	172	200	1.0
CHG	gain	GO:0071554	cell wall organization or biogenesis	11	AT1G14110;AT1G23720;AT1G44980;AT1G69940;AT2G36710;AT3G28550;AT3G54580;AT4G23100;AT4G28850;AT5G06630;AT5G18990	13.71	3.3609373692468534	0.8023340627279357	0.8159203980099502	163	172	200	1.0
CHG	gain	GO:0071555	cell wall organization	9	AT1G23720;AT1G44980;AT1G69940;AT2G36710;AT3G28550;AT3G54580;AT4G23100;AT5G06630;AT5G18990	8.395	2.6756260949542283	1.072066706372841	0.4577114427860697	91	172	200	1.0
CHG	gain	GO:0071669	plant-type cell wall organization or biogenesis	4	AT1G23720;AT3G28550;AT3G54580;AT5G06630	7.515	2.49194201377159	0.5322687957418497	0.9552238805970149	191	172	200	1.0
CHG	gain	GO:0071840	cellular component organization or biogenesis	20	AT1G14110;AT1G23720;AT1G24490;AT1G44575;AT1G44980;AT1G53490;AT1G69940;AT2G36710;AT3G07610;AT3G28550;AT3G54580;AT4G23100;AT4G28850;AT4G34090;AT5G06630;AT5G18990;AT5G22260;AT5G23040;AT5G23120;AT5G39770	82.745	8.109868987844331	0.24170644751948758	1.0	200	172	200	1.0
CHG	gain	GO:0080090	regulation of primary metabolic process	14	AT1G26960;AT1G34170;AT1G34310;AT1G34390;AT1G34410;AT1G35240;AT1G35540;AT1G49190;AT1G71930;AT1G76500;AT2G10440;AT4G04030;AT5G22260;AT5G62165	66.335	8.389444260497887	0.21104997361875333	1.0	200	172	200	1.0
CHG	gain	GO:0090304	nucleic acid metabolic process	3	AT1G53490;AT2G24490;AT5G39770	56.595	5.652519349812099	0.053008216273522396	1.0	200	172	200	1.0
CHG	gain	GO:0090567	reproductive shoot system development	4	AT3G07610;AT4G23100;AT5G22260;AT5G62165	14.12	3.894303532083755	0.28328611898017	1.0	200	172	200	1.0
CHG	gain	GO:0097305	response to alcohol	3	AT1G71930;AT5G24240;AT5G37500	16.355	3.7361711684557433	0.18343014368694588	1.0	200	172	200	1.0
CHG	gain	GO:0099402	plant organ development	5	AT1G26960;AT1G49005;AT3G07610;AT5G22260;AT5G62165	40.325	6.06377563898928	0.1239925604463732	1.0	200	172	200	1.0
CHG	gain	GO:0160109	plant gross anatomical part developmental process	15	AT1G19890;AT1G26960;AT1G49005;AT1G55540;AT1G67990;AT1G71930;AT2G38195;AT2G38220;AT3G07610;AT3G46330;AT4G23100;AT5G22260;AT5G23040;AT5G57790;AT5G62165	79.61	8.233948020239167	0.18841854038437383	1.0	200	172	200	1.0
CHG	gain	GO:1901700	response to oxygen-containing compound	9	AT1G26960;AT1G71930;AT3G45140;AT4G23100;AT4G35770;AT5G22260;AT5G24240;AT5G24290;AT5G37500	48.595	6.389129439915902	0.18520423911925096	1.0	200	172	200	1.0
CHG	gain	GO:1902680	positive regulation of RNA biosynthetic process	4	AT1G71930;AT2G10440;AT5G22260;AT5G62165	9.91	3.14672845984524	0.4036326942482341	0.9850746268656716	197	172	200	1.0
CHG	gain	GO:1903046	meiotic cell cycle process	3	AT1G53490;AT5G39770;AT5G57790	6.405	2.295860405164042	0.46838407494145196	0.9651741293532339	193	172	200	1.0
CHG	gain	GO:1905392	plant organ morphogenesis	3	AT1G26960;AT1G49005;AT5G22260	17.61	3.8363915337201946	0.17035775127768313	1.0	200	172	200	1.0
CHG	gain	GO:2001141	regulation of RNA biosynthetic process	14	AT1G26960;AT1G34170;AT1G34310;AT1G34390;AT1G34410;AT1G35240;AT1G35540;AT1G49190;AT1G71930;AT1G76500;AT2G10440;AT4G04030;AT5G22260;AT5G62165	52.065	7.553858285670967	0.26889465091712283	1.0	200	172	200	1.0
CHG	loss	GO:0000272	polysaccharide catabolic process	5	AT1G11590;AT1G69940;AT2G36710;AT4G03930;AT5G07410	4.68	2.0365657367244507	1.0683760683760684	0.5174129353233831	103	188	200	1.0
CHG	loss	GO:0000902	cell morphogenesis	3	AT1G69940;AT2G07020;AT2G07040	15.83	3.780357125986909	0.18951358180669614	1.0	200	188	200	1.0
CHG	loss	GO:0001101	response to acid chemical	3	AT1G07200;AT2G33380;AT3G47860	16.48	3.9584845585147863	0.1820388349514563	1.0	200	188	200	1.0
CHG	loss	GO:0003006	developmental process involved in reproduction	11	AT1G66730;AT1G69940;AT1G71692;AT2G07020;AT2G07040;AT2G48130;AT3G07610;AT3G46330;AT3G47860;AT4G24660;AT5G23660	56.425	6.828204375968863	0.19494904740806382	1.0	200	188	200	1.0
CHG	loss	GO:0005975	carbohydrate metabolic process	13	AT1G11590;AT1G17150;AT1G31740;AT1G55120;AT1G69940;AT1G71930;AT2G36710;AT3G45940;AT4G03930;AT4G13760;AT4G23560;AT5G07410;AT5G13980	33.335	5.191606206175501	0.38998050097495124	1.0	200	188	200	1.0
CHG	loss	GO:0005976	polysaccharide metabolic process	6	AT1G11590;AT1G69940;AT1G71930;AT2G36710;AT4G03930;AT5G07410	16.67	3.802775302328549	0.3599280143971205	1.0	200	188	200	1.0
CHG	loss	GO:0006139	nucleobase-containing compound metabolic process	7	AT1G66730;AT2G36490;AT2G39140;AT3G16680;AT5G39770;AT5G39920;AT5G49010	74.495	7.673980388299155	0.09396603798912678	1.0	200	188	200	1.0
CHG	loss	GO:0006259	DNA metabolic process	4	AT1G66730;AT2G36490;AT5G39770;AT5G49010	18.415	3.829200308158351	0.21721422753190334	1.0	200	188	200	1.0
CHG	loss	GO:0006281	DNA repair	3	AT1G66730;AT2G36490;AT5G39770	11.605	3.122334863527614	0.25850926324859974	1.0	200	188	200	1.0
CHG	loss	GO:0006325	chromatin organization	4	AT1G62310;AT3G07610;AT3G32280;AT4G00416	17.87	4.10890496361257	0.2238388360380526	1.0	200	188	200	1.0
CHG	loss	GO:0006338	chromatin remodeling	4	AT1G62310;AT3G07610;AT3G32280;AT4G00416	16.225	3.842443883780206	0.24653312788906007	1.0	200	188	200	1.0
CHG	loss	GO:0006355	regulation of DNA-templated transcription	16	AT1G19510;AT1G34310;AT1G34390;AT1G34410;AT1G35540;AT1G49190;AT1G55950;AT1G71692;AT1G71930;AT2G10440;AT3G03260;AT4G00540;AT4G14410;AT4G25210;AT4G25530;AT5G04590	59.145	7.227999377421073	0.27052159945895676	1.0	200	188	200	1.0
CHG	loss	GO:0006412	translation	4	AT2G07715;AT2G39140;AT3G10950;AT5G64140	11.62	3.568697241291282	0.34423407917383825	1.0	200	188	200	1.0
CHG	loss	GO:0006508	proteolysis	3	AT2G27920;AT5G28550;AT5G36180	13.795	3.6909314542537937	0.21747009786154403	1.0	200	188	200	1.0
CHG	loss	GO:0006629	lipid metabolic process	3	AT1G80340;AT2G33380;AT5G42930	31.185	5.092226919531379	0.0962000962000962	1.0	200	188	200	1.0
CHG	loss	GO:0006810	transport	9	AT2G07695;AT2G16980;AT2G28640;AT2G48130;AT3G51860;AT4G08300;AT5G23660;AT5G46370;AT5G58180	81.875	8.233430330062937	0.1099236641221374	1.0	200	188	200	1.0
CHG	loss	GO:0006811	monoatomic ion transport	3	AT2G07695;AT3G51860;AT5G46370	19.165	4.037050284551836	0.15653535090007828	1.0	200	188	200	1.0
CHG	loss	GO:0006812	monoatomic cation transport	3	AT2G07695;AT3G51860;AT5G46370	16.685	3.837417751561596	0.17980221756068326	1.0	200	188	200	1.0
CHG	loss	GO:0006950	response to stress	17	AT1G07200;AT1G52940;AT1G66730;AT1G69940;AT1G71930;AT2G33380;AT2G36490;AT3G47860;AT3G51860;AT4G16860;AT4G16890;AT5G04590;AT5G08055;AT5G08315;AT5G39770;AT5G40060;AT5G52605	110.915	9.008205981214996	0.15327052247216336	1.0	200	188	200	1.0
CHG	loss	GO:0006952	defense response	11	AT1G52940;AT1G69940;AT1G71930;AT2G33380;AT2G36490;AT4G16860;AT4G16890;AT5G08055;AT5G08315;AT5G40060;AT5G52605	35.195	5.590793771907529	0.31254439551072594	1.0	200	188	200	1.0
CHG	loss	GO:0006974	DNA damage response	3	AT1G66730;AT2G36490;AT5G39770	13.1	3.3331666624997935	0.22900763358778625	1.0	200	188	200	1.0
CHG	loss	GO:0006996	organelle organization	5	AT1G44575;AT2G39140;AT4G32200;AT5G39770;AT5G58180	43.455	5.773038627967091	0.11506155793349443	1.0	200	188	200	1.0
CHG	loss	GO:0007049	cell cycle	3	AT4G08630;AT4G32200;AT5G39770	17.0	3.9749213828703596	0.17647058823529413	1.0	200	188	200	1.0
CHG	loss	GO:0007154	cell communication	4	AT1G49190;AT4G14940;AT4G16860;AT4G16890	44.535	6.044731176818388	0.08981699786684631	1.0	200	188	200	1.0
CHG	loss	GO:0007165	signal transduction	4	AT1G49190;AT4G14940;AT4G16860;AT4G16890	42.44	5.936867861086368	0.09425070688030161	1.0	200	188	200	1.0
CHG	loss	GO:0007275	multicellular organism development	9	AT1G66730;AT1G71692;AT1G80340;AT2G48130;AT3G07610;AT3G46330;AT3G47860;AT4G24660;AT5G23660	97.02	8.054787396325256	0.0927643784786642	1.0	200	188	200	1.0
CHG	loss	GO:0008152	metabolic process	40	AT1G07200;AT1G11590;AT1G17150;AT1G31740;AT1G55120;AT1G66730;AT1G69940;AT1G71930;AT1G80340;AT2G07695;AT2G07715;AT2G19800;AT2G27920;AT2G30210;AT2G33380;AT2G36490;AT2G36710;AT2G39140;AT3G10950;AT3G16680;AT3G45940;AT3G51860;AT4G03930;AT4G05490;AT4G13760;AT4G14940;AT4G23560;AT4G29740;AT5G04590;AT5G07410;AT5G13980;AT5G26780;AT5G28550;AT5G36180;AT5G38450;AT5G39770;AT5G39920;AT5G42930;AT5G49010;AT5G64140	241.735	11.445731737202037	0.16547045318220363	1.0	200	188	200	1.0
CHG	loss	GO:0009056	catabolic process	10	AT1G11590;AT1G69940;AT2G19800;AT2G30210;AT2G36710;AT4G03930;AT4G05490;AT4G29740;AT5G07410;AT5G39770	37.615	6.052005865826631	0.2658513890735079	1.0	200	188	200	1.0
CHG	loss	GO:0009057	macromolecule catabolic process	7	AT1G11590;AT1G69940;AT2G36710;AT4G03930;AT4G05490;AT5G07410;AT5G39770	20.01	4.374917142072516	0.34982508745627183	1.0	200	188	200	1.0
CHG	loss	GO:0009058	biosynthetic process	12	AT1G07200;AT1G66730;AT1G80340;AT2G07715;AT2G33380;AT2G39140;AT3G10950;AT3G16680;AT5G26780;AT5G38450;AT5G39920;AT5G64140	118.79	9.585713327655867	0.10101860425961781	1.0	200	188	200	1.0
CHG	loss	GO:0009059	macromolecule biosynthetic process	8	AT1G07200;AT1G66730;AT2G07715;AT2G39140;AT3G10950;AT3G16680;AT5G39920;AT5G64140	69.295	7.327890214788977	0.11544844505375568	1.0	200	188	200	1.0
CHG	loss	GO:0009266	response to temperature stimulus	4	AT1G66730;AT2G33380;AT3G47860;AT5G04590	23.055	4.598040343450675	0.1734981565820863	1.0	200	188	200	1.0
CHG	loss	GO:0009308	amine metabolic process	3	AT4G14940;AT4G29740;AT5G38450	2.96	1.70833252032501	1.0135135135135136	0.5572139303482587	111	188	200	1.0
CHG	loss	GO:0009314	response to radiation	5	AT1G44575;AT1G66730;AT1G80340;AT2G36750;AT3G47860	30.25	5.283701354164523	0.1652892561983471	1.0	200	188	200	1.0
CHG	loss	GO:0009409	response to cold	3	AT1G66730;AT2G33380;AT5G04590	13.785	3.6150760711221537	0.2176278563656148	1.0	200	188	200	1.0
CHG	loss	GO:0009414	response to water deprivation	3	AT1G07200;AT2G33380;AT3G47860	14.595	3.7723964531846295	0.20554984583761562	1.0	200	188	200	1.0
CHG	loss	GO:0009415	response to water	3	AT1G07200;AT2G33380;AT3G47860	14.915	3.812843427155125	0.2011397921555481	1.0	200	188	200	1.0
CHG	loss	GO:0009416	response to light stimulus	5	AT1G44575;AT1G66730;AT1G80340;AT2G36750;AT3G47860	28.595	5.136241329999987	0.17485574401119078	1.0	200	188	200	1.0
CHG	loss	GO:0009605	response to external stimulus	13	AT1G21835;AT1G52940;AT1G66730;AT1G69940;AT1G71930;AT2G33380;AT2G36490;AT3G51860;AT4G16860;AT4G16890;AT5G08055;AT5G08315;AT5G52605	49.455	6.488295230644189	0.2628652310180973	1.0	200	188	200	1.0
CHG	loss	GO:0009607	response to biotic stimulus	13	AT1G21835;AT1G52940;AT1G66730;AT1G69940;AT1G71930;AT2G33380;AT2G36490;AT3G51860;AT4G16860;AT4G16890;AT5G08055;AT5G08315;AT5G52605	41.76	6.2587858247426995	0.3113026819923372	1.0	200	188	200	1.0
CHG	loss	GO:0009617	response to bacterium	4	AT1G52940;AT1G66730;AT1G69940;AT4G16890	18.415	4.278174260125463	0.21721422753190334	0.9950248756218906	199	188	200	1.0
CHG	loss	GO:0009620	response to fungus	8	AT1G52940;AT1G71930;AT2G33380;AT2G36490;AT4G16860;AT5G08055;AT5G08315;AT5G52605	12.25	3.4260035026251816	0.6530612244897959	0.9353233830845771	187	188	200	1.0
CHG	loss	GO:0009628	response to abiotic stimulus	8	AT1G07200;AT1G44575;AT1G66730;AT1G80340;AT2G33380;AT2G36750;AT3G47860;AT5G04590	77.82	8.242426827094137	0.10280133641737343	1.0	200	188	200	1.0
CHG	loss	GO:0009653	anatomical structure morphogenesis	3	AT1G69940;AT2G07020;AT2G07040	39.695	5.580499529612022	0.07557626905151782	1.0	200	188	200	1.0
CHG	loss	GO:0009664	plant-type cell wall organization	4	AT1G23720;AT3G28550;AT3G54580;AT3G54590	5.06	2.3444402316971114	0.790513833992095	0.7313432835820896	146	188	200	1.0
CHG	loss	GO:0009719	response to endogenous stimulus	10	AT1G34310;AT1G34390;AT1G34410;AT1G35540;AT1G49190;AT1G71930;AT2G33380;AT3G47860;AT4G14940;AT4G16890	44.98	6.632465604886341	0.2223210315695865	1.0	200	188	200	1.0
CHG	loss	GO:0009725	response to hormone	10	AT1G34310;AT1G34390;AT1G34410;AT1G35540;AT1G49190;AT1G71930;AT2G33380;AT3G47860;AT4G14940;AT4G16890	44.85	6.573241209631667	0.2229654403567447	1.0	200	188	200	1.0
CHG	loss	GO:0009737	response to abscisic acid	3	AT1G71930;AT2G33380;AT3G47860	18.085	4.700827054891513	0.16588332872546308	1.0	200	188	200	1.0
CHG	loss	GO:0009791	post-embryonic development	9	AT1G66730;AT1G71692;AT1G80340;AT2G48130;AT3G07610;AT3G46330;AT3G47860;AT4G24660;AT5G23660	57.79	6.392644210340525	0.15573628655476726	1.0	200	188	200	1.0
CHG	loss	GO:0009793	embryo development ending in seed dormancy	3	AT3G46330;AT4G24660;AT5G23660	18.41	4.041274551425572	0.16295491580662683	1.0	200	188	200	1.0
CHG	loss	GO:0009826	unidimensional cell growth	3	AT1G69940;AT2G07020;AT2G07040	11.86	3.1097266760922944	0.25295109612141653	1.0	200	188	200	1.0
CHG	loss	GO:0009845	seed germination	3	AT1G66730;AT1G80340;AT2G48130	4.57	2.1943336118284287	0.6564551422319475	0.8109452736318408	162	188	200	1.0
CHG	loss	GO:0009856	pollination	4	AT1G69940;AT2G07020;AT2G07040;AT5G07410	11.135	3.2135299905244383	0.3592276605298608	0.9950248756218906	199	188	200	1.0
CHG	loss	GO:0009860	pollen tube growth	3	AT1G69940;AT2G07020;AT2G07040	5.42	2.205357113938693	0.5535055350553506	0.9104477611940298	182	188	200	1.0
CHG	loss	GO:0009889	regulation of biosynthetic process	19	AT1G19510;AT1G34310;AT1G34390;AT1G34410;AT1G35540;AT1G49190;AT1G55950;AT1G62310;AT1G71692;AT1G71930;AT2G10440;AT3G03260;AT3G07610;AT3G32280;AT4G00540;AT4G14410;AT4G25210;AT4G25530;AT5G04590	84.885	8.43870695071228	0.2238322436237262	1.0	200	188	200	1.0
CHG	loss	GO:0009890	negative regulation of biosynthetic process	4	AT3G07610;AT3G32280;AT4G25530;AT5G04590	21.44	4.41773697723166	0.18656716417910446	1.0	200	188	200	1.0
CHG	loss	GO:0009891	positive regulation of biosynthetic process	3	AT1G71692;AT1G71930;AT2G10440	17.465	3.949528452866239	0.1717721156598912	1.0	200	188	200	1.0
CHG	loss	GO:0009892	negative regulation of metabolic process	5	AT3G07610;AT3G32280;AT3G47860;AT4G25530;AT5G04590	24.505	4.576021743829459	0.20403999183840033	1.0	200	188	200	1.0
CHG	loss	GO:0009893	positive regulation of metabolic process	3	AT1G71692;AT1G71930;AT2G10440	20.935	4.510074833082048	0.14330069262001432	1.0	200	188	200	1.0
CHG	loss	GO:0009932	cell tip growth	3	AT1G69940;AT2G07020;AT2G07040	6.805	2.327439580311379	0.440852314474651	0.9701492537313433	194	188	200	1.0
CHG	loss	GO:0009987	cellular process	66	AT1G07200;AT1G11590;AT1G17150;AT1G23720;AT1G31740;AT1G44575;AT1G49190;AT1G55120;AT1G62310;AT1G62920;AT1G66730;AT1G69940;AT1G71930;AT1G80340;AT2G07020;AT2G07040;AT2G07695;AT2G07715;AT2G16980;AT2G19800;AT2G27920;AT2G28640;AT2G30210;AT2G33380;AT2G36490;AT2G36710;AT2G39140;AT3G07610;AT3G10950;AT3G16680;AT3G28550;AT3G32280;AT3G45940;AT3G51860;AT3G54580;AT3G54590;AT4G00416;AT4G03930;AT4G05490;AT4G08300;AT4G08630;AT4G13760;AT4G14140;AT4G14410;AT4G14940;AT4G16860;AT4G16890;AT4G20170;AT4G23560;AT4G29740;AT4G32200;AT5G04590;AT5G07410;AT5G13980;AT5G23660;AT5G26780;AT5G28550;AT5G36180;AT5G38450;AT5G39770;AT5G39920;AT5G42930;AT5G46370;AT5G49010;AT5G58180;AT5G64140	397.055	10.536696588590305	0.16622382289607232	1.0	200	188	200	1.0
CHG	loss	GO:0010154	fruit development	6	AT1G66730;AT2G48130;AT3G46330;AT3G47860;AT4G24660;AT5G23660	26.825	4.565564039634097	0.22367194780987884	1.0	200	188	200	1.0
CHG	loss	GO:0010467	gene expression	7	AT1G07200;AT2G07715;AT2G39140;AT3G10950;AT3G16680;AT5G39920;AT5G64140	52.45	6.510568331566712	0.1334604385128694	1.0	200	188	200	1.0
CHG	loss	GO:0010468	regulation of gene expression	19	AT1G19510;AT1G34310;AT1G34390;AT1G34410;AT1G35540;AT1G49190;AT1G55950;AT1G62310;AT1G71692;AT1G71930;AT2G10440;AT3G03260;AT3G07610;AT3G32280;AT4G00540;AT4G14410;AT4G25210;AT4G25530;AT5G04590	78.19	8.02271151170228	0.24299782580892698	1.0	200	188	200	1.0
CHG	loss	GO:0010556	regulation of macromolecule biosynthetic process	19	AT1G19510;AT1G34310;AT1G34390;AT1G34410;AT1G35540;AT1G49190;AT1G55950;AT1G62310;AT1G71692;AT1G71930;AT2G10440;AT3G03260;AT3G07610;AT3G32280;AT4G00540;AT4G14410;AT4G25210;AT4G25530;AT5G04590	79.99	8.176178814091646	0.23752969121140144	1.0	200	188	200	1.0
CHG	loss	GO:0010557	positive regulation of macromolecule biosynthetic process	3	AT1G71692;AT1G71930;AT2G10440	15.18	3.7679702758912517	0.1976284584980237	1.0	200	188	200	1.0
CHG	loss	GO:0010558	negative regulation of macromolecule biosynthetic process	4	AT3G07610;AT3G32280;AT4G25530;AT5G04590	20.875	4.2801139003535855	0.19161676646706588	1.0	200	188	200	1.0
CHG	loss	GO:0010604	positive regulation of macromolecule metabolic process	3	AT1G71692;AT1G71930;AT2G10440	17.81	4.302778172297526	0.16844469399213927	1.0	200	188	200	1.0
CHG	loss	GO:0010605	negative regulation of macromolecule metabolic process	4	AT3G07610;AT3G32280;AT4G25530;AT5G04590	22.6	4.334743360338638	0.17699115044247787	1.0	200	188	200	1.0
CHG	loss	GO:0010629	negative regulation of gene expression	3	AT3G07610;AT3G32280;AT4G25530	14.185	3.7270330022686897	0.21149101163200562	1.0	200	188	200	1.0
CHG	loss	GO:0016043	cellular component organization	20	AT1G11590;AT1G23720;AT1G44575;AT1G62310;AT1G62920;AT1G69940;AT2G36710;AT2G39140;AT3G07610;AT3G28550;AT3G32280;AT3G54580;AT3G54590;AT4G00416;AT4G03930;AT4G32200;AT5G07410;AT5G23660;AT5G39770;AT5G58180	83.88	8.64497541928263	0.23843586075345732	1.0	200	188	200	1.0
CHG	loss	GO:0016049	cell growth	3	AT1G69940;AT2G07020;AT2G07040	15.775	3.551672141400437	0.1901743264659271	1.0	200	188	200	1.0
CHG	loss	GO:0016052	carbohydrate catabolic process	5	AT1G11590;AT1G69940;AT2G36710;AT4G03930;AT5G07410	7.11	2.613025066852593	0.7032348804500703	0.8407960199004975	168	188	200	1.0
CHG	loss	GO:0016070	RNA metabolic process	3	AT2G39140;AT3G16680;AT5G39920	44.615	5.7198579527816635	0.06724195898240502	1.0	200	188	200	1.0
CHG	loss	GO:0019219	regulation of nucleobase-containing compound metabolic process	16	AT1G19510;AT1G34310;AT1G34390;AT1G34410;AT1G35540;AT1G49190;AT1G55950;AT1G71692;AT1G71930;AT2G10440;AT3G03260;AT4G00540;AT4G14410;AT4G25210;AT4G25530;AT5G04590	65.28	7.724092179667482	0.24509803921568626	1.0	200	188	200	1.0
CHG	loss	GO:0019222	regulation of metabolic process	21	AT1G19510;AT1G34310;AT1G34390;AT1G34410;AT1G35540;AT1G49190;AT1G55950;AT1G62310;AT1G71692;AT1G71930;AT2G10440;AT2G33380;AT3G03260;AT3G07610;AT3G32280;AT3G47860;AT4G00540;AT4G14410;AT4G25210;AT4G25530;AT5G04590	95.67	8.857827047306728	0.21950454687989965	1.0	200	188	200	1.0
CHG	loss	GO:0019538	protein metabolic process	9	AT1G07200;AT2G07715;AT2G27920;AT2G39140;AT3G10950;AT4G05490;AT5G28550;AT5G36180;AT5G64140	75.305	8.186694998593678	0.11951397649558461	1.0	200	188	200	1.0
CHG	loss	GO:0019752	carboxylic acid metabolic process	3	AT1G80340;AT2G33380;AT5G26780	27.2	4.80624593627918	0.11029411764705882	1.0	200	188	200	1.0
CHG	loss	GO:0019953	sexual reproduction	3	AT4G32200;AT5G39770;AT5G48605	9.72	3.0119096932013067	0.30864197530864196	0.9950248756218906	199	188	200	1.0
CHG	loss	GO:0022402	cell cycle process	3	AT4G08630;AT4G32200;AT5G39770	16.11	3.793138542157412	0.186219739292365	1.0	200	188	200	1.0
CHG	loss	GO:0022414	reproductive process	15	AT1G66730;AT1G69940;AT1G71692;AT2G07020;AT2G07040;AT2G48130;AT3G07610;AT3G46330;AT3G47860;AT4G24660;AT4G32200;AT5G07410;AT5G23660;AT5G39770;AT5G48605	64.19	7.329658927944735	0.2336812587630472	1.0	200	188	200	1.0
CHG	loss	GO:0022607	cellular component assembly	5	AT1G62920;AT3G07610;AT3G32280;AT4G32200;AT5G23660	24.335	5.126672897698859	0.2054653790836244	1.0	200	188	200	1.0
CHG	loss	GO:0023052	signaling	4	AT1G49190;AT4G14940;AT4G16860;AT4G16890	43.205	5.9382636351041285	0.09258187709755816	1.0	200	188	200	1.0
CHG	loss	GO:0030154	cell differentiation	4	AT1G69940;AT1G71930;AT2G07020;AT2G07040	22.595	4.553128045640717	0.17703031644169065	1.0	200	188	200	1.0
CHG	loss	GO:0031047	regulatory ncRNA-mediated gene silencing	3	AT3G07610;AT3G32280;AT4G25530	6.965	2.4379858490155355	0.43072505384063176	0.9800995024875622	196	188	200	1.0
CHG	loss	GO:0032501	multicellular organismal process	13	AT1G66730;AT1G69940;AT1G71692;AT1G80340;AT2G07020;AT2G07040;AT2G48130;AT3G07610;AT3G46330;AT3G47860;AT4G24660;AT5G07410;AT5G23660	107.205	8.599010117449563	0.12126300079287347	1.0	200	188	200	1.0
CHG	loss	GO:0032502	developmental process	14	AT1G66730;AT1G69940;AT1G71692;AT1G71930;AT1G80340;AT2G07020;AT2G07040;AT2G48130;AT3G07610;AT3G46330;AT3G47860;AT4G14940;AT4G24660;AT5G23660	114.23	8.879588954450485	0.12255974787709008	1.0	200	188	200	1.0
CHG	loss	GO:0032774	RNA biosynthetic process	3	AT2G39140;AT3G16680;AT5G39920	31.9	4.957822102496231	0.09404388714733543	1.0	200	188	200	1.0
CHG	loss	GO:0032870	cellular response to hormone stimulus	3	AT1G49190;AT1G71930;AT4G14940	18.86	4.048505897241599	0.15906680805938495	1.0	200	188	200	1.0
CHG	loss	GO:0033554	cellular response to stress	4	AT1G66730;AT2G36490;AT3G51860;AT5G39770	35.95	6.058671471535633	0.11126564673157162	1.0	200	188	200	1.0
CHG	loss	GO:0033993	response to lipid	5	AT1G07200;AT1G71930;AT2G33380;AT3G47860;AT4G14940	30.68	5.631838065853817	0.16297262059973924	1.0	200	188	200	1.0
CHG	loss	GO:0034220	monoatomic ion transmembrane transport	3	AT2G07695;AT3G51860;AT5G46370	17.19	3.7978809881300846	0.17452006980802792	1.0	200	188	200	1.0
CHG	loss	GO:0034654	nucleobase-containing compound biosynthetic process	4	AT1G66730;AT2G39140;AT3G16680;AT5G39920	41.24	5.761284578980621	0.09699321047526673	1.0	200	188	200	1.0
CHG	loss	GO:0040007	growth	3	AT1G69940;AT2G07020;AT2G07040	19.03	3.844359504520873	0.15764582238570676	1.0	200	188	200	1.0
CHG	loss	GO:0040029	epigenetic regulation of gene expression	3	AT1G62310;AT3G07610;AT3G32280	10.84	3.32932425576122	0.2767527675276753	1.0	200	188	200	1.0
CHG	loss	GO:0042221	response to chemical	14	AT1G07200;AT1G34310;AT1G34390;AT1G34410;AT1G35540;AT1G49190;AT1G66730;AT1G71930;AT2G33380;AT3G47860;AT3G51860;AT4G14410;AT4G14940;AT4G16890	90.195	8.554354154464388	0.15521924718665114	1.0	200	188	200	1.0
CHG	loss	GO:0042545	cell wall modification	5	AT1G11590;AT1G69940;AT2G36710;AT4G03930;AT5G07410	5.725	2.393611288409211	0.8733624454148472	0.6716417910447762	134	188	200	1.0
CHG	loss	GO:0042742	defense response to bacterium	3	AT1G52940;AT1G69940;AT4G16890	13.865	3.5308320549128376	0.21637216011539848	1.0	200	188	200	1.0
CHG	loss	GO:0043170	macromolecule metabolic process	21	AT1G07200;AT1G11590;AT1G66730;AT1G69940;AT1G71930;AT2G07715;AT2G27920;AT2G36490;AT2G36710;AT2G39140;AT3G10950;AT3G16680;AT4G03930;AT4G05490;AT5G07410;AT5G28550;AT5G36180;AT5G39770;AT5G39920;AT5G49010;AT5G64140	149.27	9.666804022012528	0.1406846653714745	1.0	200	188	200	1.0
CHG	loss	GO:0043207	response to external biotic stimulus	13	AT1G21835;AT1G52940;AT1G66730;AT1G69940;AT1G71930;AT2G33380;AT2G36490;AT3G51860;AT4G16860;AT4G16890;AT5G08055;AT5G08315;AT5G52605	41.565	6.245460351327201	0.31276314206664263	1.0	200	188	200	1.0
CHG	loss	GO:0043436	oxoacid metabolic process	3	AT1G80340;AT2G33380;AT5G26780	30.0	5.096076922496366	0.1	1.0	200	188	200	1.0
CHG	loss	GO:0044085	cellular component biogenesis	7	AT1G62920;AT2G39140;AT3G07610;AT3G32280;AT4G20170;AT4G32200;AT5G23660	35.555	5.825545038878343	0.19687807621994094	1.0	200	188	200	1.0
CHG	loss	GO:0044238	primary metabolic process	32	AT1G07200;AT1G11590;AT1G17150;AT1G31740;AT1G55120;AT1G66730;AT1G69940;AT1G71930;AT1G80340;AT2G07715;AT2G27920;AT2G33380;AT2G36490;AT2G36710;AT2G39140;AT3G10950;AT3G16680;AT3G45940;AT4G03930;AT4G05490;AT4G13760;AT4G23560;AT5G07410;AT5G13980;AT5G26780;AT5G28550;AT5G36180;AT5G39770;AT5G39920;AT5G42930;AT5G49010;AT5G64140	210.09	11.35437801026552	0.15231567423485173	1.0	200	188	200	1.0
CHG	loss	GO:0044281	small molecule metabolic process	5	AT1G80340;AT2G19800;AT2G33380;AT5G13980;AT5G26780	46.095	6.818795714787166	0.10847163466753444	1.0	200	188	200	1.0
CHG	loss	GO:0044419	biological process involved in interspecies interaction between organisms	13	AT1G21835;AT1G52940;AT1G66730;AT1G69940;AT1G71930;AT2G33380;AT2G36490;AT3G51860;AT4G16860;AT4G16890;AT5G08055;AT5G08315;AT5G52605	42.015	6.195544770236109	0.3094133047721052	1.0	200	188	200	1.0
CHG	loss	GO:0044706	multi-multicellular organism process	4	AT1G69940;AT2G07020;AT2G07040;AT5G07410	11.135	3.2135299905244383	0.3592276605298608	0.9950248756218906	199	188	200	1.0
CHG	loss	GO:0045229	external encapsulating structure organization	9	AT1G11590;AT1G23720;AT1G69940;AT2G36710;AT3G28550;AT3G54580;AT3G54590;AT4G03930;AT5G07410	11.785	3.2982988039290784	0.7636826474331777	0.8407960199004975	168	188	200	1.0
CHG	loss	GO:0045488	pectin metabolic process	5	AT1G11590;AT1G69940;AT2G36710;AT4G03930;AT5G07410	5.04	2.144388024588833	0.9920634920634921	0.5572139303482587	111	188	200	1.0
CHG	loss	GO:0045490	pectin catabolic process	5	AT1G11590;AT1G69940;AT2G36710;AT4G03930;AT5G07410	2.59	1.5785753070411308	1.9305019305019306	0.13432835820895522	26	188	200	1.0
CHG	loss	GO:0045893	positive regulation of DNA-templated transcription	3	AT1G71692;AT1G71930;AT2G10440	11.52	3.1889810284791604	0.2604166666666667	1.0	200	188	200	1.0
CHG	loss	GO:0048316	seed development	6	AT1G66730;AT2G48130;AT3G46330;AT3G47860;AT4G24660;AT5G23660	25.46	4.541849843400808	0.2356637863315004	1.0	200	188	200	1.0
CHG	loss	GO:0048468	cell development	3	AT1G69940;AT2G07020;AT2G07040	11.095	2.9893101210814486	0.270392068499324	1.0	200	188	200	1.0
CHG	loss	GO:0048518	positive regulation of biological process	6	AT1G66730;AT1G71692;AT1G71930;AT2G10440;AT3G26940;AT4G25530	38.985	5.940098904900497	0.15390534821085033	1.0	200	188	200	1.0
CHG	loss	GO:0048519	negative regulation of biological process	5	AT3G07610;AT3G32280;AT3G47860;AT4G25530;AT5G04590	41.675	5.608865749864259	0.1199760047990402	1.0	200	188	200	1.0
CHG	loss	GO:0048522	positive regulation of cellular process	5	AT1G66730;AT1G71692;AT1G71930;AT2G10440;AT3G26940	30.51	5.011975658360674	0.16388069485414616	1.0	200	188	200	1.0
CHG	loss	GO:0048523	negative regulation of cellular process	5	AT3G07610;AT3G32280;AT3G47860;AT4G25530;AT5G04590	33.23	5.217959371248524	0.1504664459825459	1.0	200	188	200	1.0
CHG	loss	GO:0048583	regulation of response to stimulus	3	AT1G66730;AT3G26940;AT3G51860	33.62	5.633435896502259	0.08923259964306961	1.0	200	188	200	1.0
CHG	loss	GO:0048588	developmental cell growth	3	AT1G69940;AT2G07020;AT2G07040	8.255	2.473858322539911	0.3634161114476075	0.9950248756218906	199	188	200	1.0
CHG	loss	GO:0048589	developmental growth	3	AT1G69940;AT2G07020;AT2G07040	16.715	3.6883295677040553	0.17947950942267424	1.0	200	188	200	1.0
CHG	loss	GO:0048608	reproductive structure development	8	AT1G66730;AT1G71692;AT2G48130;AT3G07610;AT3G46330;AT3G47860;AT4G24660;AT5G23660	46.895	6.084732944016492	0.17059387994455696	1.0	200	188	200	1.0
CHG	loss	GO:0048731	system development	8	AT1G66730;AT1G71692;AT2G48130;AT3G07610;AT3G46330;AT3G47860;AT4G24660;AT5G23660	74.78	7.236822507150461	0.10698047606311847	1.0	200	188	200	1.0
CHG	loss	GO:0048856	anatomical structure development	14	AT1G66730;AT1G69940;AT1G71692;AT1G71930;AT1G80340;AT2G07020;AT2G07040;AT2G48130;AT3G07610;AT3G46330;AT3G47860;AT4G14940;AT4G24660;AT5G23660	111.575	8.785463846604841	0.12547613712749273	1.0	200	188	200	1.0
CHG	loss	GO:0048868	pollen tube development	3	AT1G69940;AT2G07020;AT2G07040	7.945	2.8092659183494884	0.37759597230962866	0.9800995024875622	196	188	200	1.0
CHG	loss	GO:0048869	cellular developmental process	5	AT1G69940;AT1G71930;AT2G07020;AT2G07040;AT3G07610	25.36	4.70535864732966	0.1971608832807571	1.0	200	188	200	1.0
CHG	loss	GO:0050789	regulation of biological process	28	AT1G19510;AT1G34310;AT1G34390;AT1G34410;AT1G35540;AT1G49190;AT1G55950;AT1G62310;AT1G66730;AT1G71692;AT1G71930;AT2G07040;AT2G10440;AT2G33380;AT3G03260;AT3G07610;AT3G26940;AT3G32280;AT3G47860;AT3G51860;AT4G00540;AT4G14410;AT4G14940;AT4G16860;AT4G16890;AT4G25210;AT4G25530;AT5G04590	163.93	10.29976213317571	0.17080461172451655	1.0	200	188	200	1.0
CHG	loss	GO:0050793	regulation of developmental process	3	AT1G62310;AT2G07040;AT4G25530	34.71	5.315627902703488	0.08643042350907519	1.0	200	188	200	1.0
CHG	loss	GO:0050794	regulation of cellular process	28	AT1G19510;AT1G34310;AT1G34390;AT1G34410;AT1G35540;AT1G49190;AT1G55950;AT1G62310;AT1G66730;AT1G71692;AT1G71930;AT2G07040;AT2G10440;AT2G33380;AT3G03260;AT3G07610;AT3G26940;AT3G32280;AT3G47860;AT3G51860;AT4G00540;AT4G14410;AT4G14940;AT4G16860;AT4G16890;AT4G25210;AT4G25530;AT5G04590	148.465	10.029894067237311	0.18859663893847034	1.0	200	188	200	1.0
CHG	loss	GO:0050832	defense response to fungus	8	AT1G52940;AT1G71930;AT2G33380;AT2G36490;AT4G16860;AT5G08055;AT5G08315;AT5G52605	9.24	2.939795911283638	0.8658008658008658	0.6766169154228856	135	188	200	1.0
CHG	loss	GO:0050896	response to stimulus	28	AT1G07200;AT1G21835;AT1G34310;AT1G34390;AT1G34410;AT1G35540;AT1G44575;AT1G49190;AT1G52940;AT1G66730;AT1G69940;AT1G71930;AT1G80340;AT2G33380;AT2G36490;AT2G36750;AT3G47860;AT3G51860;AT4G14410;AT4G14940;AT4G16860;AT4G16890;AT5G04590;AT5G08055;AT5G08315;AT5G39770;AT5G40060;AT5G52605	183.01	10.107418067934363	0.1529971039833889	1.0	200	188	200	1.0
CHG	loss	GO:0051179	localization	9	AT2G07695;AT2G16980;AT2G28640;AT2G48130;AT3G51860;AT4G08300;AT5G23660;AT5G46370;AT5G58180	89.25	8.442008054959432	0.10084033613445378	1.0	200	188	200	1.0
CHG	loss	GO:0051234	establishment of localization	9	AT2G07695;AT2G16980;AT2G28640;AT2G48130;AT3G51860;AT4G08300;AT5G23660;AT5G46370;AT5G58180	84.19	8.116889798438853	0.10690105713267609	1.0	200	188	200	1.0
CHG	loss	GO:0051252	regulation of RNA metabolic process	16	AT1G19510;AT1G34310;AT1G34390;AT1G34410;AT1G35540;AT1G49190;AT1G55950;AT1G71692;AT1G71930;AT2G10440;AT3G03260;AT4G00540;AT4G14410;AT4G25210;AT4G25530;AT5G04590	61.875	7.485277215975376	0.2585858585858586	1.0	200	188	200	1.0
CHG	loss	GO:0051254	positive regulation of RNA metabolic process	3	AT1G71692;AT1G71930;AT2G10440	13.155	3.480082613961915	0.22805017103762829	1.0	200	188	200	1.0
CHG	loss	GO:0051707	response to other organism	13	AT1G21835;AT1G52940;AT1G66730;AT1G69940;AT1G71930;AT2G33380;AT2G36490;AT3G51860;AT4G16860;AT4G16890;AT5G08055;AT5G08315;AT5G52605	41.565	6.245460351327201	0.31276314206664263	1.0	200	188	200	1.0
CHG	loss	GO:0051716	cellular response to stimulus	10	AT1G49190;AT1G66730;AT1G71930;AT2G36490;AT3G51860;AT4G14410;AT4G14940;AT4G16860;AT4G16890;AT5G39770	83.025	8.022741115105186	0.12044564890093344	1.0	200	188	200	1.0
CHG	loss	GO:0055085	transmembrane transport	6	AT2G07695;AT2G16980;AT3G51860;AT4G08300;AT5G23660;AT5G46370	47.11	6.17315964478483	0.12736149437486732	1.0	200	188	200	1.0
CHG	loss	GO:0060255	regulation of macromolecule metabolic process	19	AT1G19510;AT1G34310;AT1G34390;AT1G34410;AT1G35540;AT1G49190;AT1G55950;AT1G62310;AT1G71692;AT1G71930;AT2G10440;AT3G03260;AT3G07610;AT3G32280;AT4G00540;AT4G14410;AT4G25210;AT4G25530;AT5G04590	84.845	8.487106397353557	0.22393776887265013	1.0	200	188	200	1.0
CHG	loss	GO:0060560	developmental growth involved in morphogenesis	3	AT1G69940;AT2G07020;AT2G07040	13.74	3.3589284005468167	0.2183406113537118	1.0	200	188	200	1.0
CHG	loss	GO:0061458	reproductive system development	8	AT1G66730;AT1G71692;AT2G48130;AT3G07610;AT3G46330;AT3G47860;AT4G24660;AT5G23660	46.895	6.084732944016492	0.17059387994455696	1.0	200	188	200	1.0
CHG	loss	GO:0065007	biological regulation	30	AT1G19510;AT1G34310;AT1G34390;AT1G34410;AT1G35540;AT1G49190;AT1G55950;AT1G62310;AT1G66730;AT1G71692;AT1G71930;AT2G07040;AT2G10440;AT2G33380;AT3G03260;AT3G07610;AT3G26940;AT3G32280;AT3G47860;AT3G51860;AT4G00540;AT4G14410;AT4G14940;AT4G16860;AT4G16890;AT4G25210;AT4G25530;AT4G29740;AT5G04590;AT5G38450	171.31	10.210969591571692	0.17512112544509953	1.0	200	188	200	1.0
CHG	loss	GO:0070887	cellular response to chemical stimulus	5	AT1G49190;AT1G71930;AT4G14410;AT4G14940;AT4G16890	39.48	5.5874502234919605	0.12664640324214793	1.0	200	188	200	1.0
CHG	loss	GO:0071495	cellular response to endogenous stimulus	3	AT1G49190;AT1G71930;AT4G14940	18.99	4.121880638737625	0.1579778830963665	1.0	200	188	200	1.0
CHG	loss	GO:0071554	cell wall organization or biogenesis	10	AT1G11590;AT1G23720;AT1G69940;AT2G36710;AT3G28550;AT3G54580;AT3G54590;AT4G03930;AT4G20170;AT5G07410	15.905	3.8802029586092517	0.6287331027978623	0.9552238805970149	191	188	200	1.0
CHG	loss	GO:0071555	cell wall organization	9	AT1G11590;AT1G23720;AT1G69940;AT2G36710;AT3G28550;AT3G54580;AT3G54590;AT4G03930;AT5G07410	9.605	3.042856388329885	0.9370119729307652	0.6318407960199005	126	188	200	1.0
CHG	loss	GO:0071669	plant-type cell wall organization or biogenesis	4	AT1G23720;AT3G28550;AT3G54580;AT3G54590	8.92	3.0271438684013687	0.4484304932735426	0.9601990049751243	192	188	200	1.0
CHG	loss	GO:0071840	cellular component organization or biogenesis	21	AT1G11590;AT1G23720;AT1G44575;AT1G62310;AT1G62920;AT1G69940;AT2G36710;AT2G39140;AT3G07610;AT3G28550;AT3G32280;AT3G54580;AT3G54590;AT4G00416;AT4G03930;AT4G20170;AT4G32200;AT5G07410;AT5G23660;AT5G39770;AT5G58180	92.125	9.09556897615541	0.22795115332428764	1.0	200	188	200	1.0
CHG	loss	GO:0080090	regulation of primary metabolic process	17	AT1G19510;AT1G34310;AT1G34390;AT1G34410;AT1G35540;AT1G49190;AT1G55950;AT1G71692;AT1G71930;AT2G10440;AT3G03260;AT3G47860;AT4G00540;AT4G14410;AT4G25210;AT4G25530;AT5G04590	75.335	8.376919183088788	0.22565872436450524	1.0	200	188	200	1.0
CHG	loss	GO:0090304	nucleic acid metabolic process	7	AT1G66730;AT2G36490;AT2G39140;AT3G16680;AT5G39770;AT5G39920;AT5G49010	61.85	6.785093956608111	0.11317704122877931	1.0	200	188	200	1.0
CHG	loss	GO:0090351	seedling development	3	AT1G66730;AT1G80340;AT2G48130	5.24	2.354230235129945	0.5725190839694656	0.9104477611940298	182	188	200	1.0
CHG	loss	GO:0097305	response to alcohol	3	AT1G71930;AT2G33380;AT3G47860	18.67	4.7319234989589525	0.16068559185859665	1.0	200	188	200	1.0
CHG	loss	GO:0098655	monoatomic cation transmembrane transport	3	AT2G07695;AT3G51860;AT5G46370	15.09	3.6306886399139193	0.1988071570576541	1.0	200	188	200	1.0
CHG	loss	GO:0141187	nucleic acid biosynthetic process	4	AT1G66730;AT2G39140;AT3G16680;AT5G39920	34.085	5.155363711708416	0.11735367463693706	1.0	200	188	200	1.0
CHG	loss	GO:0160109	plant gross anatomical part developmental process	10	AT1G66730;AT1G71692;AT1G71930;AT2G48130;AT3G07610;AT3G46330;AT3G47860;AT4G14940;AT4G24660;AT5G23660	89.35	7.835017549438012	0.11191941801902631	1.0	200	188	200	1.0
CHG	loss	GO:0160307	protein biosynthetic process	4	AT2G07715;AT2G39140;AT3G10950;AT5G64140	11.62	3.568697241291282	0.34423407917383825	1.0	200	188	200	1.0
CHG	loss	GO:1901700	response to oxygen-containing compound	8	AT1G07200;AT1G66730;AT1G71930;AT2G33380;AT3G47860;AT4G14410;AT4G14940;AT4G16890	55.18	6.975499982080137	0.14498006524102935	1.0	200	188	200	1.0
CHG	loss	GO:1901701	cellular response to oxygen-containing compound	3	AT4G14410;AT4G14940;AT4G16890	21.145	4.267783382506662	0.14187751241428234	1.0	200	188	200	1.0
CHG	loss	GO:1902680	positive regulation of RNA biosynthetic process	3	AT1G71692;AT1G71930;AT2G10440	11.52	3.1889810284791604	0.2604166666666667	1.0	200	188	200	1.0
CHG	loss	GO:2001141	regulation of RNA biosynthetic process	16	AT1G19510;AT1G34310;AT1G34390;AT1G34410;AT1G35540;AT1G49190;AT1G55950;AT1G71692;AT1G71930;AT2G10440;AT3G03260;AT4G00540;AT4G14410;AT4G25210;AT4G25530;AT5G04590	59.145	7.227999377421073	0.27052159945895676	1.0	200	188	200	1.0
CHH	gain	GO:0000272	polysaccharide catabolic process	4	AT1G69940;AT3G10900;AT5G07420;AT5G18990	4.035	1.934883717436269	0.9913258983890954	0.572139303482587	114	147	200	1.0
CHH	gain	GO:0002376	immune system process	3	AT1G64790;AT5G20320;AT5G22290	7.025	2.512842016522326	0.4270462633451957	0.9701492537313433	194	147	200	1.0
CHH	gain	GO:0003006	developmental process involved in reproduction	10	AT1G19890;AT1G55540;AT1G67990;AT1G69940;AT1G73177;AT2G31215;AT2G48130;AT5G20320;AT5G23040;AT5G62165	45.15	5.651327277728678	0.221483942414175	1.0	200	147	200	1.0
CHH	gain	GO:0005975	carbohydrate metabolic process	9	AT1G32180;AT1G69940;AT3G10900;AT3G42153;AT3G60140;AT4G23560;AT4G28850;AT5G07420;AT5G18990	27.415	4.980238448106676	0.32828743388655846	1.0	200	147	200	1.0
CHH	gain	GO:0005976	polysaccharide metabolic process	6	AT1G32180;AT1G69940;AT3G10900;AT4G28850;AT5G07420;AT5G18990	13.595	3.559631301132183	0.44133872747333575	0.9900497512437811	198	147	200	1.0
CHH	gain	GO:0006139	nucleobase-containing compound metabolic process	9	AT1G62930;AT1G73177;AT2G24490;AT2G42725;AT4G18690;AT5G20320;AT5G39770;AT5G49010;AT5G53660	59.21	6.886646498841053	0.1520013511231211	1.0	200	147	200	1.0
CHH	gain	GO:0006259	DNA metabolic process	3	AT2G24490;AT5G39770;AT5G49010	15.295	3.471019302740912	0.1961425302386401	1.0	200	147	200	1.0
CHH	gain	GO:0006351	DNA-templated transcription	5	AT1G73177;AT2G42725;AT4G18690;AT5G20320;AT5G53660	7.36	2.574956310308972	0.6793478260869565	0.900497512437811	180	147	200	1.0
CHH	gain	GO:0006355	regulation of DNA-templated transcription	10	AT1G26960;AT1G49190;AT2G10440;AT2G31215;AT3G57040;AT4G04030;AT4G25530;AT5G22290;AT5G53660;AT5G62165	47.605	7.425562268273043	0.2100619682806428	1.0	200	147	200	1.0
CHH	gain	GO:0006810	transport	12	AT1G55540;AT1G65550;AT2G04090;AT2G16980;AT2G42005;AT2G48130;AT3G51860;AT3G51870;AT3G54860;AT5G05760;AT5G24290;AT5G37500	66.1	7.524626236564897	0.18154311649016644	1.0	200	147	200	1.0
CHH	gain	GO:0006811	monoatomic ion transport	3	AT3G51860;AT5G24290;AT5G37500	14.8	3.6523964735499312	0.2027027027027027	1.0	200	147	200	1.0
CHH	gain	GO:0006812	monoatomic cation transport	3	AT3G51860;AT5G24290;AT5G37500	12.9	3.363034344160048	0.23255813953488372	1.0	200	147	200	1.0
CHH	gain	GO:0006950	response to stress	14	AT1G33910;AT1G64790;AT1G69940;AT2G01150;AT2G18660;AT2G24490;AT3G51860;AT4G35770;AT5G20320;AT5G22290;AT5G22500;AT5G37500;AT5G39770;AT5G44585	88.79	8.410463720865739	0.15767541389796147	1.0	200	147	200	1.0
CHH	gain	GO:0006952	defense response	6	AT1G64790;AT1G69940;AT2G18660;AT5G20320;AT5G22290;AT5G44585	28.225	5.004435532605045	0.21257750221434898	1.0	200	147	200	1.0
CHH	gain	GO:0006955	immune response	3	AT1G64790;AT5G20320;AT5G22290	5.725	2.1884640732714806	0.5240174672489083	0.9502487562189055	190	147	200	1.0
CHH	gain	GO:0006996	organelle organization	9	AT1G24490;AT1G44575;AT2G01990;AT3G44370;AT3G54860;AT4G34090;AT5G23040;AT5G23120;AT5G39770	34.565	4.940220136795543	0.2603789960943151	1.0	200	147	200	1.0
CHH	gain	GO:0007049	cell cycle	4	AT2G01990;AT2G38195;AT2G38220;AT5G39770	14.04	3.3909290762267545	0.2849002849002849	1.0	200	147	200	1.0
CHH	gain	GO:0007154	cell communication	6	AT1G33910;AT1G49005;AT1G49190;AT2G34070;AT3G57040;AT5G44585	35.66	5.117069473829733	0.1682557487380819	1.0	200	147	200	1.0
CHH	gain	GO:0007165	signal transduction	4	AT1G33910;AT1G49190;AT2G34070;AT3G57040	33.93	5.059160009329612	0.11788977306218686	1.0	200	147	200	1.0
CHH	gain	GO:0007275	multicellular organism development	16	AT1G13245;AT1G19890;AT1G26960;AT1G49005;AT1G55540;AT1G67990;AT1G73177;AT2G31215;AT2G38195;AT2G38220;AT2G48130;AT5G20320;AT5G23040;AT5G44585;AT5G53660;AT5G62165	78.285	7.494249462087641	0.2043814268378361	1.0	200	147	200	1.0
CHH	gain	GO:0008104	intracellular protein localization	3	AT1G24490;AT3G44370;AT5G05760	14.075	3.7107108483415985	0.21314387211367675	1.0	200	147	200	1.0
CHH	gain	GO:0008152	metabolic process	34	AT1G32180;AT1G50490;AT1G62930;AT1G67980;AT1G67990;AT1G69940;AT1G71920;AT1G73177;AT2G01150;AT2G18660;AT2G22450;AT2G24490;AT2G30920;AT2G38195;AT2G38220;AT2G42725;AT3G10900;AT3G29110;AT3G42153;AT3G51860;AT3G60140;AT4G18690;AT4G23560;AT4G28850;AT5G07420;AT5G18990;AT5G20320;AT5G22500;AT5G23040;AT5G39770;AT5G40850;AT5G44585;AT5G49010;AT5G53660	194.495	10.050869365383058	0.17481169181727035	1.0	200	147	200	1.0
CHH	gain	GO:0009056	catabolic process	5	AT1G69940;AT3G10900;AT5G07420;AT5G18990;AT5G39770	30.815	5.150803335403124	0.1622586402725945	1.0	200	147	200	1.0
CHH	gain	GO:0009057	macromolecule catabolic process	5	AT1G69940;AT3G10900;AT5G07420;AT5G18990;AT5G39770	16.215	3.709282275589176	0.3083564600678384	1.0	200	147	200	1.0
CHH	gain	GO:0009058	biosynthetic process	17	AT1G32180;AT1G62930;AT1G67980;AT1G67990;AT1G71920;AT1G73177;AT2G22450;AT2G30920;AT2G42725;AT3G29110;AT4G18690;AT5G20320;AT5G22500;AT5G23040;AT5G40850;AT5G44585;AT5G53660	93.68	9.212361260827636	0.18146883005977796	1.0	200	147	200	1.0
CHH	gain	GO:0009059	macromolecule biosynthetic process	8	AT1G32180;AT1G62930;AT1G73177;AT2G42725;AT4G18690;AT5G20320;AT5G23040;AT5G53660	54.33	7.256107772077293	0.14724829744156084	1.0	200	147	200	1.0
CHH	gain	GO:0009314	response to radiation	5	AT1G13245;AT1G44575;AT5G23040;AT5G40850;AT5G53660	23.525	5.13024122239881	0.21253985122210417	1.0	200	147	200	1.0
CHH	gain	GO:0009416	response to light stimulus	5	AT1G13245;AT1G44575;AT5G23040;AT5G40850;AT5G53660	22.16	4.807743753570892	0.22563176895306858	1.0	200	147	200	1.0
CHH	gain	GO:0009555	pollen development	4	AT1G19890;AT1G73177;AT2G38195;AT2G38220	13.275	3.3150226243571845	0.3013182674199623	1.0	200	147	200	1.0
CHH	gain	GO:0009605	response to external stimulus	9	AT1G64790;AT1G69940;AT2G15480;AT2G18660;AT3G51860;AT3G51870;AT5G20320;AT5G22290;AT5G44585	40.295	5.883704190388899	0.2233527732969351	1.0	200	147	200	1.0
CHH	gain	GO:0009607	response to biotic stimulus	9	AT1G64790;AT1G69940;AT2G15480;AT2G18660;AT3G51860;AT3G51870;AT5G20320;AT5G22290;AT5G44585	34.195	5.480599875925991	0.2631963737388507	1.0	200	147	200	1.0
CHH	gain	GO:0009611	response to wounding	3	AT4G35770;AT5G22500;AT5G44585	7.38	2.6637567456507742	0.4065040650406504	0.9751243781094527	195	147	200	1.0
CHH	gain	GO:0009617	response to bacterium	3	AT1G64790;AT1G69940;AT5G44585	14.97	3.690406481676507	0.2004008016032064	1.0	200	147	200	1.0
CHH	gain	GO:0009628	response to abiotic stimulus	9	AT1G13245;AT1G33910;AT1G44575;AT2G01150;AT5G22500;AT5G23040;AT5G37500;AT5G40850;AT5G53660	61.745	7.069651688732667	0.14576079034739656	1.0	200	147	200	1.0
CHH	gain	GO:0009639	response to red or far red light	3	AT1G13245;AT5G23040;AT5G53660	6.615	2.591674169335335	0.4535147392290249	0.9502487562189055	190	147	200	1.0
CHH	gain	GO:0009653	anatomical structure morphogenesis	4	AT1G26960;AT1G49005;AT1G69940;AT5G44585	32.32	5.4596336873457085	0.12376237623762376	1.0	200	147	200	1.0
CHH	gain	GO:0009657	plastid organization	5	AT1G24490;AT1G44575;AT4G34090;AT5G23040;AT5G23120	8.09	2.722480486615102	0.6180469715698393	0.8955223880597015	179	147	200	1.0
CHH	gain	GO:0009658	chloroplast organization	3	AT1G24490;AT4G34090;AT5G23040	6.105	2.365158557052781	0.49140049140049136	0.9601990049751243	192	147	200	1.0
CHH	gain	GO:0009664	plant-type cell wall organization	5	AT1G23720;AT2G34070;AT3G28550;AT5G06630;AT5G44585	4.15	1.7993054215446573	1.2048192771084336	0.4079601990049751	81	147	200	1.0
CHH	gain	GO:0009698	phenylpropanoid metabolic process	3	AT1G67980;AT1G67990;AT5G22500	3.605	1.678980345328676	0.8321775312066574	0.746268656716418	149	147	200	1.0
CHH	gain	GO:0009699	phenylpropanoid biosynthetic process	3	AT1G67980;AT1G67990;AT5G22500	2.415	1.4151943329451258	1.2422360248447204	0.48258706467661694	96	147	200	1.0
CHH	gain	GO:0009719	response to endogenous stimulus	7	AT1G26960;AT1G49190;AT2G34070;AT3G57040;AT4G35770;AT5G24290;AT5G37500	37.11	5.665500860471207	0.18862840204796552	1.0	200	147	200	1.0
CHH	gain	GO:0009725	response to hormone	7	AT1G26960;AT1G49190;AT2G34070;AT3G57040;AT4G35770;AT5G24290;AT5G37500	37.01	5.6885762717924555	0.18913807079167794	1.0	200	147	200	1.0
CHH	gain	GO:0009753	response to jasmonic acid	4	AT2G34070;AT4G35770;AT5G24290;AT5G37500	5.835	2.426473778964035	0.6855184233076264	0.8258706467661692	165	147	200	1.0
CHH	gain	GO:0009755	hormone-mediated signaling pathway	3	AT1G49190;AT2G34070;AT3G57040	12.99	3.307551964822321	0.23094688221709006	1.0	200	147	200	1.0
CHH	gain	GO:0009791	post-embryonic development	9	AT1G26960;AT1G55540;AT1G67990;AT1G73177;AT2G31215;AT2G48130;AT5G20320;AT5G23040;AT5G62165	45.92	5.871422314908016	0.19599303135888502	1.0	200	147	200	1.0
CHH	gain	GO:0009889	regulation of biosynthetic process	12	AT1G26960;AT1G49190;AT2G10440;AT2G31215;AT3G57040;AT4G04030;AT4G25530;AT5G20320;AT5G22290;AT5G40850;AT5G53660;AT5G62165	67.76	8.322403498989917	0.17709563164108616	1.0	200	147	200	1.0
CHH	gain	GO:0009890	negative regulation of biosynthetic process	3	AT4G04030;AT4G25530;AT5G20320	16.985	3.9780365760007843	0.17662643508978512	1.0	200	147	200	1.0
CHH	gain	GO:0009891	positive regulation of biosynthetic process	4	AT2G10440;AT5G22290;AT5G40850;AT5G62165	14.265	3.3052647397750126	0.28040658955485454	1.0	200	147	200	1.0
CHH	gain	GO:0009892	negative regulation of metabolic process	4	AT4G04030;AT4G25530;AT5G20320;AT5G44585	19.565	4.333102237427586	0.20444671607462303	1.0	200	147	200	1.0
CHH	gain	GO:0009893	positive regulation of metabolic process	4	AT2G10440;AT5G22290;AT5G40850;AT5G62165	16.95	3.706413360649358	0.2359882005899705	1.0	200	147	200	1.0
CHH	gain	GO:0009909	regulation of flower development	3	AT4G25530;AT5G22290;AT5G62165	5.49	2.156362678215331	0.5464480874316939	0.9303482587064676	186	147	200	1.0
CHH	gain	GO:0009987	cellular process	64	AT1G19890;AT1G23720;AT1G24490;AT1G26960;AT1G32180;AT1G33910;AT1G44575;AT1G49005;AT1G49190;AT1G50490;AT1G55540;AT1G62930;AT1G65550;AT1G67980;AT1G67990;AT1G69940;AT1G71920;AT1G73177;AT2G01150;AT2G01990;AT2G04090;AT2G16980;AT2G18660;AT2G22450;AT2G24490;AT2G30920;AT2G34070;AT2G38195;AT2G38220;AT2G42005;AT2G42725;AT3G10900;AT3G28550;AT3G29110;AT3G42153;AT3G44370;AT3G51860;AT3G51870;AT3G54860;AT3G57040;AT3G60140;AT4G08990;AT4G14140;AT4G18690;AT4G23560;AT4G28850;AT4G34090;AT5G02370;AT5G05760;AT5G06630;AT5G07420;AT5G18990;AT5G20320;AT5G22290;AT5G22500;AT5G23040;AT5G23120;AT5G24290;AT5G37500;AT5G39770;AT5G40850;AT5G44585;AT5G49010;AT5G53660	320.585	9.001265188850924	0.19963504218849917	1.0	200	147	200	1.0
CHH	gain	GO:0010015	root morphogenesis	3	AT1G26960;AT1G49005;AT5G44585	11.05	3.150793550837627	0.27149321266968324	0.9950248756218906	199	147	200	1.0
CHH	gain	GO:0010073	meristem maintenance	3	AT1G49005;AT5G20320;AT5G44585	6.18	2.409896263327532	0.4854368932038835	0.9353233830845771	187	147	200	1.0
CHH	gain	GO:0010154	fruit development	4	AT1G55540;AT1G67990;AT2G48130;AT5G23040	21.29	4.268008903458384	0.18788163457022078	1.0	200	147	200	1.0
CHH	gain	GO:0010467	gene expression	7	AT1G62930;AT1G73177;AT2G42725;AT4G18690;AT5G20320;AT5G23040;AT5G53660	40.86	6.1911549811000395	0.17131669114047968	1.0	200	147	200	1.0
CHH	gain	GO:0010468	regulation of gene expression	11	AT1G26960;AT1G49190;AT2G10440;AT2G31215;AT3G57040;AT4G04030;AT4G25530;AT5G20320;AT5G22290;AT5G53660;AT5G62165	62.615	8.232665121332206	0.17567675477122094	1.0	200	147	200	1.0
CHH	gain	GO:0010556	regulation of macromolecule biosynthetic process	11	AT1G26960;AT1G49190;AT2G10440;AT2G31215;AT3G57040;AT4G04030;AT4G25530;AT5G20320;AT5G22290;AT5G53660;AT5G62165	64.05	8.163792011069424	0.1717408274785324	1.0	200	147	200	1.0
CHH	gain	GO:0010557	positive regulation of macromolecule biosynthetic process	3	AT2G10440;AT5G22290;AT5G62165	12.375	3.1771646164465595	0.24242424242424243	1.0	200	147	200	1.0
CHH	gain	GO:0010558	negative regulation of macromolecule biosynthetic process	3	AT4G04030;AT4G25530;AT5G20320	16.495	3.968623816891688	0.18187329493785995	1.0	200	147	200	1.0
CHH	gain	GO:0010604	positive regulation of macromolecule metabolic process	3	AT2G10440;AT5G22290;AT5G62165	14.25	3.4069781331848885	0.21052631578947367	1.0	200	147	200	1.0
CHH	gain	GO:0010605	negative regulation of macromolecule metabolic process	3	AT4G04030;AT4G25530;AT5G20320	18.02	4.144828102587608	0.16648168701442842	1.0	200	147	200	1.0
CHH	gain	GO:0016043	cellular component organization	19	AT1G23720;AT1G24490;AT1G44575;AT1G69940;AT2G01990;AT2G34070;AT3G28550;AT3G44370;AT3G54860;AT4G34090;AT5G05760;AT5G06630;AT5G07420;AT5G18990;AT5G20320;AT5G23040;AT5G23120;AT5G39770;AT5G44585	66.895	7.043718833116575	0.284027206816653	1.0	200	147	200	1.0
CHH	gain	GO:0016052	carbohydrate catabolic process	4	AT1G69940;AT3G10900;AT5G07420;AT5G18990	6.16	2.5048752463945188	0.6493506493506493	0.845771144278607	169	147	200	1.0
CHH	gain	GO:0016070	RNA metabolic process	6	AT1G62930;AT1G73177;AT2G42725;AT4G18690;AT5G20320;AT5G53660	34.785	5.868455929799599	0.172488141440276	1.0	200	147	200	1.0
CHH	gain	GO:0016567	protein ubiquitination	5	AT1G50490;AT1G73177;AT2G01150;AT2G38195;AT2G38220	15.73	3.81144329618059	0.31786395422759056	1.0	200	147	200	1.0
CHH	gain	GO:0019219	regulation of nucleobase-containing compound metabolic process	10	AT1G26960;AT1G49190;AT2G10440;AT2G31215;AT3G57040;AT4G04030;AT4G25530;AT5G22290;AT5G53660;AT5G62165	52.525	7.737530290732322	0.19038553069966682	1.0	200	147	200	1.0
CHH	gain	GO:0019222	regulation of metabolic process	13	AT1G26960;AT1G49190;AT2G10440;AT2G31215;AT3G57040;AT4G04030;AT4G25530;AT5G20320;AT5G22290;AT5G40850;AT5G44585;AT5G53660;AT5G62165	76.77	8.582954036926948	0.16933698059137686	1.0	200	147	200	1.0
CHH	gain	GO:0019538	protein metabolic process	6	AT1G50490;AT1G73177;AT2G01150;AT2G38195;AT2G38220;AT5G23040	60.68	6.297428046432925	0.0988793671720501	1.0	200	147	200	1.0
CHH	gain	GO:0019748	secondary metabolic process	3	AT1G67980;AT1G67990;AT5G22500	5.245	2.1035624545042624	0.5719733079122974	0.9203980099502488	184	147	200	1.0
CHH	gain	GO:0019953	sexual reproduction	3	AT1G19890;AT2G01990;AT5G39770	8.255	2.8478017838325718	0.3634161114476075	0.9900497512437811	198	147	200	1.0
CHH	gain	GO:0022414	reproductive process	12	AT1G19890;AT1G55540;AT1G67990;AT1G69940;AT1G73177;AT2G01990;AT2G31215;AT2G48130;AT5G20320;AT5G23040;AT5G39770;AT5G62165	51.81	6.298722092615277	0.23161551823972204	1.0	200	147	200	1.0
CHH	gain	GO:0022607	cellular component assembly	3	AT3G44370;AT4G34090;AT5G23120	19.45	4.305519713112463	0.15424164524421594	1.0	200	147	200	1.0
CHH	gain	GO:0022622	root system development	3	AT1G26960;AT1G49005;AT5G44585	19.48	4.342764096747594	0.1540041067761807	1.0	200	147	200	1.0
CHH	gain	GO:0023052	signaling	6	AT1G33910;AT1G49005;AT1G49190;AT2G34070;AT3G57040;AT5G44585	34.59	5.087425675132722	0.17346053772766695	1.0	200	147	200	1.0
CHH	gain	GO:0030001	metal ion transport	3	AT3G51860;AT5G24290;AT5G37500	8.35	2.706935536727833	0.3592814371257485	0.9950248756218906	199	147	200	1.0
CHH	gain	GO:0030154	cell differentiation	5	AT1G19890;AT1G26960;AT1G49005;AT1G69940;AT5G44585	18.345	3.9237705080700147	0.27255382938130285	1.0	200	147	200	1.0
CHH	gain	GO:0032446	protein modification by small protein conjugation	5	AT1G50490;AT1G73177;AT2G01150;AT2G38195;AT2G38220	16.545	3.884324265557642	0.30220610456331215	1.0	200	147	200	1.0
CHH	gain	GO:0032501	multicellular organismal process	17	AT1G13245;AT1G19890;AT1G26960;AT1G49005;AT1G55540;AT1G67990;AT1G69940;AT1G73177;AT2G31215;AT2G38195;AT2G38220;AT2G48130;AT5G20320;AT5G23040;AT5G44585;AT5G53660;AT5G62165	86.6	7.654410493303913	0.19630484988452657	1.0	200	147	200	1.0
CHH	gain	GO:0032502	developmental process	17	AT1G13245;AT1G19890;AT1G26960;AT1G49005;AT1G55540;AT1G67990;AT1G69940;AT1G73177;AT2G31215;AT2G38195;AT2G38220;AT2G48130;AT5G20320;AT5G23040;AT5G44585;AT5G53660;AT5G62165	92.445	8.11399870594037	0.1838931256422738	1.0	200	147	200	1.0
CHH	gain	GO:0032774	RNA biosynthetic process	6	AT1G62930;AT1G73177;AT2G42725;AT4G18690;AT5G20320;AT5G53660	24.45	4.8638976140539825	0.24539877300613497	1.0	200	147	200	1.0
CHH	gain	GO:0032870	cellular response to hormone stimulus	3	AT1G49190;AT2G34070;AT3G57040	15.43	3.8203533867955204	0.19442644199611148	1.0	200	147	200	1.0
CHH	gain	GO:0033036	macromolecule localization	5	AT1G24490;AT1G55540;AT2G48130;AT3G44370;AT5G05760	20.76	4.4556032139318615	0.24084778420038533	1.0	200	147	200	1.0
CHH	gain	GO:0033554	cellular response to stress	6	AT1G33910;AT2G01150;AT2G24490;AT3G51860;AT5G22290;AT5G39770	29.015	4.893339861485205	0.2067895915905566	1.0	200	147	200	1.0
CHH	gain	GO:0033993	response to lipid	5	AT1G26960;AT2G34070;AT4G35770;AT5G24290;AT5G37500	25.07	4.969416464737085	0.1994415636218588	1.0	200	147	200	1.0
CHH	gain	GO:0034220	monoatomic ion transmembrane transport	3	AT3G51860;AT5G24290;AT5G37500	13.415	3.566899914491576	0.22363026462914648	1.0	200	147	200	1.0
CHH	gain	GO:0034654	nucleobase-containing compound biosynthetic process	6	AT1G62930;AT1G73177;AT2G42725;AT4G18690;AT5G20320;AT5G53660	31.71	5.2024897885531525	0.1892147587511826	1.0	200	147	200	1.0
CHH	gain	GO:0035556	intracellular signal transduction	3	AT1G33910;AT1G49190;AT3G57040	11.15	3.1188940347501397	0.26905829596412556	1.0	200	147	200	1.0
CHH	gain	GO:0036211	protein modification process	5	AT1G50490;AT1G73177;AT2G01150;AT2G38195;AT2G38220	28.1	5.047771785649576	0.1779359430604982	1.0	200	147	200	1.0
CHH	gain	GO:0042221	response to chemical	10	AT1G26960;AT1G49190;AT2G01150;AT2G04090;AT2G34070;AT3G51860;AT3G57040;AT4G35770;AT5G24290;AT5G37500	73.4	7.166589146867544	0.13623978201634876	1.0	200	147	200	1.0
CHH	gain	GO:0042545	cell wall modification	4	AT1G69940;AT2G34070;AT5G07420;AT5G18990	4.655	2.1968101875218986	0.8592910848549946	0.7114427860696517	142	147	200	1.0
CHH	gain	GO:0043170	macromolecule metabolic process	20	AT1G32180;AT1G50490;AT1G62930;AT1G69940;AT1G73177;AT2G01150;AT2G24490;AT2G38195;AT2G38220;AT2G42725;AT3G10900;AT4G18690;AT4G28850;AT5G07420;AT5G18990;AT5G20320;AT5G23040;AT5G39770;AT5G49010;AT5G53660	119.57	8.636845488950366	0.16726603663126202	1.0	200	147	200	1.0
CHH	gain	GO:0043207	response to external biotic stimulus	9	AT1G64790;AT1G69940;AT2G15480;AT2G18660;AT3G51860;AT3G51870;AT5G20320;AT5G22290;AT5G44585	34.035	5.47574424165338	0.26443367122080214	1.0	200	147	200	1.0
CHH	gain	GO:0043412	macromolecule modification	5	AT1G50490;AT1G73177;AT2G01150;AT2G38195;AT2G38220	36.8	5.445181356024822	0.13586956521739132	1.0	200	147	200	1.0
CHH	gain	GO:0043687	post-translational protein modification	5	AT1G50490;AT1G73177;AT2G01150;AT2G38195;AT2G38220	19.595	4.155836257602082	0.25516713447307987	1.0	200	147	200	1.0
CHH	gain	GO:0043933	protein-containing complex organization	3	AT3G44370;AT4G34090;AT5G23120	9.715	3.010610403223903	0.30880082346886256	1.0	200	147	200	1.0
CHH	gain	GO:0044085	cellular component biogenesis	4	AT3G44370;AT4G28850;AT4G34090;AT5G23120	28.54	5.108659315319439	0.1401541695865452	1.0	200	147	200	1.0
CHH	gain	GO:0044238	primary metabolic process	26	AT1G32180;AT1G50490;AT1G62930;AT1G69940;AT1G71920;AT1G73177;AT2G01150;AT2G24490;AT2G38195;AT2G38220;AT2G42725;AT3G10900;AT3G29110;AT3G42153;AT3G60140;AT4G18690;AT4G23560;AT4G28850;AT5G07420;AT5G18990;AT5G20320;AT5G23040;AT5G39770;AT5G44585;AT5G49010;AT5G53660	168.085	9.618096225345129	0.15468364220483682	1.0	200	147	200	1.0
CHH	gain	GO:0044281	small molecule metabolic process	4	AT1G71920;AT2G22450;AT2G30920;AT5G44585	36.025	5.995362791358004	0.11103400416377517	1.0	200	147	200	1.0
CHH	gain	GO:0044283	small molecule biosynthetic process	4	AT1G71920;AT2G22450;AT2G30920;AT5G44585	15.245	3.9553729280562178	0.2623811085601837	1.0	200	147	200	1.0
CHH	gain	GO:0044419	biological process involved in interspecies interaction between organisms	9	AT1G64790;AT1G69940;AT2G15480;AT2G18660;AT3G51860;AT3G51870;AT5G20320;AT5G22290;AT5G44585	34.45	5.540532465386316	0.2612481857764876	1.0	200	147	200	1.0
CHH	gain	GO:0044550	secondary metabolite biosynthetic process	3	AT1G67980;AT1G67990;AT5G22500	2.81	1.582371637764024	1.0676156583629892	0.572139303482587	114	147	200	1.0
CHH	gain	GO:0045087	innate immune response	3	AT1G64790;AT5G20320;AT5G22290	5.47	2.1769474040499923	0.5484460694698355	0.9303482587064676	186	147	200	1.0
CHH	gain	GO:0045229	external encapsulating structure organization	8	AT1G23720;AT1G69940;AT2G34070;AT3G28550;AT5G06630;AT5G07420;AT5G18990;AT5G44585	9.785	3.070631042636023	0.8175779253960143	0.746268656716418	149	147	200	1.0
CHH	gain	GO:0045488	pectin metabolic process	3	AT1G69940;AT5G07420;AT5G18990	4.3	1.8248287590894665	0.6976744186046512	0.8407960199004975	168	147	200	1.0
CHH	gain	GO:0045490	pectin catabolic process	3	AT1G69940;AT5G07420;AT5G18990	2.165	1.310639157052772	1.3856812933025404	0.35323383084577115	70	147	200	1.0
CHH	gain	GO:0045893	positive regulation of DNA-templated transcription	3	AT2G10440;AT5G22290;AT5G62165	9.45	2.8526303651191856	0.3174603174603175	1.0	200	147	200	1.0
CHH	gain	GO:0048229	gametophyte development	4	AT1G19890;AT1G73177;AT2G38195;AT2G38220	17.095	3.651845423891874	0.23398654577361802	1.0	200	147	200	1.0
CHH	gain	GO:0048316	seed development	4	AT1G55540;AT1G67990;AT2G48130;AT5G23040	20.27	4.174577822966061	0.1973359644795264	1.0	200	147	200	1.0
CHH	gain	GO:0048364	root development	3	AT1G26960;AT1G49005;AT5G44585	19.42	4.315506922714862	0.1544799176107106	1.0	200	147	200	1.0
CHH	gain	GO:0048367	shoot system development	5	AT1G13245;AT1G73177;AT2G31215;AT5G53660;AT5G62165	23.74	4.371773095667259	0.2106149957877001	1.0	200	147	200	1.0
CHH	gain	GO:0048507	meristem development	3	AT1G49005;AT5G20320;AT5G44585	9.245	2.9146140396285767	0.3244997295835587	1.0	200	147	200	1.0
CHH	gain	GO:0048518	positive regulation of biological process	8	AT2G01150;AT2G10440;AT4G25530;AT5G22290;AT5G23040;AT5G37500;AT5G40850;AT5G62165	31.415	5.156818302015311	0.2546554193856438	1.0	200	147	200	1.0
CHH	gain	GO:0048519	negative regulation of biological process	6	AT1G13245;AT4G04030;AT4G25530;AT5G20320;AT5G22290;AT5G44585	33.55	5.500681775925614	0.17883755588673622	1.0	200	147	200	1.0
CHH	gain	GO:0048522	positive regulation of cellular process	7	AT2G01150;AT2G10440;AT5G22290;AT5G23040;AT5G37500;AT5G40850;AT5G62165	24.2	4.597825573029058	0.2892561983471075	1.0	200	147	200	1.0
CHH	gain	GO:0048523	negative regulation of cellular process	5	AT1G13245;AT4G04030;AT4G25530;AT5G20320;AT5G44585	26.57	4.9804718651950965	0.1881821603312006	1.0	200	147	200	1.0
CHH	gain	GO:0048580	regulation of post-embryonic development	3	AT4G25530;AT5G22290;AT5G62165	12.33	3.3318313282637826	0.24330900243309003	1.0	200	147	200	1.0
CHH	gain	GO:0048583	regulation of response to stimulus	4	AT1G26960;AT2G01150;AT3G51860;AT5G44585	26.965	5.0382313364910125	0.1483404413128129	1.0	200	147	200	1.0
CHH	gain	GO:0048608	reproductive structure development	8	AT1G55540;AT1G67990;AT1G73177;AT2G31215;AT2G48130;AT5G20320;AT5G23040;AT5G62165	37.425	5.315484455813996	0.21376085504342018	1.0	200	147	200	1.0
CHH	gain	GO:0048731	system development	13	AT1G13245;AT1G26960;AT1G49005;AT1G55540;AT1G67990;AT1G73177;AT2G31215;AT2G48130;AT5G20320;AT5G23040;AT5G44585;AT5G53660;AT5G62165	60.375	6.8916162835723975	0.2153209109730849	1.0	200	147	200	1.0
CHH	gain	GO:0048827	phyllome development	4	AT1G73177;AT2G31215;AT5G53660;AT5G62165	16.415	3.6376881394644047	0.24367956137678953	1.0	200	147	200	1.0
CHH	gain	GO:0048831	regulation of shoot system development	3	AT4G25530;AT5G22290;AT5G62165	5.825	2.234809835310378	0.5150214592274678	0.9303482587064676	186	147	200	1.0
CHH	gain	GO:0048856	anatomical structure development	17	AT1G13245;AT1G19890;AT1G26960;AT1G49005;AT1G55540;AT1G67990;AT1G69940;AT1G73177;AT2G31215;AT2G38195;AT2G38220;AT2G48130;AT5G20320;AT5G23040;AT5G44585;AT5G53660;AT5G62165	90.35	7.935206361525928	0.18815716657443277	1.0	200	147	200	1.0
CHH	gain	GO:0048869	cellular developmental process	5	AT1G19890;AT1G26960;AT1G49005;AT1G69940;AT5G44585	20.705	4.215207586821797	0.2414875633904854	1.0	200	147	200	1.0
CHH	gain	GO:0050789	regulation of biological process	21	AT1G13245;AT1G26960;AT1G33910;AT1G49005;AT1G49190;AT2G01150;AT2G10440;AT2G31215;AT2G34070;AT3G51860;AT3G57040;AT4G04030;AT4G25530;AT5G20320;AT5G22290;AT5G23040;AT5G37500;AT5G40850;AT5G44585;AT5G53660;AT5G62165	130.615	10.23898310380478	0.16077785859204533	1.0	200	147	200	1.0
CHH	gain	GO:0050793	regulation of developmental process	5	AT1G49005;AT4G25530;AT5G22290;AT5G44585;AT5G62165	27.48	5.068490899666294	0.1819505094614265	1.0	200	147	200	1.0
CHH	gain	GO:0050794	regulation of cellular process	21	AT1G13245;AT1G26960;AT1G33910;AT1G49005;AT1G49190;AT2G01150;AT2G10440;AT2G31215;AT2G34070;AT3G51860;AT3G57040;AT4G04030;AT4G25530;AT5G20320;AT5G22290;AT5G23040;AT5G37500;AT5G40850;AT5G44585;AT5G53660;AT5G62165	118.235	9.646231129306477	0.17761238212035355	1.0	200	147	200	1.0
CHH	gain	GO:0050896	response to stimulus	27	AT1G13245;AT1G26960;AT1G33910;AT1G44575;AT1G49190;AT1G64790;AT1G69940;AT2G01150;AT2G04090;AT2G15480;AT2G18660;AT2G24490;AT2G34070;AT3G51860;AT3G51870;AT3G57040;AT4G35770;AT5G20320;AT5G22290;AT5G22500;AT5G23040;AT5G24290;AT5G37500;AT5G39770;AT5G40850;AT5G44585;AT5G53660	147.26	9.77150960701592	0.1833491783240527	1.0	200	147	200	1.0
CHH	gain	GO:0051179	localization	14	AT1G24490;AT1G55540;AT1G65550;AT2G04090;AT2G16980;AT2G42005;AT2G48130;AT3G44370;AT3G51860;AT3G51870;AT3G54860;AT5G05760;AT5G24290;AT5G37500	72.135	7.626058942861605	0.19408054342552158	1.0	200	147	200	1.0
CHH	gain	GO:0051234	establishment of localization	13	AT1G55540;AT1G65550;AT2G04090;AT2G16980;AT2G42005;AT2G48130;AT3G44370;AT3G51860;AT3G51870;AT3G54860;AT5G05760;AT5G24290;AT5G37500	67.9	7.539893898457687	0.1914580265095729	1.0	200	147	200	1.0
CHH	gain	GO:0051239	regulation of multicellular organismal process	3	AT4G25530;AT5G22290;AT5G62165	15.76	3.6881431642494595	0.1903553299492386	1.0	200	147	200	1.0
CHH	gain	GO:0051252	regulation of RNA metabolic process	10	AT1G26960;AT1G49190;AT2G10440;AT2G31215;AT3G57040;AT4G04030;AT4G25530;AT5G22290;AT5G53660;AT5G62165	49.775	7.621966609740568	0.20090406830738322	1.0	200	147	200	1.0
CHH	gain	GO:0051254	positive regulation of RNA metabolic process	3	AT2G10440;AT5G22290;AT5G62165	10.69	3.089320313596505	0.28063610851262866	1.0	200	147	200	1.0
CHH	gain	GO:0051641	cellular localization	3	AT1G55540;AT3G44370;AT5G05760	16.325	4.221300155165472	0.18376722817764166	1.0	200	147	200	1.0
CHH	gain	GO:0051707	response to other organism	9	AT1G64790;AT1G69940;AT2G15480;AT2G18660;AT3G51860;AT3G51870;AT5G20320;AT5G22290;AT5G44585	34.035	5.47574424165338	0.26443367122080214	1.0	200	147	200	1.0
CHH	gain	GO:0051716	cellular response to stimulus	9	AT1G33910;AT1G49190;AT2G01150;AT2G24490;AT2G34070;AT3G51860;AT3G57040;AT5G22290;AT5G39770	66.69	7.336477356333918	0.1349527665317139	1.0	200	147	200	1.0
CHH	gain	GO:0055085	transmembrane transport	8	AT1G65550;AT2G04090;AT2G16980;AT2G42005;AT3G51860;AT3G51870;AT5G24290;AT5G37500	38.66	6.236537500889445	0.20693222969477498	1.0	200	147	200	1.0
CHH	gain	GO:0060255	regulation of macromolecule metabolic process	11	AT1G26960;AT1G49190;AT2G10440;AT2G31215;AT3G57040;AT4G04030;AT4G25530;AT5G20320;AT5G22290;AT5G53660;AT5G62165	68.155	8.237777309444557	0.16139681608099185	1.0	200	147	200	1.0
CHH	gain	GO:0061024	membrane organization	3	AT1G44575;AT3G44370;AT5G05760	4.52	2.061455796276021	0.6637168141592921	0.8407960199004975	168	147	200	1.0
CHH	gain	GO:0061458	reproductive system development	8	AT1G55540;AT1G67990;AT1G73177;AT2G31215;AT2G48130;AT5G20320;AT5G23040;AT5G62165	37.425	5.315484455813996	0.21376085504342018	1.0	200	147	200	1.0
CHH	gain	GO:0065003	protein-containing complex assembly	3	AT3G44370;AT4G34090;AT5G23120	8.895	2.900685263864387	0.3372681281618887	0.9900497512437811	198	147	200	1.0
CHH	gain	GO:0065007	biological regulation	21	AT1G13245;AT1G26960;AT1G33910;AT1G49005;AT1G49190;AT2G01150;AT2G10440;AT2G31215;AT2G34070;AT3G51860;AT3G57040;AT4G04030;AT4G25530;AT5G20320;AT5G22290;AT5G23040;AT5G37500;AT5G40850;AT5G44585;AT5G53660;AT5G62165	136.6	10.302912209661958	0.15373352855051245	1.0	200	147	200	1.0
CHH	gain	GO:0070542	response to fatty acid	4	AT2G34070;AT4G35770;AT5G24290;AT5G37500	5.905	2.4710271143797677	0.6773920406435224	0.8258706467661692	165	147	200	1.0
CHH	gain	GO:0070647	protein modification by small protein conjugation or removal	5	AT1G50490;AT1G73177;AT2G01150;AT2G38195;AT2G38220	19.36	4.201237912806175	0.2582644628099174	1.0	200	147	200	1.0
CHH	gain	GO:0070887	cellular response to chemical stimulus	4	AT1G49190;AT2G01150;AT2G34070;AT3G57040	31.975	5.224401879641327	0.12509773260359655	1.0	200	147	200	1.0
CHH	gain	GO:0071495	cellular response to endogenous stimulus	3	AT1G49190;AT2G34070;AT3G57040	15.53	3.7959320331112387	0.19317450096587252	1.0	200	147	200	1.0
CHH	gain	GO:0071554	cell wall organization or biogenesis	9	AT1G23720;AT1G69940;AT2G34070;AT3G28550;AT4G28850;AT5G06630;AT5G07420;AT5G18990;AT5G44585	12.975	3.33981661173185	0.6936416184971098	0.9054726368159204	181	147	200	1.0
CHH	gain	GO:0071555	cell wall organization	8	AT1G23720;AT1G69940;AT2G34070;AT3G28550;AT5G06630;AT5G07420;AT5G18990;AT5G44585	7.985	2.616252090300168	1.0018785222291797	0.5572139303482587	111	147	200	1.0
CHH	gain	GO:0071669	plant-type cell wall organization or biogenesis	5	AT1G23720;AT2G34070;AT3G28550;AT5G06630;AT5G44585	7.12	2.5130857526156953	0.7022471910112359	0.8407960199004975	168	147	200	1.0
CHH	gain	GO:0071840	cellular component organization or biogenesis	20	AT1G23720;AT1G24490;AT1G44575;AT1G69940;AT2G01990;AT2G34070;AT3G28550;AT3G44370;AT3G54860;AT4G28850;AT4G34090;AT5G05760;AT5G06630;AT5G07420;AT5G18990;AT5G20320;AT5G23040;AT5G23120;AT5G39770;AT5G44585	73.475	7.3925215589811355	0.27220142905750255	1.0	200	147	200	1.0
CHH	gain	GO:0080090	regulation of primary metabolic process	10	AT1G26960;AT1G49190;AT2G10440;AT2G31215;AT3G57040;AT4G04030;AT4G25530;AT5G22290;AT5G53660;AT5G62165	60.545	7.703114629810429	0.16516640515319184	1.0	200	147	200	1.0
CHH	gain	GO:0080134	regulation of response to stress	4	AT1G26960;AT2G01150;AT3G51860;AT5G44585	13.51	3.6248999986206534	0.29607698001480387	1.0	200	147	200	1.0
CHH	gain	GO:0090304	nucleic acid metabolic process	9	AT1G62930;AT1G73177;AT2G24490;AT2G42725;AT4G18690;AT5G20320;AT5G39770;AT5G49010;AT5G53660	49.04	6.308597308435503	0.1835236541598695	1.0	200	147	200	1.0
CHH	gain	GO:0090567	reproductive shoot system development	3	AT1G73177;AT2G31215;AT5G62165	12.68	3.26153338170867	0.23659305993690852	1.0	200	147	200	1.0
CHH	gain	GO:0098542	defense response to other organism	4	AT1G64790;AT2G18660;AT5G20320;AT5G22290	8.025	2.650353749973764	0.4984423676012461	0.9800995024875622	196	147	200	1.0
CHH	gain	GO:0098655	monoatomic cation transmembrane transport	3	AT3G51860;AT5G24290;AT5G37500	11.81	3.2930077436896488	0.2540220152413209	0.9950248756218906	199	147	200	1.0
CHH	gain	GO:0099402	plant organ development	7	AT1G26960;AT1G49005;AT1G73177;AT2G31215;AT5G44585;AT5G53660;AT5G62165	36.505	5.649776544253745	0.19175455417066153	1.0	200	147	200	1.0
CHH	gain	GO:0140546	defense response to symbiont	4	AT1G64790;AT2G18660;AT5G20320;AT5G22290	7.19	2.552234315261824	0.5563282336578581	0.945273631840796	189	147	200	1.0
CHH	gain	GO:0141187	nucleic acid biosynthetic process	6	AT1G62930;AT1G73177;AT2G42725;AT4G18690;AT5G20320;AT5G53660	26.325	5.052660190434338	0.22792022792022792	1.0	200	147	200	1.0
CHH	gain	GO:0160109	plant gross anatomical part developmental process	16	AT1G13245;AT1G19890;AT1G26960;AT1G49005;AT1G55540;AT1G67990;AT1G73177;AT2G31215;AT2G38195;AT2G38220;AT2G48130;AT5G20320;AT5G23040;AT5G44585;AT5G53660;AT5G62165	72.975	7.286588708030705	0.21925316889345667	1.0	200	147	200	1.0
CHH	gain	GO:1901700	response to oxygen-containing compound	5	AT1G26960;AT2G34070;AT4G35770;AT5G24290;AT5G37500	44.75	6.199798383818623	0.11173184357541899	1.0	200	147	200	1.0
CHH	gain	GO:1902680	positive regulation of RNA biosynthetic process	3	AT2G10440;AT5G22290;AT5G62165	9.45	2.8526303651191856	0.3174603174603175	1.0	200	147	200	1.0
CHH	gain	GO:1905392	plant organ morphogenesis	3	AT1G26960;AT1G49005;AT5G44585	16.015	3.961663160845454	0.18732438339057134	1.0	200	147	200	1.0
CHH	gain	GO:2000026	regulation of multicellular organismal development	3	AT4G25530;AT5G22290;AT5G62165	13.025	3.4153147731944093	0.23032629558541265	1.0	200	147	200	1.0
CHH	gain	GO:2000241	regulation of reproductive process	3	AT4G25530;AT5G22290;AT5G62165	8.89	2.779910070487891	0.3374578177727784	0.9950248756218906	199	147	200	1.0
CHH	gain	GO:2001141	regulation of RNA biosynthetic process	10	AT1G26960;AT1G49190;AT2G10440;AT2G31215;AT3G57040;AT4G04030;AT4G25530;AT5G22290;AT5G53660;AT5G62165	47.605	7.425562268273043	0.2100619682806428	1.0	200	147	200	1.0
CHH	loss	GO:0003006	developmental process involved in reproduction	4	AT2G48130;AT3G07610;AT3G46330;AT3G60960	48.615	6.532746359686671	0.08227913195515787	1.0	200	155	200	1.0
CHH	loss	GO:0005975	carbohydrate metabolic process	6	AT1G11590;AT1G17150;AT1G71930;AT2G44540;AT5G13980;AT5G27870	29.505	4.828040492787951	0.20335536349771227	1.0	200	155	200	1.0
CHH	loss	GO:0005976	polysaccharide metabolic process	3	AT1G11590;AT1G71930;AT5G27870	14.85	3.270703288285261	0.20202020202020202	1.0	200	155	200	1.0
CHH	loss	GO:0006139	nucleobase-containing compound metabolic process	6	AT2G11045;AT2G39140;AT3G16680;AT5G39770;AT5G39920;AT5G49010	62.79	7.484377061586346	0.09555661729574773	1.0	200	155	200	1.0
CHH	loss	GO:0006325	chromatin organization	3	AT1G62310;AT3G07610;AT3G32280	14.915	3.789165475404846	0.2011397921555481	1.0	200	155	200	1.0
CHH	loss	GO:0006338	chromatin remodeling	3	AT1G62310;AT3G07610;AT3G32280	13.53	3.531161282071385	0.22172949002217296	1.0	200	155	200	1.0
CHH	loss	GO:0006355	regulation of DNA-templated transcription	15	AT1G19510;AT1G31640;AT1G34170;AT1G34310;AT1G34390;AT1G34410;AT1G35240;AT1G35540;AT1G49190;AT1G55950;AT1G71930;AT3G03260;AT4G04030;AT5G04590;AT5G39690	49.84	6.429961119633578	0.30096308186195825	1.0	200	155	200	1.0
CHH	loss	GO:0006396	RNA processing	3	AT2G11045;AT2G39140;AT5G39920	18.8	4.008740450565481	0.15957446808510636	1.0	200	155	200	1.0
CHH	loss	GO:0006412	translation	3	AT2G07715;AT2G39140;AT3G10950	9.76	3.0003999733368896	0.3073770491803279	0.9950248756218906	199	155	200	1.0
CHH	loss	GO:0006508	proteolysis	4	AT2G04160;AT2G07200;AT4G21640;AT5G28550	11.535	3.1062477364176866	0.3467706978760295	0.9950248756218906	199	155	200	1.0
CHH	loss	GO:0006629	lipid metabolic process	5	AT1G44090;AT1G80340;AT2G01900;AT2G04350;AT3G45140	25.515	4.964853975697571	0.19596315892612187	1.0	200	155	200	1.0
CHH	loss	GO:0006790	sulfur compound metabolic process	4	AT3G09270;AT5G04590;AT5G05260;AT5G28030	7.815	2.7840213720444025	0.5118362124120281	0.9502487562189055	190	155	200	1.0
CHH	loss	GO:0006810	transport	5	AT2G28640;AT2G48130;AT3G28345;AT4G08300;AT5G58180	69.115	6.777298503091037	0.0723431961224047	1.0	200	155	200	1.0
CHH	loss	GO:0006950	response to stress	13	AT1G33910;AT1G52940;AT1G58390;AT1G70840;AT1G71930;AT2G01900;AT3G45140;AT4G16860;AT5G04590;AT5G08055;AT5G28030;AT5G39770;AT5G52605	94.605	8.133202013967084	0.13741345594841708	1.0	200	155	200	1.0
CHH	loss	GO:0006952	defense response	7	AT1G52940;AT1G58390;AT1G70840;AT1G71930;AT4G16860;AT5G08055;AT5G52605	30.09	5.06970413337899	0.2326354270521768	1.0	200	155	200	1.0
CHH	loss	GO:0006996	organelle organization	6	AT1G44575;AT2G39140;AT3G46000;AT3G50590;AT5G39770;AT5G58180	36.865	5.274161070729617	0.16275600162756002	1.0	200	155	200	1.0
CHH	loss	GO:0007049	cell cycle	3	AT2G38195;AT2G38220;AT5G39770	14.495	3.5916535189241197	0.2069679199724043	1.0	200	155	200	1.0
CHH	loss	GO:0007154	cell communication	4	AT1G33910;AT1G49190;AT1G64480;AT4G16860	37.335	5.516590885682931	0.10713807419311637	1.0	200	155	200	1.0
CHH	loss	GO:0007165	signal transduction	4	AT1G33910;AT1G49190;AT1G64480;AT4G16860	35.45	5.405321452050745	0.11283497884344146	1.0	200	155	200	1.0
CHH	loss	GO:0007275	multicellular organism development	10	AT1G80340;AT2G04160;AT2G38195;AT2G38220;AT2G48130;AT3G07610;AT3G46330;AT3G50590;AT3G60960;AT5G11420	82.63	7.545402573753119	0.1210214207914801	1.0	200	155	200	1.0
CHH	loss	GO:0008152	metabolic process	35	AT1G11590;AT1G17150;AT1G44090;AT1G65350;AT1G71920;AT1G71930;AT1G80340;AT2G01900;AT2G04160;AT2G04350;AT2G07200;AT2G07715;AT2G11045;AT2G21100;AT2G29040;AT2G30210;AT2G38195;AT2G38220;AT2G39140;AT2G44540;AT3G09270;AT3G10950;AT3G16680;AT3G45140;AT3G50590;AT4G21640;AT5G04590;AT5G05260;AT5G13980;AT5G27870;AT5G28030;AT5G28550;AT5G39770;AT5G39920;AT5G49010	205.115	10.176039258964789	0.1706359846915145	1.0	200	155	200	1.0
CHH	loss	GO:0008610	lipid biosynthetic process	3	AT1G44090;AT1G80340;AT3G45140	15.565	3.8517236401382746	0.192740122068744	1.0	200	155	200	1.0
CHH	loss	GO:0009056	catabolic process	7	AT1G11590;AT1G65350;AT2G30210;AT3G09270;AT3G50590;AT5G27870;AT5G39770	32.365	4.895076608184979	0.21628302178279005	1.0	200	155	200	1.0
CHH	loss	GO:0009057	macromolecule catabolic process	4	AT1G11590;AT1G65350;AT5G27870;AT5G39770	17.2	3.7416573867739413	0.23255813953488372	1.0	200	155	200	1.0
CHH	loss	GO:0009058	biosynthetic process	14	AT1G44090;AT1G71920;AT1G80340;AT2G07715;AT2G11045;AT2G21100;AT2G29040;AT2G39140;AT3G10950;AT3G16680;AT3G45140;AT5G05260;AT5G28030;AT5G39920	99.155	9.238017915115728	0.1411930815390046	1.0	200	155	200	1.0
CHH	loss	GO:0009059	macromolecule biosynthetic process	7	AT2G07715;AT2G11045;AT2G29040;AT2G39140;AT3G10950;AT3G16680;AT5G39920	57.51	6.931803517123085	0.12171796209354895	1.0	200	155	200	1.0
CHH	loss	GO:0009555	pollen development	4	AT2G38195;AT2G38220;AT3G07610;AT3G50590	14.095	3.80473060807201	0.2837885775097552	1.0	200	155	200	1.0
CHH	loss	GO:0009605	response to external stimulus	7	AT1G52940;AT1G58390;AT1G71930;AT3G45140;AT4G16860;AT5G08055;AT5G52605	41.49	5.641799358360746	0.16871535309713184	1.0	200	155	200	1.0
CHH	loss	GO:0009607	response to biotic stimulus	7	AT1G52940;AT1G58390;AT1G71930;AT3G45140;AT4G16860;AT5G08055;AT5G52605	35.085	5.253358449601546	0.19951546244833973	1.0	200	155	200	1.0
CHH	loss	GO:0009620	response to fungus	6	AT1G52940;AT1G71930;AT3G45140;AT4G16860;AT5G08055;AT5G52605	10.355	3.078794406906702	0.5794302269435055	0.9502487562189055	190	155	200	1.0
CHH	loss	GO:0009628	response to abiotic stimulus	6	AT1G33910;AT1G44575;AT1G80340;AT2G01900;AT3G45140;AT5G04590	66.1	7.301369734508814	0.09077155824508322	1.0	200	155	200	1.0
CHH	loss	GO:0009719	response to endogenous stimulus	10	AT1G34170;AT1G34310;AT1G34390;AT1G34410;AT1G35240;AT1G35540;AT1G49190;AT1G71930;AT2G04160;AT3G45140	38.08	5.88248246916216	0.26260504201680673	1.0	200	155	200	1.0
CHH	loss	GO:0009725	response to hormone	10	AT1G34170;AT1G34310;AT1G34390;AT1G34410;AT1G35240;AT1G35540;AT1G49190;AT1G71930;AT2G04160;AT3G45140	38.035	5.874842551081699	0.2629157355067701	1.0	200	155	200	1.0
CHH	loss	GO:0009791	post-embryonic development	7	AT1G80340;AT2G04160;AT2G48130;AT3G07610;AT3G46330;AT3G60960;AT5G11420	49.155	6.378947797246814	0.14240667276980978	1.0	200	155	200	1.0
CHH	loss	GO:0009845	seed germination	3	AT1G80340;AT2G48130;AT5G11420	3.625	1.686527497552293	0.8275862068965517	0.736318407960199	147	155	200	1.0
CHH	loss	GO:0009889	regulation of biosynthetic process	18	AT1G19510;AT1G31640;AT1G34170;AT1G34310;AT1G34390;AT1G34410;AT1G35240;AT1G35540;AT1G49190;AT1G55950;AT1G62310;AT1G71930;AT3G03260;AT3G07610;AT3G32280;AT4G04030;AT5G04590;AT5G39690	71.295	7.814600117728349	0.25247212286976645	1.0	200	155	200	1.0
CHH	loss	GO:0009890	negative regulation of biosynthetic process	4	AT3G07610;AT3G32280;AT4G04030;AT5G04590	18.0	4.227292277569651	0.2222222222222222	1.0	200	155	200	1.0
CHH	loss	GO:0009892	negative regulation of metabolic process	4	AT3G07610;AT3G32280;AT4G04030;AT5G04590	20.55	4.29854626589036	0.194647201946472	1.0	200	155	200	1.0
CHH	loss	GO:0009987	cellular process	53	AT1G11590;AT1G17150;AT1G33910;AT1G44090;AT1G44575;AT1G49190;AT1G62310;AT1G64480;AT1G65350;AT1G71920;AT1G71930;AT1G80340;AT2G01900;AT2G04160;AT2G04350;AT2G07200;AT2G07715;AT2G11045;AT2G21100;AT2G28640;AT2G29040;AT2G30210;AT2G38195;AT2G38220;AT2G39140;AT2G44540;AT3G07610;AT3G09270;AT3G10950;AT3G16680;AT3G28345;AT3G32280;AT3G45140;AT3G46000;AT3G50590;AT4G08300;AT4G08990;AT4G12420;AT4G14140;AT4G16860;AT4G20170;AT4G21640;AT5G04590;AT5G05260;AT5G11420;AT5G13980;AT5G27870;AT5G28030;AT5G28550;AT5G39770;AT5G39920;AT5G49010;AT5G58180	337.31	8.838772539216402	0.15712549287006017	1.0	200	155	200	1.0
CHH	loss	GO:0010154	fruit development	3	AT2G48130;AT3G46330;AT3G60960	23.325	4.827978355378164	0.12861736334405144	1.0	200	155	200	1.0
CHH	loss	GO:0010467	gene expression	6	AT2G07715;AT2G11045;AT2G39140;AT3G10950;AT3G16680;AT5G39920	43.08	6.16308364376146	0.1392757660167131	1.0	200	155	200	1.0
CHH	loss	GO:0010468	regulation of gene expression	18	AT1G19510;AT1G31640;AT1G34170;AT1G34310;AT1G34390;AT1G34410;AT1G35240;AT1G35540;AT1G49190;AT1G55950;AT1G62310;AT1G71930;AT3G03260;AT3G07610;AT3G32280;AT4G04030;AT5G04590;AT5G39690	65.64	7.553171519302344	0.2742230347349177	1.0	200	155	200	1.0
CHH	loss	GO:0010556	regulation of macromolecule biosynthetic process	18	AT1G19510;AT1G31640;AT1G34170;AT1G34310;AT1G34390;AT1G34410;AT1G35240;AT1G35540;AT1G49190;AT1G55950;AT1G62310;AT1G71930;AT3G03260;AT3G07610;AT3G32280;AT4G04030;AT5G04590;AT5G39690	67.235	7.684385141310943	0.2677177065516472	1.0	200	155	200	1.0
CHH	loss	GO:0010558	negative regulation of macromolecule biosynthetic process	4	AT3G07610;AT3G32280;AT4G04030;AT5G04590	17.47	4.103547245981224	0.2289639381797367	1.0	200	155	200	1.0
CHH	loss	GO:0010605	negative regulation of macromolecule metabolic process	4	AT3G07610;AT3G32280;AT4G04030;AT5G04590	18.895	4.109011438290232	0.21169621593014026	1.0	200	155	200	1.0
CHH	loss	GO:0016043	cellular component organization	12	AT1G11590;AT1G44575;AT1G62310;AT2G39140;AT3G07610;AT3G32280;AT3G46000;AT3G50590;AT5G11420;AT5G27870;AT5G39770;AT5G58180	71.295	7.103377717677715	0.1683147485798443	1.0	200	155	200	1.0
CHH	loss	GO:0016070	RNA metabolic process	4	AT2G11045;AT2G39140;AT3G16680;AT5G39920	37.065	5.7237029098303305	0.10791852151625524	1.0	200	155	200	1.0
CHH	loss	GO:0019219	regulation of nucleobase-containing compound metabolic process	15	AT1G19510;AT1G31640;AT1G34170;AT1G34310;AT1G34390;AT1G34410;AT1G35240;AT1G35540;AT1G49190;AT1G55950;AT1G71930;AT3G03260;AT4G04030;AT5G04590;AT5G39690	54.85	6.782882867925714	0.27347310847766637	1.0	200	155	200	1.0
CHH	loss	GO:0019222	regulation of metabolic process	19	AT1G19510;AT1G31640;AT1G34170;AT1G34310;AT1G34390;AT1G34410;AT1G35240;AT1G35540;AT1G49190;AT1G55950;AT1G62310;AT1G71930;AT2G01900;AT3G03260;AT3G07610;AT3G32280;AT4G04030;AT5G04590;AT5G39690	80.405	8.143155101064908	0.23630371245569304	1.0	200	155	200	1.0
CHH	loss	GO:0019538	protein metabolic process	11	AT1G65350;AT2G04160;AT2G07200;AT2G07715;AT2G29040;AT2G38195;AT2G38220;AT2G39140;AT3G10950;AT4G21640;AT5G28550	63.275	7.021351365656049	0.17384433030422758	1.0	200	155	200	1.0
CHH	loss	GO:0019748	secondary metabolic process	3	AT2G21100;AT2G30210;AT3G09270	5.93	2.18748714281936	0.5059021922428331	0.9552238805970149	191	155	200	1.0
CHH	loss	GO:0019752	carboxylic acid metabolic process	6	AT1G44090;AT1G71920;AT1G80340;AT2G04350;AT3G45140;AT5G28030	22.23	4.326326386208045	0.2699055330634278	1.0	200	155	200	1.0
CHH	loss	GO:0022414	reproductive process	5	AT2G48130;AT3G07610;AT3G46330;AT3G60960;AT5G39770	55.26	6.768485798167878	0.09048136083966703	1.0	200	155	200	1.0
CHH	loss	GO:0022607	cellular component assembly	3	AT3G07610;AT3G32280;AT3G50590	20.405	4.4967738435460545	0.14702278853222248	1.0	200	155	200	1.0
CHH	loss	GO:0023052	signaling	4	AT1G33910;AT1G49190;AT1G64480;AT4G16860	36.14	5.452559032234307	0.11068068622025456	1.0	200	155	200	1.0
CHH	loss	GO:0032501	multicellular organismal process	10	AT1G80340;AT2G04160;AT2G38195;AT2G38220;AT2G48130;AT3G07610;AT3G46330;AT3G50590;AT3G60960;AT5G11420	91.615	7.889662540311939	0.10915243137040878	1.0	200	155	200	1.0
CHH	loss	GO:0032502	developmental process	12	AT1G71930;AT1G80340;AT2G04160;AT2G38195;AT2G38220;AT2G48130;AT3G07610;AT3G46330;AT3G50590;AT3G60960;AT4G12420;AT5G11420	97.665	8.022018137600998	0.12286899093841191	1.0	200	155	200	1.0
CHH	loss	GO:0032774	RNA biosynthetic process	4	AT2G11045;AT2G39140;AT3G16680;AT5G39920	26.28	4.76671794844209	0.15220700152207	1.0	200	155	200	1.0
CHH	loss	GO:0033554	cellular response to stress	3	AT1G33910;AT2G01900;AT5G39770	31.45	5.288430769141266	0.09538950715421304	1.0	200	155	200	1.0
CHH	loss	GO:0034654	nucleobase-containing compound biosynthetic process	4	AT2G11045;AT2G39140;AT3G16680;AT5G39920	33.87	5.454640226449415	0.118098612341305	1.0	200	155	200	1.0
CHH	loss	GO:0035556	intracellular signal transduction	3	AT1G33910;AT1G49190;AT1G64480	11.74	3.3365251385236094	0.2555366269165247	1.0	200	155	200	1.0
CHH	loss	GO:0040029	epigenetic regulation of gene expression	3	AT1G62310;AT3G07610;AT3G32280	9.13	2.9022577418279014	0.32858707557502737	0.9950248756218906	199	155	200	1.0
CHH	loss	GO:0042221	response to chemical	13	AT1G34170;AT1G34310;AT1G34390;AT1G34410;AT1G35240;AT1G35540;AT1G49190;AT1G71930;AT2G01900;AT2G04160;AT3G09270;AT3G45140;AT5G28030	76.715	7.74298230657929	0.169458384931239	1.0	200	155	200	1.0
CHH	loss	GO:0043170	macromolecule metabolic process	19	AT1G11590;AT1G65350;AT1G71930;AT2G04160;AT2G07200;AT2G07715;AT2G11045;AT2G29040;AT2G38195;AT2G38220;AT2G39140;AT3G10950;AT3G16680;AT4G21640;AT5G27870;AT5G28550;AT5G39770;AT5G39920;AT5G49010	126.56	9.40937830039791	0.15012642225031606	1.0	200	155	200	1.0
CHH	loss	GO:0043207	response to external biotic stimulus	7	AT1G52940;AT1G58390;AT1G71930;AT3G45140;AT4G16860;AT5G08055;AT5G52605	34.985	5.243546032981868	0.20008575103615836	1.0	200	155	200	1.0
CHH	loss	GO:0043412	macromolecule modification	4	AT2G11045;AT2G38195;AT2G38220;AT2G39140	38.03	5.863369338528838	0.10518012095713909	1.0	200	155	200	1.0
CHH	loss	GO:0043436	oxoacid metabolic process	7	AT1G44090;AT1G71920;AT1G80340;AT2G04350;AT3G45140;AT5G05260;AT5G28030	24.36	4.629298002937387	0.28735632183908044	1.0	200	155	200	1.0
CHH	loss	GO:0044085	cellular component biogenesis	6	AT2G11045;AT2G39140;AT3G07610;AT3G32280;AT3G50590;AT4G20170	30.125	5.529862114013334	0.1991701244813278	1.0	200	155	200	1.0
CHH	loss	GO:0044238	primary metabolic process	29	AT1G11590;AT1G17150;AT1G44090;AT1G65350;AT1G71920;AT1G71930;AT1G80340;AT2G01900;AT2G04160;AT2G04350;AT2G07200;AT2G07715;AT2G11045;AT2G29040;AT2G38195;AT2G38220;AT2G39140;AT2G44540;AT3G10950;AT3G16680;AT3G45140;AT4G21640;AT5G13980;AT5G27870;AT5G28030;AT5G28550;AT5G39770;AT5G39920;AT5G49010	177.38	9.822708384147603	0.16349081068891647	1.0	200	155	200	1.0
CHH	loss	GO:0044281	small molecule metabolic process	8	AT1G44090;AT1G71920;AT1G80340;AT2G04350;AT3G45140;AT5G05260;AT5G13980;AT5G28030	38.14	6.0266408554019595	0.2097535395909806	1.0	200	155	200	1.0
CHH	loss	GO:0044283	small molecule biosynthetic process	5	AT1G44090;AT1G71920;AT1G80340;AT3G45140;AT5G28030	16.265	4.00933597993483	0.3074085459575776	1.0	200	155	200	1.0
CHH	loss	GO:0044419	biological process involved in interspecies interaction between organisms	7	AT1G52940;AT1G58390;AT1G71930;AT3G45140;AT4G16860;AT5G08055;AT5G52605	35.395	5.240131200647536	0.19776804633422798	1.0	200	155	200	1.0
CHH	loss	GO:0045229	external encapsulating structure organization	3	AT1G11590;AT5G11420;AT5G27870	10.285	2.8537300152607274	0.2916869227029655	1.0	200	155	200	1.0
CHH	loss	GO:0046394	carboxylic acid biosynthetic process	5	AT1G44090;AT1G71920;AT1G80340;AT3G45140;AT5G28030	12.58	3.363569532505606	0.397456279809221	1.0	200	155	200	1.0
CHH	loss	GO:0048229	gametophyte development	4	AT2G38195;AT2G38220;AT3G07610;AT3G50590	18.195	4.203210082781973	0.21984061555372356	1.0	200	155	200	1.0
CHH	loss	GO:0048316	seed development	3	AT2G48130;AT3G46330;AT3G60960	22.17	4.761417856059249	0.13531799729364005	1.0	200	155	200	1.0
CHH	loss	GO:0048519	negative regulation of biological process	4	AT3G07610;AT3G32280;AT4G04030;AT5G04590	34.835	5.597122028328485	0.11482704176833644	1.0	200	155	200	1.0
CHH	loss	GO:0048523	negative regulation of cellular process	4	AT3G07610;AT3G32280;AT4G04030;AT5G04590	27.615	4.998677325053106	0.14484881405033498	1.0	200	155	200	1.0
CHH	loss	GO:0048608	reproductive structure development	4	AT2G48130;AT3G07610;AT3G46330;AT3G60960	40.28	6.047445741798744	0.09930486593843098	1.0	200	155	200	1.0
CHH	loss	GO:0048731	system development	5	AT2G04160;AT2G48130;AT3G07610;AT3G46330;AT3G60960	63.72	6.953531476882838	0.07846829880728186	1.0	200	155	200	1.0
CHH	loss	GO:0048856	anatomical structure development	12	AT1G71930;AT1G80340;AT2G04160;AT2G38195;AT2G38220;AT2G48130;AT3G07610;AT3G46330;AT3G50590;AT3G60960;AT4G12420;AT5G11420	95.555	8.088076100037528	0.1255821254774737	1.0	200	155	200	1.0
CHH	loss	GO:0050789	regulation of biological process	22	AT1G19510;AT1G31640;AT1G33910;AT1G34170;AT1G34310;AT1G34390;AT1G34410;AT1G35240;AT1G35540;AT1G49190;AT1G55950;AT1G62310;AT1G64480;AT1G71930;AT2G01900;AT3G03260;AT3G07610;AT3G32280;AT4G04030;AT4G16860;AT5G04590;AT5G39690	137.235	9.575999947785991	0.16030895908478157	1.0	200	155	200	1.0
CHH	loss	GO:0050794	regulation of cellular process	22	AT1G19510;AT1G31640;AT1G33910;AT1G34170;AT1G34310;AT1G34390;AT1G34410;AT1G35240;AT1G35540;AT1G49190;AT1G55950;AT1G62310;AT1G64480;AT1G71930;AT2G01900;AT3G03260;AT3G07610;AT3G32280;AT4G04030;AT4G16860;AT5G04590;AT5G39690	124.315	9.698751208274235	0.17696979447371597	1.0	200	155	200	1.0
CHH	loss	GO:0050832	defense response to fungus	5	AT1G52940;AT1G71930;AT4G16860;AT5G08055;AT5G52605	7.7	2.555386467836125	0.6493506493506493	0.9054726368159204	181	155	200	1.0
CHH	loss	GO:0050896	response to stimulus	25	AT1G33910;AT1G34170;AT1G34310;AT1G34390;AT1G34410;AT1G35240;AT1G35540;AT1G44575;AT1G49190;AT1G52940;AT1G58390;AT1G64480;AT1G70840;AT1G71930;AT1G80340;AT2G01900;AT2G04160;AT3G09270;AT3G45140;AT4G16860;AT5G04590;AT5G08055;AT5G28030;AT5G39770;AT5G52605	155.29	9.087128259246892	0.16098911713568165	1.0	200	155	200	1.0
CHH	loss	GO:0051179	localization	5	AT2G28640;AT2G48130;AT3G28345;AT4G08300;AT5G58180	75.455	6.886071085895083	0.0662646610562587	1.0	200	155	200	1.0
CHH	loss	GO:0051234	establishment of localization	5	AT2G28640;AT2G48130;AT3G28345;AT4G08300;AT5G58180	71.08	6.878488205994135	0.07034327518289252	1.0	200	155	200	1.0
CHH	loss	GO:0051252	regulation of RNA metabolic process	15	AT1G19510;AT1G31640;AT1G34170;AT1G34310;AT1G34390;AT1G34410;AT1G35240;AT1G35540;AT1G49190;AT1G55950;AT1G71930;AT3G03260;AT4G04030;AT5G04590;AT5G39690	52.03	6.735658839341545	0.2882952142994426	1.0	200	155	200	1.0
CHH	loss	GO:0051707	response to other organism	7	AT1G52940;AT1G58390;AT1G71930;AT3G45140;AT4G16860;AT5G08055;AT5G52605	34.985	5.243546032981868	0.20008575103615836	1.0	200	155	200	1.0
CHH	loss	GO:0051716	cellular response to stimulus	7	AT1G33910;AT1G49190;AT1G64480;AT1G71930;AT2G01900;AT4G16860;AT5G39770	71.55	7.531102176972548	0.09783368273934312	1.0	200	155	200	1.0
CHH	loss	GO:0060255	regulation of macromolecule metabolic process	18	AT1G19510;AT1G31640;AT1G34170;AT1G34310;AT1G34390;AT1G34410;AT1G35240;AT1G35540;AT1G49190;AT1G55950;AT1G62310;AT1G71930;AT3G03260;AT3G07610;AT3G32280;AT4G04030;AT5G04590;AT5G39690	71.38	7.629914809485126	0.2521714766040908	1.0	200	155	200	1.0
CHH	loss	GO:0061458	reproductive system development	4	AT2G48130;AT3G07610;AT3G46330;AT3G60960	40.28	6.047445741798744	0.09930486593843098	1.0	200	155	200	1.0
CHH	loss	GO:0065007	biological regulation	22	AT1G19510;AT1G31640;AT1G33910;AT1G34170;AT1G34310;AT1G34390;AT1G34410;AT1G35240;AT1G35540;AT1G49190;AT1G55950;AT1G62310;AT1G64480;AT1G71930;AT2G01900;AT3G03260;AT3G07610;AT3G32280;AT4G04030;AT4G16860;AT5G04590;AT5G39690	143.735	9.534399561587264	0.1530594496817059	1.0	200	155	200	1.0
CHH	loss	GO:0070887	cellular response to chemical stimulus	3	AT1G49190;AT1G71930;AT2G01900	33.615	5.024616900819389	0.0892458723784025	1.0	200	155	200	1.0
CHH	loss	GO:0071554	cell wall organization or biogenesis	4	AT1G11590;AT4G20170;AT5G11420;AT5G27870	14.005	3.0748943071266677	0.2856122813280971	1.0	200	155	200	1.0
CHH	loss	GO:0071555	cell wall organization	3	AT1G11590;AT5G11420;AT5G27870	8.49	2.5079673044120816	0.35335689045936397	0.9950248756218906	199	155	200	1.0
CHH	loss	GO:0071840	cellular component organization or biogenesis	14	AT1G11590;AT1G44575;AT1G62310;AT2G11045;AT2G39140;AT3G07610;AT3G32280;AT3G46000;AT3G50590;AT4G20170;AT5G11420;AT5G27870;AT5G39770;AT5G58180	78.585	7.421103354623318	0.178151046637399	1.0	200	155	200	1.0
CHH	loss	GO:0080090	regulation of primary metabolic process	15	AT1G19510;AT1G31640;AT1G34170;AT1G34310;AT1G34390;AT1G34410;AT1G35240;AT1G35540;AT1G49190;AT1G55950;AT1G71930;AT3G03260;AT4G04030;AT5G04590;AT5G39690	63.485	7.088002186794245	0.23627628573678822	1.0	200	155	200	1.0
CHH	loss	GO:0090304	nucleic acid metabolic process	6	AT2G11045;AT2G39140;AT3G16680;AT5G39770;AT5G39920;AT5G49010	52.31	6.897383561902253	0.11470082202255782	1.0	200	155	200	1.0
CHH	loss	GO:0090351	seedling development	3	AT1G80340;AT2G48130;AT5G11420	4.285	1.8476403870883527	0.7001166861143524	0.8407960199004975	168	155	200	1.0
CHH	loss	GO:0141187	nucleic acid biosynthetic process	4	AT2G11045;AT2G39140;AT3G16680;AT5G39920	28.13	4.890102248419771	0.14219694276573056	1.0	200	155	200	1.0
CHH	loss	GO:0160109	plant gross anatomical part developmental process	9	AT1G71930;AT2G04160;AT2G38195;AT2G38220;AT2G48130;AT3G07610;AT3G46330;AT3G50590;AT3G60960	77.01	7.549165516797117	0.1168679392286716	1.0	200	155	200	1.0
CHH	loss	GO:0160307	protein biosynthetic process	3	AT2G07715;AT2G39140;AT3G10950	9.76	3.0003999733368896	0.3073770491803279	0.9950248756218906	199	155	200	1.0
CHH	loss	GO:2001141	regulation of RNA biosynthetic process	15	AT1G19510;AT1G31640;AT1G34170;AT1G34310;AT1G34390;AT1G34410;AT1G35240;AT1G35540;AT1G49190;AT1G55950;AT1G71930;AT3G03260;AT4G04030;AT5G04590;AT5G39690	49.84	6.429961119633578	0.30096308186195825	1.0	200	155	200	1.0
